{"textures":{"0":"modelengine:entity/nocsy_zvarikia_chimere"},"elements":[{"from":[2.525,5.5,4.45],"to":[13.475,13.05,11.35],"faces":{"east":{"uv":[4.4375,6.75,4.875,7.21875],"tintindex":0,"rotation":0,"texture":"#0"},"south":{"uv":[0.0,4.96875,0.6875,5.4375],"tintindex":0,"rotation":0,"texture":"#0"},"north":{"uv":[4.28125,4.9375,4.96875,5.40625],"tintindex":0,"rotation":0,"texture":"#0"},"west":{"uv":[4.875,6.75,5.3125,7.21875],"tintindex":0,"rotation":0,"texture":"#0"},"up":{"uv":[0.6875,5.875,0.0,5.4375],"tintindex":0,"rotation":0,"texture":"#0"},"down":{"uv":[6.21875,2.6875,5.53125,3.125],"tintindex":0,"rotation":0,"texture":"#0"}}},{"from":[-0.14999962,17.232594,15.056641],"to":[16.15,22.132595,16.656641],"faces":{"east":{"uv":[2.84375,6.5625,2.9375,6.875],"tintindex":0,"rotation":0,"texture":"#0"},"south":{"uv":[4.9375,3.6875,5.96875,4.0],"tintindex":0,"rotation":0,"texture":"#0"},"north":{"uv":[4.84375,4.15625,5.875,4.46875],"tintindex":0,"rotation":0,"texture":"#0"},"west":{"uv":[5.125,7.21875,5.21875,7.53125],"tintindex":0,"rotation":0,"texture":"#0"},"up":{"uv":[9.65625,2.875,8.625,2.78125],"tintindex":0,"rotation":0,"texture":"#0"},"down":{"uv":[9.65625,8.3125,8.625,8.40625],"tintindex":0,"rotation":0,"texture":"#0"}},"rotation":{"origin":[12.225,19.682594,14.63164],"angle":45.0,"axis":"x"}},{"from":[3.775,15.382594,10.306641],"to":[12.225,22.132595,15.056641],"faces":{"east":{"uv":[1.4375,8.125,1.75,8.5625],"tintindex":0,"rotation":0,"texture":"#0"},"south":{"uv":[6.4375,6.40625,6.96875,6.84375],"tintindex":0,"rotation":0,"texture":"#0"},"north":{"uv":[6.4375,5.96875,6.96875,6.40625],"tintindex":0,"rotation":0,"texture":"#0"},"west":{"uv":[5.09375,8.125,5.40625,8.5625],"tintindex":0,"rotation":0,"texture":"#0"},"up":{"uv":[3.3125,0.96875,2.78125,0.65625],"tintindex":0,"rotation":0,"texture":"#0"},"down":{"uv":[8.0,3.53125,7.46875,3.84375],"tintindex":0,"rotation":0,"texture":"#0"}},"rotation":{"origin":[7.9,19.682594,14.63164],"angle":45.0,"axis":"x"}},{"from":[0.90625,13.05,11.95],"to":[15.09375,17.95,13.7],"faces":{"east":{"uv":[3.375,0.0,3.5,0.3125],"tintindex":0,"rotation":0,"texture":"#0"},"south":{"uv":[3.90625,5.8125,4.78125,6.125],"tintindex":0,"rotation":0,"texture":"#0"},"north":{"uv":[5.78125,0.375,6.65625,0.6875],"tintindex":0,"rotation":0,"texture":"#0"},"west":{"uv":[2.34375,5.4375,2.46875,5.75],"tintindex":0,"rotation":0,"texture":"#0"},"up":{"uv":[9.1875,2.625,8.3125,2.5],"tintindex":0,"rotation":0,"texture":"#0"},"down":{"uv":[9.25,5.46875,8.375,5.59375],"tintindex":0,"rotation":0,"texture":"#0"}},"rotation":{"origin":[9.56875,15.500001,11.925],"angle":22.5,"axis":"x"}},{"from":[1.6374998,7.55,10.85],"to":[14.3625,13.400001,12.45],"faces":{"east":{"uv":[1.96875,5.84375,2.0625,6.21875],"tintindex":0,"rotation":0,"texture":"#0"},"south":{"uv":[5.40625,5.6875,6.1875,6.0625],"tintindex":0,"rotation":0,"texture":"#0"},"north":{"uv":[5.6875,5.25,6.46875,5.625],"tintindex":0,"rotation":0,"texture":"#0"},"west":{"uv":[5.875,4.4375,5.96875,4.8125],"tintindex":0,"rotation":0,"texture":"#0"},"up":{"uv":[9.6875,0.71875,8.90625,0.625],"tintindex":0,"rotation":0,"texture":"#0"},"down":{"uv":[9.6875,4.90625,8.90625,5.0],"tintindex":0,"rotation":0,"texture":"#0"}}},{"from":[3.0749998,10.05,6.3],"to":[12.925,17.95,12.2],"faces":{"east":{"uv":[0.0,7.15625,0.375,7.65625],"tintindex":0,"rotation":0,"texture":"#0"},"south":{"uv":[5.3125,2.1875,5.9375,2.6875],"tintindex":0,"rotation":0,"texture":"#0"},"north":{"uv":[0.6875,5.28125,1.3125,5.78125],"tintindex":0,"rotation":0,"texture":"#0"},"west":{"uv":[5.78125,7.28125,6.15625,7.78125],"tintindex":0,"rotation":0,"texture":"#0"},"up":{"uv":[2.96875,6.5625,2.34375,6.1875],"tintindex":0,"rotation":0,"texture":"#0"},"down":{"uv":[0.625,6.3125,0.0,6.6875],"tintindex":0,"rotation":0,"texture":"#0"}},"rotation":{"origin":[12.0,15.500001,11.925],"angle":22.5,"axis":"x"}}],"display":{"gui":{"rotation":[30,225,0]}}}