{"textures":{"0":"modelengine:entity/nocsy_zvarikia_chimere"},"elements":[{"from":[1.875,9.35,4.3500004],"to":[14.125,12.1,14.625002],"faces":{"east":{"uv":[8.28125,0.84375,8.9375,1.03125],"tintindex":0,"rotation":0,"texture":"#0"},"south":{"uv":[7.9375,5.03125,8.71875,5.21875],"tintindex":0,"rotation":0,"texture":"#0"},"north":{"uv":[7.9375,2.90625,8.71875,3.09375],"tintindex":0,"rotation":0,"texture":"#0"},"west":{"uv":[8.28125,6.9375,8.9375,7.125],"tintindex":0,"rotation":0,"texture":"#0"},"up":{"uv":[2.09375,0.65625,1.3125,0.0],"tintindex":0,"rotation":0,"texture":"#0"},"down":{"uv":[0.78125,1.78125,0.0,2.4375],"tintindex":0,"rotation":0,"texture":"#0"}}},{"from":[3.4499998,8.799999,20.9],"to":[12.55,11.75,30.074999],"faces":{"east":{"uv":[8.59375,5.59375,9.15625,5.78125],"tintindex":0,"rotation":0,"texture":"#0"},"south":{"uv":[7.3125,8.59375,7.875,8.78125],"tintindex":0,"rotation":0,"texture":"#0"},"north":{"uv":[5.84375,8.46875,6.40625,8.65625],"tintindex":0,"rotation":0,"texture":"#0"},"west":{"uv":[1.40625,8.625,1.96875,8.8125],"tintindex":0,"rotation":0,"texture":"#0"},"up":{"uv":[4.09375,5.5625,3.53125,5.0],"tintindex":0,"rotation":0,"texture":"#0"},"down":{"uv":[3.0625,5.1875,2.5,5.75],"tintindex":0,"rotation":0,"texture":"#0"}}},{"from":[7.525,11.799999,4.3500004],"to":[14.125,14.549999,14.625002],"faces":{"east":{"uv":[8.625,2.625,9.28125,2.78125],"tintindex":0,"rotation":0,"texture":"#0"},"south":{"uv":[0.9375,9.1875,1.34375,9.34375],"tintindex":0,"rotation":0,"texture":"#0"},"north":{"uv":[1.3125,5.28125,1.71875,5.4375],"tintindex":0,"rotation":0,"texture":"#0"},"west":{"uv":[8.625,5.78125,9.28125,5.9375],"tintindex":0,"rotation":0,"texture":"#0"},"up":{"uv":[1.96875,6.5,1.5625,5.84375],"tintindex":0,"rotation":0,"texture":"#0"},"down":{"uv":[6.375,0.6875,5.96875,1.34375],"tintindex":0,"rotation":0,"texture":"#0"}},"rotation":{"origin":[8.0,13.424999,9.487501],"angle":-22.5,"axis":"z"}},{"from":[7.7,11.049999,14.550001],"to":[13.45,14.15,20.925001],"faces":{"east":{"uv":[1.8125,9.0625,2.21875,9.25],"tintindex":0,"rotation":0,"texture":"#0"},"south":{"uv":[7.71875,9.15625,8.0625,9.34375],"tintindex":0,"rotation":0,"texture":"#0"},"north":{"uv":[7.375,9.15625,7.71875,9.34375],"tintindex":0,"rotation":0,"texture":"#0"},"west":{"uv":[9.0625,1.96875,9.46875,2.15625],"tintindex":0,"rotation":0,"texture":"#0"},"up":{"uv":[8.375,2.28125,8.03125,1.875],"tintindex":0,"rotation":0,"texture":"#0"},"down":{"uv":[3.5,8.03125,3.15625,8.4375],"tintindex":0,"rotation":0,"texture":"#0"}},"rotation":{"origin":[8.0,13.35,17.737501],"angle":-22.5,"axis":"z"}},{"from":[7.85,11.799999,20.9],"to":[12.7,13.6,30.074999],"faces":{"east":{"uv":[9.125,7.875,9.6875,8.0],"tintindex":0,"rotation":0,"texture":"#0"},"south":{"uv":[0.375,9.375,0.6875,9.5],"tintindex":0,"rotation":0,"texture":"#0"},"north":{"uv":[9.34375,9.34375,9.65625,9.46875],"tintindex":0,"rotation":0,"texture":"#0"},"west":{"uv":[9.125,8.0,9.6875,8.125],"tintindex":0,"rotation":0,"texture":"#0"},"up":{"uv":[1.125,8.15625,0.8125,7.59375],"tintindex":0,"rotation":0,"texture":"#0"},"down":{"uv":[1.4375,7.59375,1.125,8.15625],"tintindex":0,"rotation":0,"texture":"#0"}},"rotation":{"origin":[8.0,13.275,25.487501],"angle":-22.5,"axis":"z"}},{"from":[2.6750002,3.5499997,4.75],"to":[13.325,10.45,14.500002],"faces":{"east":{"uv":[0.0,5.875,0.625,6.3125],"tintindex":0,"rotation":0,"texture":"#0"},"south":{"uv":[5.8125,3.125,6.46875,3.5625],"tintindex":0,"rotation":0,"texture":"#0"},"north":{"uv":[2.34375,5.75,3.0,6.1875],"tintindex":0,"rotation":0,"texture":"#0"},"west":{"uv":[5.875,4.0,6.5,4.4375],"tintindex":0,"rotation":0,"texture":"#0"},"up":{"uv":[1.53125,3.34375,0.875,2.71875],"tintindex":0,"rotation":0,"texture":"#0"},"down":{"uv":[2.1875,2.71875,1.53125,3.34375],"tintindex":0,"rotation":0,"texture":"#0"}}},{"from":[2.5500002,11.049999,14.550001],"to":[8.3,14.15,20.925001],"faces":{"east":{"uv":[9.0625,1.59375,9.46875,1.78125],"tintindex":0,"rotation":0,"texture":"#0"},"south":{"uv":[9.15625,5.59375,9.5,5.78125],"tintindex":0,"rotation":0,"texture":"#0"},"north":{"uv":[4.53125,9.15625,4.875,9.34375],"tintindex":0,"rotation":0,"texture":"#0"},"west":{"uv":[9.0625,1.78125,9.46875,1.96875],"tintindex":0,"rotation":0,"texture":"#0"},"up":{"uv":[8.3125,3.5,7.96875,3.09375],"tintindex":0,"rotation":0,"texture":"#0"},"down":{"uv":[8.375,1.46875,8.03125,1.875],"tintindex":0,"rotation":0,"texture":"#0"}},"rotation":{"origin":[8.0,13.35,17.737501],"angle":22.5,"axis":"z"}},{"from":[2.65,9.2,14.550001],"to":[13.35,12.0,20.925001],"faces":{"east":{"uv":[0.53125,9.0625,0.9375,9.25],"tintindex":0,"rotation":0,"texture":"#0"},"south":{"uv":[8.28125,7.3125,8.9375,7.5],"tintindex":0,"rotation":0,"texture":"#0"},"north":{"uv":[8.28125,7.125,8.9375,7.3125],"tintindex":0,"rotation":0,"texture":"#0"},"west":{"uv":[9.0625,1.40625,9.46875,1.59375],"tintindex":0,"rotation":0,"texture":"#0"},"up":{"uv":[6.59375,2.5,5.9375,2.09375],"tintindex":0,"rotation":0,"texture":"#0"},"down":{"uv":[6.625,1.34375,5.96875,1.75],"tintindex":0,"rotation":0,"texture":"#0"}}},{"from":[4.2,4.05,20.800001],"to":[11.8,10.45,27.15],"faces":{"east":{"uv":[7.625,1.5625,8.03125,1.96875],"tintindex":0,"rotation":0,"texture":"#0"},"south":{"uv":[5.3125,7.15625,5.78125,7.5625],"tintindex":0,"rotation":0,"texture":"#0"},"north":{"uv":[7.15625,1.96875,7.625,2.375],"tintindex":0,"rotation":0,"texture":"#0"},"west":{"uv":[7.625,1.96875,8.03125,2.375],"tintindex":0,"rotation":0,"texture":"#0"},"up":{"uv":[7.65625,7.09375,7.1875,6.6875],"tintindex":0,"rotation":0,"texture":"#0"},"down":{"uv":[4.65625,7.21875,4.1875,7.625],"tintindex":0,"rotation":0,"texture":"#0"}}},{"from":[1.875,11.799999,4.3500004],"to":[8.475,14.549999,14.625002],"faces":{"east":{"uv":[8.625,5.9375,9.28125,6.09375],"tintindex":0,"rotation":0,"texture":"#0"},"south":{"uv":[9.1875,3.375,9.59375,3.53125],"tintindex":0,"rotation":0,"texture":"#0"},"north":{"uv":[9.1875,3.21875,9.59375,3.375],"tintindex":0,"rotation":0,"texture":"#0"},"west":{"uv":[8.625,8.15625,9.28125,8.3125],"tintindex":0,"rotation":0,"texture":"#0"},"up":{"uv":[6.40625,5.09375,6.0,4.4375],"tintindex":0,"rotation":0,"texture":"#0"},"down":{"uv":[5.8125,6.0625,5.40625,6.71875],"tintindex":0,"rotation":0,"texture":"#0"}},"rotation":{"origin":[8.0,13.424999,9.487501],"angle":22.5,"axis":"z"}},{"from":[3.3000002,11.799999,20.9],"to":[8.15,13.6,30.074999],"faces":{"east":{"uv":[9.125,3.09375,9.6875,3.21875],"tintindex":0,"rotation":0,"texture":"#0"},"south":{"uv":[9.34375,9.21875,9.65625,9.34375],"tintindex":0,"rotation":0,"texture":"#0"},"north":{"uv":[7.65625,9.34375,7.96875,9.46875],"tintindex":0,"rotation":0,"texture":"#0"},"west":{"uv":[9.125,6.25,9.6875,6.375],"tintindex":0,"rotation":0,"texture":"#0"},"up":{"uv":[5.4375,8.125,5.125,7.5625],"tintindex":0,"rotation":0,"texture":"#0"},"down":{"uv":[5.75,7.5625,5.4375,8.125],"tintindex":0,"rotation":0,"texture":"#0"}},"rotation":{"origin":[8.0,13.275,25.487501],"angle":22.5,"axis":"z"}},{"from":[3.4,3.7999997,14.500002],"to":[12.6,10.45,20.800001],"faces":{"east":{"uv":[3.96875,7.625,4.375,8.03125],"tintindex":0,"rotation":0,"texture":"#0"},"south":{"uv":[6.46875,4.9375,7.03125,5.34375],"tintindex":0,"rotation":0,"texture":"#0"},"north":{"uv":[6.46875,3.125,7.03125,3.53125],"tintindex":0,"rotation":0,"texture":"#0"},"west":{"uv":[4.375,7.625,4.78125,8.03125],"tintindex":0,"rotation":0,"texture":"#0"},"up":{"uv":[6.375,6.875,5.8125,6.46875],"tintindex":0,"rotation":0,"texture":"#0"},"down":{"uv":[1.8125,6.5,1.25,6.90625],"tintindex":0,"rotation":0,"texture":"#0"}}}],"display":{"gui":{"rotation":[30,225,0]}}}