{"textures":{"0":"modelengine:entity/nocsy_zvarikia_chimere"},"elements":[{"from":[0.8000002,10.35,5.25],"to":[15.2,12.8,11.05],"faces":{"east":{"uv":[8.4375,9.21875,8.8125,9.375],"tintindex":0,"rotation":0,"texture":"#0"},"south":{"uv":[7.8125,6.53125,8.71875,6.6875],"tintindex":0,"rotation":0,"texture":"#0"},"north":{"uv":[4.9375,4.0,5.84375,4.15625],"tintindex":0,"rotation":0,"texture":"#0"},"west":{"uv":[8.96875,9.21875,9.34375,9.375],"tintindex":0,"rotation":0,"texture":"#0"},"up":{"uv":[4.125,4.125,3.21875,3.75],"tintindex":0,"rotation":0,"texture":"#0"},"down":{"uv":[4.78125,2.875,3.875,3.25],"tintindex":0,"rotation":0,"texture":"#0"}},"rotation":{"origin":[7.875,11.0,7.35],"angle":22.5,"axis":"x"}},{"from":[1.125,14.612774,1.4178839],"to":[14.875,18.962772,2.8678837],"faces":{"east":{"uv":[0.65625,2.4375,0.75,2.71875],"tintindex":0,"rotation":0,"texture":"#0"},"south":{"uv":[4.53125,6.21875,5.40625,6.5],"tintindex":0,"rotation":0,"texture":"#0"},"north":{"uv":[6.21875,2.84375,7.09375,3.125],"tintindex":0,"rotation":0,"texture":"#0"},"west":{"uv":[4.84375,5.40625,4.9375,5.6875],"tintindex":0,"rotation":0,"texture":"#0"},"up":{"uv":[5.90625,3.6875,5.03125,3.59375],"tintindex":0,"rotation":0,"texture":"#0"},"down":{"uv":[9.53125,2.15625,8.65625,2.25],"tintindex":0,"rotation":0,"texture":"#0"}},"rotation":{"origin":[8.7,16.862774,1.4178839],"angle":-22.5,"axis":"x"}},{"from":[2.1,11.962773,-5.4321156],"to":[13.9,18.962772,1.7178841],"faces":{"east":{"uv":[6.96875,5.8125,7.40625,6.25],"tintindex":0,"rotation":0,"texture":"#0"},"south":{"uv":[4.3125,1.875,5.0625,2.3125],"tintindex":0,"rotation":0,"texture":"#0"},"north":{"uv":[4.28125,3.25,5.03125,3.6875],"tintindex":0,"rotation":0,"texture":"#0"},"west":{"uv":[6.96875,6.25,7.40625,6.6875],"tintindex":0,"rotation":0,"texture":"#0"},"up":{"uv":[5.3125,2.75,4.5625,2.3125],"tintindex":0,"rotation":0,"texture":"#0"},"down":{"uv":[4.28125,4.5625,3.53125,5.0],"tintindex":0,"rotation":0,"texture":"#0"}},"rotation":{"origin":[6.925,16.862774,1.4178839],"angle":-22.5,"axis":"x"}},{"from":[0.5,12.97724,1.7220469],"to":[15.5,14.97724,5.9220467],"faces":{"east":{"uv":[5.0625,2.1875,5.3125,2.3125],"tintindex":0,"rotation":0,"texture":"#0"},"south":{"uv":[8.3125,2.375,9.25,2.5],"tintindex":0,"rotation":0,"texture":"#0"},"north":{"uv":[8.3125,0.09375,9.25,0.21875],"tintindex":0,"rotation":0,"texture":"#0"},"west":{"uv":[6.375,1.1875,6.625,1.3125],"tintindex":0,"rotation":0,"texture":"#0"},"up":{"uv":[7.34375,4.6875,6.40625,4.4375],"tintindex":0,"rotation":0,"texture":"#0"},"down":{"uv":[7.34375,4.6875,6.40625,4.9375],"tintindex":0,"rotation":0,"texture":"#0"}},"rotation":{"origin":[8.175,13.32724,3.8220463],"angle":45.0,"axis":"x"}},{"from":[1.8499999,3.85,4.5],"to":[14.15,11.05,10.9],"faces":{"east":{"uv":[7.40625,3.84375,7.8125,4.28125],"tintindex":0,"rotation":0,"texture":"#0"},"south":{"uv":[2.4375,3.75,3.21875,4.1875],"tintindex":0,"rotation":0,"texture":"#0"},"north":{"uv":[1.65625,3.75,2.4375,4.1875],"tintindex":0,"rotation":0,"texture":"#0"},"west":{"uv":[7.40625,5.8125,7.8125,6.25],"tintindex":0,"rotation":0,"texture":"#0"},"up":{"uv":[5.8125,3.59375,5.03125,3.1875],"tintindex":0,"rotation":0,"texture":"#0"},"down":{"uv":[5.84375,1.78125,5.0625,2.1875],"tintindex":0,"rotation":0,"texture":"#0"}},"rotation":{"origin":[2.775,11.0,7.35],"angle":22.5,"axis":"x"}},{"from":[1.0749998,6.17724,1.7220469],"to":[14.925,13.427239,8.472047],"faces":{"east":{"uv":[0.0,6.6875,0.4375,7.15625],"tintindex":0,"rotation":0,"texture":"#0"},"south":{"uv":[0.0,2.71875,0.875,3.1875],"tintindex":0,"rotation":0,"texture":"#0"},"north":{"uv":[2.1875,2.4375,3.0625,2.90625],"tintindex":0,"rotation":0,"texture":"#0"},"west":{"uv":[6.71875,1.5625,7.15625,2.03125],"tintindex":0,"rotation":0,"texture":"#0"},"up":{"uv":[3.0625,3.34375,2.1875,2.90625],"tintindex":0,"rotation":0,"texture":"#0"},"down":{"uv":[3.9375,2.4375,3.0625,2.875],"tintindex":0,"rotation":0,"texture":"#0"}},"rotation":{"origin":[14.3,13.32724,3.8220463],"angle":45.0,"axis":"x"}}],"display":{"gui":{"rotation":[30,225,0]}}}