{"textures":{"0":"modelengine:entity/nocsy_zvarikia_chimere"},"elements":[{"from":[0.9250002,10.78644,6.2681665],"to":[15.075,15.686441,12.068167],"faces":{"east":{"uv":[1.75,8.3125,2.125,8.625],"tintindex":0,"rotation":0,"texture":"#0"},"south":{"uv":[5.84375,1.78125,6.71875,2.09375],"tintindex":0,"rotation":0,"texture":"#0"},"north":{"uv":[0.6875,5.84375,1.5625,6.15625],"tintindex":0,"rotation":0,"texture":"#0"},"west":{"uv":[8.3125,3.09375,8.6875,3.40625],"tintindex":0,"rotation":0,"texture":"#0"},"up":{"uv":[5.15625,4.9375,4.28125,4.5625],"tintindex":0,"rotation":0,"texture":"#0"},"down":{"uv":[1.875,4.59375,1.0,4.96875],"tintindex":0,"rotation":0,"texture":"#0"}}},{"from":[2.65,6.450001,6.0],"to":[13.35,10.800001,11.15],"faces":{"east":{"uv":[1.25,6.15625,1.5625,6.4375],"tintindex":0,"rotation":0,"texture":"#0"},"south":{"uv":[7.3125,0.25,7.96875,0.53125],"tintindex":0,"rotation":0,"texture":"#0"},"north":{"uv":[0.0,2.4375,0.65625,2.71875],"tintindex":0,"rotation":0,"texture":"#0"},"west":{"uv":[5.625,8.84375,5.9375,9.125],"tintindex":0,"rotation":0,"texture":"#0"},"up":{"uv":[7.3125,0.625,6.65625,0.3125],"tintindex":0,"rotation":0,"texture":"#0"},"down":{"uv":[7.46875,3.53125,6.8125,3.84375],"tintindex":0,"rotation":0,"texture":"#0"}},"rotation":{"origin":[3.5749998,8.700001,12.7],"angle":22.5,"axis":"x"}},{"from":[-3.6999998,15.686441,11.218166],"to":[19.7,20.586443,12.718166],"faces":{"east":{"uv":[5.21875,7.21875,5.3125,7.53125],"tintindex":0,"rotation":0,"texture":"#0"},"south":{"uv":[1.875,0.96875,3.34375,1.28125],"tintindex":0,"rotation":0,"texture":"#0"},"north":{"uv":[1.3125,0.65625,2.78125,0.96875],"tintindex":0,"rotation":0,"texture":"#0"},"west":{"uv":[3.03125,8.0625,3.125,8.375],"tintindex":0,"rotation":0,"texture":"#0"},"up":{"uv":[9.5,2.375,8.03125,2.28125],"tintindex":0,"rotation":0,"texture":"#0"},"down":{"uv":[9.6875,3.84375,8.21875,3.9375],"tintindex":0,"rotation":0,"texture":"#0"}},"rotation":{"origin":[8.825,18.136442,12.693167],"angle":-22.5,"axis":"x"}},{"from":[-3.1750002,19.869036,8.411526],"to":[19.175,24.769037,10.1115265],"faces":{"east":{"uv":[2.96875,9.34375,3.0625,9.65625],"tintindex":0,"rotation":0,"texture":"#0"},"south":{"uv":[0.78125,2.40625,2.1875,2.71875],"tintindex":0,"rotation":0,"texture":"#0"},"north":{"uv":[2.09375,0.34375,3.5,0.65625],"tintindex":0,"rotation":0,"texture":"#0"},"west":{"uv":[9.25,9.375,9.34375,9.6875],"tintindex":0,"rotation":0,"texture":"#0"},"up":{"uv":[9.625,4.28125,8.21875,4.1875],"tintindex":0,"rotation":0,"texture":"#0"},"down":{"uv":[9.625,6.15625,8.21875,6.25],"tintindex":0,"rotation":0,"texture":"#0"}},"rotation":{"origin":[10.85,22.319036,9.9865265],"angle":-45.0,"axis":"x"}},{"from":[-2.2749996,10.78644,12.118166],"to":[18.275,16.03644,13.768167],"faces":{"east":{"uv":[1.15625,6.5625,1.25,6.90625],"tintindex":0,"rotation":0,"texture":"#0"},"south":{"uv":[2.09375,0.0,3.375,0.34375],"tintindex":0,"rotation":0,"texture":"#0"},"north":{"uv":[1.875,1.28125,3.15625,1.625],"tintindex":0,"rotation":0,"texture":"#0"},"west":{"uv":[2.75,6.5625,2.84375,6.90625],"tintindex":0,"rotation":0,"texture":"#0"},"up":{"uv":[9.5625,1.125,8.28125,1.03125],"tintindex":0,"rotation":0,"texture":"#0"},"down":{"uv":[9.59375,0.0,8.3125,0.09375],"tintindex":0,"rotation":0,"texture":"#0"}}},{"from":[-0.25,15.686441,4.418166],"to":[16.25,20.586443,11.168167],"faces":{"east":{"uv":[8.21875,8.15625,8.625,8.46875],"tintindex":0,"rotation":0,"texture":"#0"},"south":{"uv":[4.96875,4.9375,6.0,5.25],"tintindex":0,"rotation":0,"texture":"#0"},"north":{"uv":[0.6875,4.96875,1.71875,5.28125],"tintindex":0,"rotation":0,"texture":"#0"},"west":{"uv":[8.25,0.25,8.65625,0.5625],"tintindex":0,"rotation":0,"texture":"#0"},"up":{"uv":[3.4375,2.03125,2.40625,1.625],"tintindex":0,"rotation":0,"texture":"#0"},"down":{"uv":[3.4375,2.03125,2.40625,2.4375],"tintindex":0,"rotation":0,"texture":"#0"}},"rotation":{"origin":[10.325,18.136442,12.693167],"angle":-22.5,"axis":"x"}},{"from":[1.1999998,19.869036,2.511526],"to":[14.8,24.769037,8.311526],"faces":{"east":{"uv":[7.34375,8.28125,7.71875,8.59375],"tintindex":0,"rotation":0,"texture":"#0"},"south":{"uv":[6.0,0.0,6.84375,0.3125],"tintindex":0,"rotation":0,"texture":"#0"},"north":{"uv":[5.96875,3.5625,6.8125,3.875],"tintindex":0,"rotation":0,"texture":"#0"},"west":{"uv":[7.71875,8.28125,8.09375,8.59375],"tintindex":0,"rotation":0,"texture":"#0"},"up":{"uv":[5.96875,1.15625,5.125,0.78125],"tintindex":0,"rotation":0,"texture":"#0"},"down":{"uv":[6.0,0.0,5.15625,0.375],"tintindex":0,"rotation":0,"texture":"#0"}},"rotation":{"origin":[11.325,22.319036,9.9865265],"angle":-45.0,"axis":"x"}},{"from":[-1.3249998,6.450001,11.25],"to":[17.325,10.949999,12.799999],"faces":{"east":{"uv":[1.96875,6.21875,2.0625,6.5],"tintindex":0,"rotation":0,"texture":"#0"},"south":{"uv":[4.8125,1.5,5.96875,1.78125],"tintindex":0,"rotation":0,"texture":"#0"},"north":{"uv":[4.8125,1.21875,5.96875,1.5],"tintindex":0,"rotation":0,"texture":"#0"},"west":{"uv":[0.4375,6.6875,0.53125,6.96875],"tintindex":0,"rotation":0,"texture":"#0"},"up":{"uv":[9.25,8.5625,8.09375,8.46875],"tintindex":0,"rotation":0,"texture":"#0"},"down":{"uv":[9.71875,4.53125,8.5625,4.625],"tintindex":0,"rotation":0,"texture":"#0"}},"rotation":{"origin":[6.0,8.700001,12.7],"angle":22.5,"axis":"x"}}],"display":{"gui":{"rotation":[30,225,0]}}}