{"textures":{"0":"modelengine:entity/nocsy_zvarikia_chimere"},"elements":[{"from":[7.7,12.4,7.8999996],"to":[15.55,15.25,14.275001],"faces":{"east":{"uv":[8.9375,0.84375,9.34375,1.03125],"tintindex":0,"rotation":0,"texture":"#0"},"south":{"uv":[8.75,6.65625,9.25,6.84375],"tintindex":0,"rotation":0,"texture":"#0"},"north":{"uv":[8.75,4.28125,9.25,4.46875],"tintindex":0,"rotation":0,"texture":"#0"},"west":{"uv":[7.375,8.96875,7.78125,9.15625],"tintindex":0,"rotation":0,"texture":"#0"},"up":{"uv":[5.8125,7.15625,5.3125,6.75],"tintindex":0,"rotation":0,"texture":"#0"},"down":{"uv":[6.3125,6.875,5.8125,7.28125],"tintindex":0,"rotation":0,"texture":"#0"}},"rotation":{"origin":[8.0,14.5,11.087501],"angle":-22.5,"axis":"z"}},{"from":[1.3249998,3.1999998,7.95],"to":[14.675,10.2,14.249999],"faces":{"east":{"uv":[7.40625,6.25,7.8125,6.6875],"tintindex":0,"rotation":0,"texture":"#0"},"south":{"uv":[0.8125,3.34375,1.65625,3.78125],"tintindex":0,"rotation":0,"texture":"#0"},"north":{"uv":[3.34375,0.65625,4.1875,1.09375],"tintindex":0,"rotation":0,"texture":"#0"},"west":{"uv":[3.5625,7.46875,3.96875,7.90625],"tintindex":0,"rotation":0,"texture":"#0"},"up":{"uv":[4.28125,2.3125,3.4375,1.90625],"tintindex":0,"rotation":0,"texture":"#0"},"down":{"uv":[4.28125,3.34375,3.4375,3.75],"tintindex":0,"rotation":0,"texture":"#0"}}},{"from":[7.65,12.450001,14.3],"to":[15.2,15.299999,20.675],"faces":{"east":{"uv":[9.03125,8.65625,9.4375,8.84375],"tintindex":0,"rotation":0,"texture":"#0"},"south":{"uv":[4.0625,8.875,4.53125,9.0625],"tintindex":0,"rotation":0,"texture":"#0"},"north":{"uv":[3.3125,8.875,3.78125,9.0625],"tintindex":0,"rotation":0,"texture":"#0"},"west":{"uv":[9.03125,8.84375,9.4375,9.03125],"tintindex":0,"rotation":0,"texture":"#0"},"up":{"uv":[7.25,7.5,6.78125,7.09375],"tintindex":0,"rotation":0,"texture":"#0"},"down":{"uv":[7.625,1.5625,7.15625,1.96875],"tintindex":0,"rotation":0,"texture":"#0"}},"rotation":{"origin":[8.0,14.450001,17.4875],"angle":-22.5,"axis":"z"}},{"from":[2.0749998,3.0499997,20.650002],"to":[13.925,10.2,27.05],"faces":{"east":{"uv":[6.59375,7.5,7.0,7.9375],"tintindex":0,"rotation":0,"texture":"#0"},"south":{"uv":[4.78125,2.75,5.53125,3.1875],"tintindex":0,"rotation":0,"texture":"#0"},"north":{"uv":[1.875,4.59375,2.625,5.03125],"tintindex":0,"rotation":0,"texture":"#0"},"west":{"uv":[7.0,7.5,7.40625,7.9375],"tintindex":0,"rotation":0,"texture":"#0"},"up":{"uv":[4.84375,5.8125,4.09375,5.40625],"tintindex":0,"rotation":0,"texture":"#0"},"down":{"uv":[2.0625,5.4375,1.3125,5.84375],"tintindex":0,"rotation":0,"texture":"#0"}}},{"from":[1.5749998,2.9,14.249999],"to":[14.425,10.2,20.650002],"faces":{"east":{"uv":[2.15625,7.09375,2.5625,7.5625],"tintindex":0,"rotation":0,"texture":"#0"},"south":{"uv":[0.0,3.1875,0.8125,3.65625],"tintindex":0,"rotation":0,"texture":"#0"},"north":{"uv":[3.0625,2.875,3.875,3.34375],"tintindex":0,"rotation":0,"texture":"#0"},"west":{"uv":[7.09375,2.6875,7.5,3.15625],"tintindex":0,"rotation":0,"texture":"#0"},"up":{"uv":[4.84375,4.5625,4.03125,4.15625],"tintindex":0,"rotation":0,"texture":"#0"},"down":{"uv":[5.0,0.4375,4.1875,0.84375],"tintindex":0,"rotation":0,"texture":"#0"}}},{"from":[1.375,11.200001,20.7],"to":[8.425,14.85,27.075],"faces":{"east":{"uv":[8.8125,5.1875,9.21875,5.40625],"tintindex":0,"rotation":0,"texture":"#0"},"south":{"uv":[8.71875,2.875,9.15625,3.09375],"tintindex":0,"rotation":0,"texture":"#0"},"north":{"uv":[8.6875,7.875,9.125,8.09375],"tintindex":0,"rotation":0,"texture":"#0"},"west":{"uv":[6.84375,8.8125,7.25,9.03125],"tintindex":0,"rotation":0,"texture":"#0"},"up":{"uv":[7.9375,5.21875,7.5,4.8125],"tintindex":0,"rotation":0,"texture":"#0"},"down":{"uv":[6.59375,7.5,6.15625,7.90625],"tintindex":0,"rotation":0,"texture":"#0"}},"rotation":{"origin":[7.925,13.725,23.8875],"angle":22.5,"axis":"z"}},{"from":[1.0500002,8.45,14.3],"to":[14.95,12.450001,20.675],"faces":{"east":{"uv":[4.125,8.625,4.53125,8.875],"tintindex":0,"rotation":0,"texture":"#0"},"south":{"uv":[4.53125,6.5,5.40625,6.75],"tintindex":0,"rotation":0,"texture":"#0"},"north":{"uv":[6.5,4.125,7.375,4.375],"tintindex":0,"rotation":0,"texture":"#0"},"west":{"uv":[8.65625,0.21875,9.0625,0.46875],"tintindex":0,"rotation":0,"texture":"#0"},"up":{"uv":[3.4375,3.75,2.5625,3.34375],"tintindex":0,"rotation":0,"texture":"#0"},"down":{"uv":[4.3125,1.5,3.4375,1.90625],"tintindex":0,"rotation":0,"texture":"#0"}}},{"from":[1.5250001,9.2,20.599998],"to":[14.625,12.25,27.075],"faces":{"east":{"uv":[9.03125,9.03125,9.4375,9.21875],"tintindex":0,"rotation":0,"texture":"#0"},"south":{"uv":[7.8125,5.96875,8.625,6.15625],"tintindex":0,"rotation":0,"texture":"#0"},"north":{"uv":[7.8125,5.78125,8.625,5.96875],"tintindex":0,"rotation":0,"texture":"#0"},"west":{"uv":[9.4375,9.03125,9.03125,9.21875],"tintindex":0,"rotation":0,"texture":"#0"},"up":{"uv":[2.21875,4.59375,1.40625,4.1875],"tintindex":0,"rotation":0,"texture":"#0"},"down":{"uv":[3.03125,4.1875,2.21875,4.59375],"tintindex":0,"rotation":0,"texture":"#0"}}},{"from":[7.575,11.200001,20.7],"to":[14.625,14.85,27.075],"faces":{"east":{"uv":[4.53125,8.71875,4.9375,8.9375],"tintindex":0,"rotation":0,"texture":"#0"},"south":{"uv":[8.6875,6.25,9.125,6.46875],"tintindex":0,"rotation":0,"texture":"#0"},"north":{"uv":[8.6875,3.09375,9.125,3.3125],"tintindex":0,"rotation":0,"texture":"#0"},"west":{"uv":[1.53125,8.8125,1.9375,9.03125],"tintindex":0,"rotation":0,"texture":"#0"},"up":{"uv":[0.8125,7.90625,0.375,7.5],"tintindex":0,"rotation":0,"texture":"#0"},"down":{"uv":[7.9375,2.6875,7.5,3.09375],"tintindex":0,"rotation":0,"texture":"#0"}},"rotation":{"origin":[8.075,13.725,23.8875],"angle":-22.5,"axis":"z"}},{"from":[0.75,8.1,7.8999996],"to":[15.25,12.299999,14.275001],"faces":{"east":{"uv":[0.625,8.625,1.03125,8.875],"tintindex":0,"rotation":0,"texture":"#0"},"south":{"uv":[6.5,3.875,7.40625,4.125],"tintindex":0,"rotation":0,"texture":"#0"},"north":{"uv":[6.46875,5.34375,7.375,5.59375],"tintindex":0,"rotation":0,"texture":"#0"},"west":{"uv":[3.4375,8.625,3.84375,8.875],"tintindex":0,"rotation":0,"texture":"#0"},"up":{"uv":[4.25,1.5,3.34375,1.09375],"tintindex":0,"rotation":0,"texture":"#0"},"down":{"uv":[2.5625,3.34375,1.65625,3.75],"tintindex":0,"rotation":0,"texture":"#0"}}},{"from":[0.8000002,12.450001,14.3],"to":[8.35,15.299999,20.675],"faces":{"east":{"uv":[6.78125,9.03125,7.1875,9.21875],"tintindex":0,"rotation":0,"texture":"#0"},"south":{"uv":[0.53125,8.875,1.0,9.0625],"tintindex":0,"rotation":0,"texture":"#0"},"north":{"uv":[8.09375,8.84375,8.5625,9.03125],"tintindex":0,"rotation":0,"texture":"#0"},"west":{"uv":[8.09375,9.03125,8.5,9.21875],"tintindex":0,"rotation":0,"texture":"#0"},"up":{"uv":[7.5,5.34375,7.03125,4.9375],"tintindex":0,"rotation":0,"texture":"#0"},"down":{"uv":[6.78125,7.09375,6.3125,7.5],"tintindex":0,"rotation":0,"texture":"#0"}},"rotation":{"origin":[8.0,14.450001,17.4875],"angle":22.5,"axis":"z"}},{"from":[0.4499998,12.4,7.8999996],"to":[8.3,15.25,14.275001],"faces":{"east":{"uv":[1.0,9.0,1.40625,9.1875],"tintindex":0,"rotation":0,"texture":"#0"},"south":{"uv":[1.03125,8.8125,1.53125,9.0],"tintindex":0,"rotation":0,"texture":"#0"},"north":{"uv":[7.3125,8.78125,7.8125,8.96875],"tintindex":0,"rotation":0,"texture":"#0"},"west":{"uv":[1.40625,9.03125,1.8125,9.21875],"tintindex":0,"rotation":0,"texture":"#0"},"up":{"uv":[1.65625,7.3125,1.15625,6.90625],"tintindex":0,"rotation":0,"texture":"#0"},"down":{"uv":[2.15625,6.90625,1.65625,7.3125],"tintindex":0,"rotation":0,"texture":"#0"}},"rotation":{"origin":[8.0,14.5,11.087501],"angle":22.5,"axis":"z"}}],"display":{"gui":{"rotation":[30,225,0]}}}