{"textures":{"0":"modelengine:entity/nocsy_zvarikia_chimere"},"elements":[{"from":[3.4,6.2,4.9],"to":[11.200001,8.3,10.9],"faces":{"east":{"uv":[9.34375,1.125,9.71875,1.25],"tintindex":0,"rotation":0,"texture":"#0"},"south":{"uv":[9.21875,5.0,9.71875,5.125],"tintindex":0,"rotation":0,"texture":"#0"},"north":{"uv":[3.75,9.21875,4.25,9.34375],"tintindex":0,"rotation":0,"texture":"#0"},"west":{"uv":[2.59375,9.34375,2.96875,9.46875],"tintindex":0,"rotation":0,"texture":"#0"},"up":{"uv":[3.0625,7.65625,2.5625,7.28125],"tintindex":0,"rotation":0,"texture":"#0"},"down":{"uv":[3.5625,7.28125,3.0625,7.65625],"tintindex":0,"rotation":0,"texture":"#0"}}},{"from":[2.5500002,4.8500004,-2.0499992],"to":[9.5,6.95,1.7000003],"faces":{"east":{"uv":[6.15625,9.40625,6.40625,9.53125],"tintindex":0,"rotation":0,"texture":"#0"},"south":{"uv":[9.25,3.9375,9.6875,4.0625],"tintindex":0,"rotation":0,"texture":"#0"},"north":{"uv":[9.25,2.375,9.6875,2.5],"tintindex":0,"rotation":0,"texture":"#0"},"west":{"uv":[0.6875,9.4375,0.9375,9.5625],"tintindex":0,"rotation":0,"texture":"#0"},"up":{"uv":[5.84375,8.65625,5.40625,8.40625],"tintindex":0,"rotation":0,"texture":"#0"},"down":{"uv":[3.4375,8.4375,3.0,8.6875],"tintindex":0,"rotation":0,"texture":"#0"}},"rotation":{"origin":[7.3,7.25,4.0],"angle":45.0,"axis":"x"}},{"from":[3.0,6.6000004,1.0000005],"to":[10.8,8.7,4.75],"faces":{"east":{"uv":[3.96875,7.46875,4.1875,7.59375],"tintindex":0,"rotation":0,"texture":"#0"},"south":{"uv":[9.21875,5.25,9.71875,5.375],"tintindex":0,"rotation":0,"texture":"#0"},"north":{"uv":[9.21875,5.125,9.71875,5.25],"tintindex":0,"rotation":0,"texture":"#0"},"west":{"uv":[4.875,9.4375,5.09375,9.5625],"tintindex":0,"rotation":0,"texture":"#0"},"up":{"uv":[8.90625,3.625,8.40625,3.40625],"tintindex":0,"rotation":0,"texture":"#0"},"down":{"uv":[8.90625,3.625,8.40625,3.84375],"tintindex":0,"rotation":0,"texture":"#0"}},"rotation":{"origin":[7.3,7.25,4.0],"angle":22.5,"axis":"x"}}],"display":{"gui":{"rotation":[30,225,0]}}}