{"textures":{"0":"modelengine:entity/nocsy_zvarikia_chimere"},"elements":[{"from":[1.9250002,10.65,9.099999],"to":[8.15,16.8,9.8],"faces":{"east":{"uv":[5.96875,4.4375,6.0,4.8125],"tintindex":0,"rotation":0,"texture":"#0"},"south":{"uv":[7.40625,7.90625,7.78125,8.28125],"tintindex":0,"rotation":0,"texture":"#0"},"north":{"uv":[3.5625,7.90625,3.9375,8.28125],"tintindex":0,"rotation":0,"texture":"#0"},"west":{"uv":[6.375,6.46875,6.40625,6.84375],"tintindex":0,"rotation":0,"texture":"#0"},"up":{"uv":[6.34375,1.78125,5.96875,1.75],"tintindex":0,"rotation":0,"texture":"#0"},"down":{"uv":[6.84375,5.59375,6.46875,5.625],"tintindex":0,"rotation":0,"texture":"#0"}},"rotation":{"origin":[4.4375,8.224998,10.575],"angle":22.5,"axis":"x"}},{"from":[1.2249999,5.299999,10.25],"to":[7.8,11.15,10.9],"faces":{"east":{"uv":[4.28125,1.90625,4.3125,2.28125],"tintindex":0,"rotation":0,"texture":"#0"},"south":{"uv":[1.4375,7.75,1.84375,8.125],"tintindex":0,"rotation":0,"texture":"#0"},"north":{"uv":[3.15625,7.65625,3.5625,8.03125],"tintindex":0,"rotation":0,"texture":"#0"},"west":{"uv":[4.8125,5.8125,4.84375,6.1875],"tintindex":0,"rotation":0,"texture":"#0"},"up":{"uv":[4.34375,2.875,3.9375,2.84375],"tintindex":0,"rotation":0,"texture":"#0"},"down":{"uv":[3.9375,4.53125,3.53125,4.5625],"tintindex":0,"rotation":0,"texture":"#0"}}}],"display":{"gui":{"rotation":[30,225,0]}}}