{"textures":{"0":"modelengine:entity/nocsy_zvarikia_chimere"},"elements":[{"from":[7.85,10.65,9.099999],"to":[14.075,16.8,9.8],"faces":{"east":{"uv":[7.8125,7.90625,7.84375,8.28125],"tintindex":0,"rotation":0,"texture":"#0"},"south":{"uv":[6.6875,7.9375,7.0625,8.3125],"tintindex":0,"rotation":0,"texture":"#0"},"north":{"uv":[1.84375,7.9375,2.21875,8.3125],"tintindex":0,"rotation":0,"texture":"#0"},"west":{"uv":[3.125,8.0625,3.15625,8.4375],"tintindex":0,"rotation":0,"texture":"#0"},"up":{"uv":[5.78125,6.75,5.40625,6.71875],"tintindex":0,"rotation":0,"texture":"#0"},"down":{"uv":[7.1875,3.84375,6.8125,3.875],"tintindex":0,"rotation":0,"texture":"#0"}},"rotation":{"origin":[11.5625,8.224998,10.575],"angle":22.5,"axis":"x"}},{"from":[8.2,5.299999,10.25],"to":[14.775,11.15,10.9],"faces":{"east":{"uv":[6.40625,6.46875,6.4375,6.84375],"tintindex":0,"rotation":0,"texture":"#0"},"south":{"uv":[7.8125,3.84375,8.21875,4.21875],"tintindex":0,"rotation":0,"texture":"#0"},"north":{"uv":[5.75,7.78125,6.15625,8.15625],"tintindex":0,"rotation":0,"texture":"#0"},"west":{"uv":[7.78125,7.90625,7.8125,8.28125],"tintindex":0,"rotation":0,"texture":"#0"},"up":{"uv":[5.5625,4.9375,5.15625,4.90625],"tintindex":0,"rotation":0,"texture":"#0"},"down":{"uv":[5.96875,4.90625,5.5625,4.9375],"tintindex":0,"rotation":0,"texture":"#0"}}}],"display":{"gui":{"rotation":[30,225,0]}}}