{"textures":{"0":"modelengine:entity/nocsy_zvarikia_chimere"},"elements":[{"from":[6.5,4.8500004,-2.0499992],"to":[13.45,6.95,2.5000005],"faces":{"east":{"uv":[4.25,9.40625,4.5,9.53125],"tintindex":0,"rotation":0,"texture":"#0"},"south":{"uv":[1.71875,9.25,2.15625,9.375],"tintindex":0,"rotation":0,"texture":"#0"},"north":{"uv":[0.375,9.25,0.8125,9.375],"tintindex":0,"rotation":0,"texture":"#0"},"west":{"uv":[5.1875,9.40625,5.4375,9.53125],"tintindex":0,"rotation":0,"texture":"#0"},"up":{"uv":[2.5625,8.65625,2.125,8.40625],"tintindex":0,"rotation":0,"texture":"#0"},"down":{"uv":[3.0,8.40625,2.5625,8.65625],"tintindex":0,"rotation":0,"texture":"#0"}},"rotation":{"origin":[8.7,7.25,4.0],"angle":45.0,"axis":"x"}},{"from":[5.2,6.6000004,1.0000005],"to":[13.0,8.7,4.75],"faces":{"east":{"uv":[4.5625,2.75,4.78125,2.875],"tintindex":0,"rotation":0,"texture":"#0"},"south":{"uv":[3.25,9.21875,3.75,9.34375],"tintindex":0,"rotation":0,"texture":"#0"},"north":{"uv":[2.59375,9.21875,3.09375,9.34375],"tintindex":0,"rotation":0,"texture":"#0"},"west":{"uv":[6.96875,6.6875,7.1875,6.8125],"tintindex":0,"rotation":0,"texture":"#0"},"up":{"uv":[0.5,4.96875,0.0,4.75],"tintindex":0,"rotation":0,"texture":"#0"},"down":{"uv":[1.125,8.40625,0.625,8.625],"tintindex":0,"rotation":0,"texture":"#0"}},"rotation":{"origin":[8.7,7.25,4.0],"angle":22.5,"axis":"x"}},{"from":[4.7999997,6.2,4.9],"to":[12.6,8.3,10.9],"faces":{"east":{"uv":[0.0,9.34375,0.375,9.46875],"tintindex":0,"rotation":0,"texture":"#0"},"south":{"uv":[9.1875,2.5,9.6875,2.625],"tintindex":0,"rotation":0,"texture":"#0"},"north":{"uv":[3.4375,2.3125,3.9375,2.4375],"tintindex":0,"rotation":0,"texture":"#0"},"west":{"uv":[9.34375,0.84375,9.71875,0.96875],"tintindex":0,"rotation":0,"texture":"#0"},"up":{"uv":[7.53125,3.53125,7.03125,3.15625],"tintindex":0,"rotation":0,"texture":"#0"},"down":{"uv":[7.6875,1.1875,7.1875,1.5625],"tintindex":0,"rotation":0,"texture":"#0"}}}],"display":{"gui":{"rotation":[30,225,0]}}}