{"textures":{"0":"modelengine:entity/nocsy_zvarikia_chimere"},"elements":[{"from":[6.15,8.5,7.500328],"to":[9.85,10.55,15.02533],"faces":{"east":{"uv":[9.21875,6.53125,9.6875,6.65625],"tintindex":0,"rotation":0,"texture":"#0"},"south":{"uv":[9.46875,0.21875,9.6875,0.34375],"tintindex":0,"rotation":0,"texture":"#0"},"north":{"uv":[0.0,9.46875,0.21875,9.59375],"tintindex":0,"rotation":0,"texture":"#0"},"west":{"uv":[9.25,0.09375,9.71875,0.21875],"tintindex":0,"rotation":0,"texture":"#0"},"up":{"uv":[5.21875,9.03125,5.0,8.5625],"tintindex":0,"rotation":0,"texture":"#0"},"down":{"uv":[8.09375,8.59375,7.875,9.0625],"tintindex":0,"rotation":0,"texture":"#0"}}},{"from":[8.112477,10.55,7.500328],"to":[10.062477,11.35,17.375328],"faces":{"east":{"uv":[4.28125,0.375,4.90625,0.4375],"tintindex":0,"rotation":0,"texture":"#0"},"south":{"uv":[5.3125,2.6875,5.4375,2.75],"tintindex":0,"rotation":0,"texture":"#0"},"north":{"uv":[5.0,0.78125,5.125,0.84375],"tintindex":0,"rotation":0,"texture":"#0"},"west":{"uv":[4.28125,3.6875,4.90625,3.75],"tintindex":0,"rotation":0,"texture":"#0"},"up":{"uv":[6.0625,9.46875,5.9375,8.84375],"tintindex":0,"rotation":0,"texture":"#0"},"down":{"uv":[5.625,8.90625,5.5,9.53125],"tintindex":0,"rotation":0,"texture":"#0"}},"rotation":{"origin":[7.962477,11.575001,11.262833],"angle":-22.5,"axis":"z"}},{"from":[7.25,6.4,5.550331],"to":[8.75,10.0,16.550331],"faces":{"east":{"uv":[3.5,0.4375,4.1875,0.65625],"tintindex":0,"rotation":0,"texture":"#0"},"south":{"uv":[6.625,1.5625,6.71875,1.78125],"tintindex":0,"rotation":0,"texture":"#0"},"north":{"uv":[4.4375,6.53125,4.53125,6.75],"tintindex":0,"rotation":0,"texture":"#0"},"west":{"uv":[7.9375,2.6875,8.625,2.90625],"tintindex":0,"rotation":0,"texture":"#0"},"up":{"uv":[6.15625,9.53125,6.0625,8.84375],"tintindex":0,"rotation":0,"texture":"#0"},"down":{"uv":[5.1875,9.03125,5.09375,9.71875],"tintindex":0,"rotation":0,"texture":"#0"}}},{"from":[5.937523,10.55,7.500328],"to":[7.8875227,11.35,17.375328],"faces":{"east":{"uv":[5.125,1.15625,5.75,1.21875],"tintindex":0,"rotation":0,"texture":"#0"},"south":{"uv":[5.65625,3.125,5.78125,3.1875],"tintindex":0,"rotation":0,"texture":"#0"},"north":{"uv":[5.53125,3.125,5.65625,3.1875],"tintindex":0,"rotation":0,"texture":"#0"},"west":{"uv":[0.6875,5.78125,1.3125,5.84375],"tintindex":0,"rotation":0,"texture":"#0"},"up":{"uv":[9.0625,7.46875,8.9375,6.84375],"tintindex":0,"rotation":0,"texture":"#0"},"down":{"uv":[7.375,8.96875,7.25,9.59375],"tintindex":0,"rotation":0,"texture":"#0"}},"rotation":{"origin":[8.037522,11.575001,11.262833],"angle":22.5,"axis":"z"}},{"from":[7.25,7.55,16.550331],"to":[8.75,9.6,20.350327],"faces":{"east":{"uv":[4.0,9.4375,4.25,9.5625],"tintindex":0,"rotation":0,"texture":"#0"},"south":{"uv":[3.5,6.5,3.59375,6.625],"tintindex":0,"rotation":0,"texture":"#0"},"north":{"uv":[3.3125,1.5,3.40625,1.625],"tintindex":0,"rotation":0,"texture":"#0"},"west":{"uv":[9.4375,8.59375,9.6875,8.71875],"tintindex":0,"rotation":0,"texture":"#0"},"up":{"uv":[4.0,5.8125,3.90625,5.5625],"tintindex":0,"rotation":0,"texture":"#0"},"down":{"uv":[4.09375,5.5625,4.0,5.8125],"tintindex":0,"rotation":0,"texture":"#0"}}}],"display":{"gui":{"rotation":[30,225,0]}}}