{"textures":{"0":"modelengine:entity/nocsy_zvarikia_chimere"},"elements":[{"from":[4.95,11.700001,14.599998],"to":[8.0875,13.1,20.974998],"faces":{"east":{"uv":[7.96875,9.375,8.375,9.46875],"tintindex":0,"rotation":0,"texture":"#0"},"south":{"uv":[2.5625,7.1875,2.75,7.28125],"tintindex":0,"rotation":0,"texture":"#0"},"north":{"uv":[4.1875,7.125,4.375,7.21875],"tintindex":0,"rotation":0,"texture":"#0"},"west":{"uv":[8.375,9.375,8.78125,9.46875],"tintindex":0,"rotation":0,"texture":"#0"},"up":{"uv":[2.40625,9.46875,2.21875,9.0625],"tintindex":0,"rotation":0,"texture":"#0"},"down":{"uv":[2.59375,9.0625,2.40625,9.46875],"tintindex":0,"rotation":0,"texture":"#0"}},"rotation":{"origin":[8.0,12.9,17.787498],"angle":22.5,"axis":"z"}},{"from":[8.1,11.85,6.0],"to":[11.25,13.450001,14.574997],"faces":{"east":{"uv":[9.1875,3.53125,9.71875,3.625],"tintindex":0,"rotation":0,"texture":"#0"},"south":{"uv":[5.78125,0.6875,5.96875,0.78125],"tintindex":0,"rotation":0,"texture":"#0"},"north":{"uv":[4.8125,1.78125,5.0,1.875],"tintindex":0,"rotation":0,"texture":"#0"},"west":{"uv":[9.25,5.5,9.78125,5.59375],"tintindex":0,"rotation":0,"texture":"#0"},"up":{"uv":[2.90625,9.1875,2.71875,8.65625],"tintindex":0,"rotation":0,"texture":"#0"},"down":{"uv":[6.34375,8.65625,6.15625,9.1875],"tintindex":0,"rotation":0,"texture":"#0"}},"rotation":{"origin":[8.0,13.674999,10.287498],"angle":-22.5,"axis":"z"}},{"from":[7.9125,11.700001,14.599998],"to":[11.05,13.1,20.974998],"faces":{"east":{"uv":[6.5625,9.375,6.96875,9.46875],"tintindex":0,"rotation":0,"texture":"#0"},"south":{"uv":[2.5625,7.09375,2.75,7.1875],"tintindex":0,"rotation":0,"texture":"#0"},"north":{"uv":[2.15625,7.0,2.34375,7.09375],"tintindex":0,"rotation":0,"texture":"#0"},"west":{"uv":[9.375,7.71875,9.78125,7.8125],"tintindex":0,"rotation":0,"texture":"#0"},"up":{"uv":[4.28125,5.40625,4.09375,5.0],"tintindex":0,"rotation":0,"texture":"#0"},"down":{"uv":[5.09375,9.03125,4.90625,9.4375],"tintindex":0,"rotation":0,"texture":"#0"}},"rotation":{"origin":[8.0,12.9,17.787498],"angle":-22.5,"axis":"z"}},{"from":[6.75,6.3500004,14.449997],"to":[9.25,10.75,24.75],"faces":{"east":{"uv":[7.3125,0.53125,7.96875,0.8125],"tintindex":0,"rotation":0,"texture":"#0"},"south":{"uv":[3.03125,4.1875,3.1875,4.46875],"tintindex":0,"rotation":0,"texture":"#0"},"north":{"uv":[3.15625,1.28125,3.3125,1.5625],"tintindex":0,"rotation":0,"texture":"#0"},"west":{"uv":[0.8125,7.3125,1.46875,7.59375],"tintindex":0,"rotation":0,"texture":"#0"},"up":{"uv":[0.15625,9.125,0.0,8.46875],"tintindex":0,"rotation":0,"texture":"#0"},"down":{"uv":[0.3125,8.46875,0.15625,9.125],"tintindex":0,"rotation":0,"texture":"#0"}}},{"from":[5.8,5.8500004,6.5499954],"to":[10.2,10.75,14.5],"faces":{"east":{"uv":[7.78125,0.8125,8.28125,1.125],"tintindex":0,"rotation":0,"texture":"#0"},"south":{"uv":[5.21875,8.90625,5.5,9.21875],"tintindex":0,"rotation":0,"texture":"#0"},"north":{"uv":[8.90625,3.3125,9.1875,3.625],"tintindex":0,"rotation":0,"texture":"#0"},"west":{"uv":[7.8125,2.375,8.3125,2.6875],"tintindex":0,"rotation":0,"texture":"#0"},"up":{"uv":[7.34375,8.4375,7.0625,7.9375],"tintindex":0,"rotation":0,"texture":"#0"},"down":{"uv":[8.25,0.25,7.96875,0.75],"tintindex":0,"rotation":0,"texture":"#0"}}},{"from":[4.75,11.85,6.0],"to":[7.9,13.450001,14.574997],"faces":{"east":{"uv":[9.28125,7.625,9.8125,7.71875],"tintindex":0,"rotation":0,"texture":"#0"},"south":{"uv":[2.15625,6.90625,2.34375,7.0],"tintindex":0,"rotation":0,"texture":"#0"},"north":{"uv":[6.1875,5.96875,6.375,6.0625],"tintindex":0,"rotation":0,"texture":"#0"},"west":{"uv":[0.8125,9.34375,1.34375,9.4375],"tintindex":0,"rotation":0,"texture":"#0"},"up":{"uv":[8.8125,9.1875,8.625,8.65625],"tintindex":0,"rotation":0,"texture":"#0"},"down":{"uv":[3.09375,8.6875,2.90625,9.21875],"tintindex":0,"rotation":0,"texture":"#0"}},"rotation":{"origin":[8.0,13.674999,10.287498],"angle":22.5,"axis":"z"}},{"from":[8.05,11.5,20.799995],"to":[10.5125,12.6,27.174995],"faces":{"east":{"uv":[6.0,0.3125,6.40625,0.375],"tintindex":0,"rotation":0,"texture":"#0"},"south":{"uv":[3.03125,4.46875,3.1875,4.53125],"tintindex":0,"rotation":0,"texture":"#0"},"north":{"uv":[3.15625,1.5625,3.3125,1.625],"tintindex":0,"rotation":0,"texture":"#0"},"west":{"uv":[6.5,4.375,6.90625,4.4375],"tintindex":0,"rotation":0,"texture":"#0"},"up":{"uv":[8.96875,9.46875,8.8125,9.0625],"tintindex":0,"rotation":0,"texture":"#0"},"down":{"uv":[3.25,9.09375,3.09375,9.5],"tintindex":0,"rotation":0,"texture":"#0"}},"rotation":{"origin":[8.0,12.700001,23.987495],"angle":-22.5,"axis":"z"}},{"from":[5.1,9.15,6.0],"to":[10.9,12.200001,14.574997],"faces":{"east":{"uv":[5.625,8.65625,6.15625,8.84375],"tintindex":0,"rotation":0,"texture":"#0"},"south":{"uv":[0.0,9.15625,0.375,9.34375],"tintindex":0,"rotation":0,"texture":"#0"},"north":{"uv":[6.34375,9.09375,6.71875,9.28125],"tintindex":0,"rotation":0,"texture":"#0"},"west":{"uv":[8.09375,8.65625,8.625,8.84375],"tintindex":0,"rotation":0,"texture":"#0"},"up":{"uv":[4.1875,7.46875,3.8125,6.9375],"tintindex":0,"rotation":0,"texture":"#0"},"down":{"uv":[0.8125,6.96875,0.4375,7.5],"tintindex":0,"rotation":0,"texture":"#0"}}},{"from":[5.1,9.9,14.599998],"to":[10.9,11.9,20.974998],"faces":{"east":{"uv":[9.28125,5.90625,9.6875,6.03125],"tintindex":0,"rotation":0,"texture":"#0"},"south":{"uv":[9.34375,4.71875,9.71875,4.84375],"tintindex":0,"rotation":0,"texture":"#0"},"north":{"uv":[4.5,9.34375,4.875,9.46875],"tintindex":0,"rotation":0,"texture":"#0"},"west":{"uv":[6.15625,9.28125,6.5625,9.40625],"tintindex":0,"rotation":0,"texture":"#0"},"up":{"uv":[0.375,8.0625,0.0,7.65625],"tintindex":0,"rotation":0,"texture":"#0"},"down":{"uv":[8.21875,7.875,7.84375,8.28125],"tintindex":0,"rotation":0,"texture":"#0"}}},{"from":[5.725,9.55,20.799995],"to":[10.275,11.65,27.174995],"faces":{"east":{"uv":[9.28125,7.5,9.6875,7.625],"tintindex":0,"rotation":0,"texture":"#0"},"south":{"uv":[8.96875,9.375,9.25,9.5],"tintindex":0,"rotation":0,"texture":"#0"},"north":{"uv":[6.96875,9.375,7.25,9.5],"tintindex":0,"rotation":0,"texture":"#0"},"west":{"uv":[9.28125,8.125,9.6875,8.25],"tintindex":0,"rotation":0,"texture":"#0"},"up":{"uv":[8.65625,2.21875,8.375,1.8125],"tintindex":0,"rotation":0,"texture":"#0"},"down":{"uv":[4.125,8.375,3.84375,8.78125],"tintindex":0,"rotation":0,"texture":"#0"}}},{"from":[5.4875,11.5,20.799995],"to":[7.95,12.6,27.174995],"faces":{"east":{"uv":[6.65625,0.625,7.0625,0.6875],"tintindex":0,"rotation":0,"texture":"#0"},"south":{"uv":[1.71875,4.96875,1.875,5.03125],"tintindex":0,"rotation":0,"texture":"#0"},"north":{"uv":[4.78125,3.1875,4.9375,3.25],"tintindex":0,"rotation":0,"texture":"#0"},"west":{"uv":[6.71875,2.03125,7.125,2.09375],"tintindex":0,"rotation":0,"texture":"#0"},"up":{"uv":[5.78125,9.53125,5.625,9.125],"tintindex":0,"rotation":0,"texture":"#0"},"down":{"uv":[5.9375,9.125,5.78125,9.53125],"tintindex":0,"rotation":0,"texture":"#0"}},"rotation":{"origin":[8.0,12.700001,23.987495],"angle":22.5,"axis":"z"}}],"display":{"gui":{"rotation":[30,225,0]}}}