{"textures":{"0":"modelengine:entity/gatling_bodhisattva_raser"},"elements":[{"from":[2.9966664,1.6633329,2.9966664],"to":[13.003334,1.6700001,13.003334],"faces":{"up":{"uv":[4.2857146,4.2857146,0.0,0.0],"tintindex":0,"rotation":0,"texture":"#0"},"down":{"uv":[4.2857146,4.2857146,0.0,8.571429],"tintindex":0,"rotation":0,"texture":"#0"}}},{"from":[3.0,31.0,3.0],"to":[13.0,31.0,13.0],"faces":{"up":{"uv":[8.571429,4.2857146,4.2857146,0.0],"tintindex":0,"rotation":0,"texture":"#0"},"down":{"uv":[8.571429,0.0,4.2857146,4.2857146],"tintindex":0,"rotation":0,"texture":"#0"}}}],"display":{"gui":{"rotation":[30,225,0]}}}