{"textures":{"0":"modelengine:entity/gatling_bodhisattva_raser"},"elements":[{"from":[10.3,8.049999,10.3],"to":[5.7,-11.049999,5.7],"faces":{"east":{"uv":[4.571429,8.571429,5.714286,13.857143],"tintindex":0,"rotation":0,"texture":"#0"},"south":{"uv":[8.571429,5.2857146,9.714286,10.571429],"tintindex":0,"rotation":0,"texture":"#0"},"north":{"uv":[3.4285717,8.571429,4.571429,13.857143],"tintindex":0,"rotation":0,"texture":"#0"},"west":{"uv":[5.714286,8.571429,6.8571434,13.857143],"tintindex":0,"rotation":0,"texture":"#0"},"up":{"uv":[10.857143,2.2857144,9.714286,1.1428572],"tintindex":0,"rotation":0,"texture":"#0"},"down":{"uv":[10.857143,2.2857144,9.714286,3.4285717],"tintindex":0,"rotation":0,"texture":"#0"}}},{"from":[6.0,-10.75,6.0],"to":[10.0,7.75,10.0],"faces":{"east":{"uv":[8.571429,0.0,9.714286,5.2857146],"tintindex":0,"rotation":0,"texture":"#0"},"south":{"uv":[1.1428572,8.571429,2.2857144,13.857143],"tintindex":0,"rotation":0,"texture":"#0"},"north":{"uv":[0.0,8.571429,1.1428572,13.857143],"tintindex":0,"rotation":0,"texture":"#0"},"west":{"uv":[2.2857144,8.571429,3.4285717,13.857143],"tintindex":0,"rotation":0,"texture":"#0"},"up":{"uv":[8.0,9.714286,6.8571434,8.571429],"tintindex":0,"rotation":0,"texture":"#0"},"down":{"uv":[10.857143,0.0,9.714286,1.1428572],"tintindex":0,"rotation":0,"texture":"#0"}}}],"display":{"gui":{"rotation":[30,225,0]}}}