{"textures":{"0":"modelengine:entity/gatling_bodhisattva"},"elements":[{"from":[3.25,6.5,5.0],"to":[12.75,13.5,11.0],"faces":{"east":{"uv":[5.9310346,11.586206,6.3448277,12.068966],"tintindex":0,"rotation":0,"texture":"#0"},"south":{"uv":[12.413794,12.137931,13.068966,12.620689],"tintindex":0,"rotation":0,"texture":"#0"},"north":{"uv":[12.413794,0.82758623,13.068966,1.3103448],"tintindex":0,"rotation":0,"texture":"#0"},"west":{"uv":[5.9310346,13.172414,6.3448277,13.655172],"tintindex":0,"rotation":0,"texture":"#0"},"up":{"uv":[13.344828,10.4827585,12.689655,10.068966],"tintindex":0,"rotation":0,"texture":"#0"},"down":{"uv":[10.793103,12.689655,10.137931,13.103448],"tintindex":0,"rotation":0,"texture":"#0"}}}],"display":{"gui":{"rotation":[30,225,0]}}}