{"textures":{"0":"modelengine:entity/gatling_bodhisattva"},"elements":[{"from":[2.5,7.073654,3.9430027],"to":[13.5,16.573654,10.943003],"faces":{"east":{"uv":[0.62068963,12.413794,1.1034483,13.068966],"tintindex":0,"rotation":0,"texture":"#0"},"south":{"uv":[12.137931,6.965517,12.896552,7.62069],"tintindex":0,"rotation":0,"texture":"#0"},"north":{"uv":[6.827586,12.137931,7.586207,12.793103],"tintindex":0,"rotation":0,"texture":"#0"},"west":{"uv":[12.413794,11.448276,12.896552,12.103448],"tintindex":0,"rotation":0,"texture":"#0"},"up":{"uv":[13.034483,5.172414,12.275862,4.6896553],"tintindex":0,"rotation":0,"texture":"#0"},"down":{"uv":[13.034483,5.172414,12.275862,5.6551723],"tintindex":0,"rotation":0,"texture":"#0"}},"rotation":{"origin":[8.0,11.573654,7.4430027],"angle":22.5,"axis":"x"}}],"display":{"gui":{"rotation":[30,225,0]}}}