{"textures":{"0":"modelengine:entity/gatling_bodhisattva"},"elements":[{"from":[6.0,-2.25,5.875],"to":[10.0,7.75,9.875],"faces":{"east":{"uv":[12.137931,13.172414,12.413794,13.862069],"tintindex":0,"rotation":0,"texture":"#0"},"south":{"uv":[12.413794,13.172414,12.689655,13.862069],"tintindex":0,"rotation":0,"texture":"#0"},"north":{"uv":[4.0689654,13.172414,4.3448277,13.862069],"tintindex":0,"rotation":0,"texture":"#0"},"west":{"uv":[4.3448277,13.24138,4.62069,13.931034],"tintindex":0,"rotation":0,"texture":"#0"},"up":{"uv":[12.551724,5.9310346,12.275862,5.6551723],"tintindex":0,"rotation":0,"texture":"#0"},"down":{"uv":[14.0,2.689655,13.724138,2.9655173],"tintindex":0,"rotation":0,"texture":"#0"}}}],"display":{"gui":{"rotation":[30,225,0]}}}