{"textures":{"0":"modelengine:entity/gatling_bodhisattva"},"elements":[{"from":[6.0,-2.75,6.0],"to":[10.0,9.25,10.0],"faces":{"east":{"uv":[1.5862069,13.034483,1.862069,13.862069],"tintindex":0,"rotation":0,"texture":"#0"},"south":{"uv":[2.275862,13.103448,2.5517242,13.931034],"tintindex":0,"rotation":0,"texture":"#0"},"north":{"uv":[11.310345,12.965517,11.586206,13.793103],"tintindex":0,"rotation":0,"texture":"#0"},"west":{"uv":[2.5517242,13.103448,2.8275862,13.931034],"tintindex":0,"rotation":0,"texture":"#0"},"up":{"uv":[14.0,12.75862,13.724138,12.4827585],"tintindex":0,"rotation":0,"texture":"#0"},"down":{"uv":[14.068966,0.27586207,13.793103,0.55172414],"tintindex":0,"rotation":0,"texture":"#0"}}}],"display":{"gui":{"rotation":[30,225,0]}}}