{"textures":{"0":"modelengine:entity/gatling_bodhisattva"},"elements":[{"from":[6.0,-0.5,6.0],"to":[10.0,8.5,10.0],"faces":{"east":{"uv":[13.379311,3.0344827,13.655172,3.6551723],"tintindex":0,"rotation":0,"texture":"#0"},"south":{"uv":[3.3793104,13.379311,3.6551723,14.0],"tintindex":0,"rotation":0,"texture":"#0"},"north":{"uv":[1.1034483,12.413794,1.3793104,13.034483],"tintindex":0,"rotation":0,"texture":"#0"},"west":{"uv":[13.379311,9.862069,13.655172,10.4827585],"tintindex":0,"rotation":0,"texture":"#0"},"up":{"uv":[10.965517,14.0,10.689655,13.724138],"tintindex":0,"rotation":0,"texture":"#0"},"down":{"uv":[11.862069,13.724138,11.586206,14.0],"tintindex":0,"rotation":0,"texture":"#0"}}}],"display":{"gui":{"rotation":[30,225,0]}}}