{"textures":{"0":"modelengine:entity/gatling_bodhisattva"},"elements":[{"from":[5.5,-0.5,5.5],"to":[10.5,10.5,10.5],"faces":{"east":{"uv":[7.862069,12.827586,8.206897,13.586206],"tintindex":0,"rotation":0,"texture":"#0"},"south":{"uv":[8.206897,12.827586,8.551724,13.586206],"tintindex":0,"rotation":0,"texture":"#0"},"north":{"uv":[7.5172415,12.827586,7.862069,13.586206],"tintindex":0,"rotation":0,"texture":"#0"},"west":{"uv":[8.551724,12.827586,8.896552,13.586206],"tintindex":0,"rotation":0,"texture":"#0"},"up":{"uv":[7.793103,13.931034,7.448276,13.586206],"tintindex":0,"rotation":0,"texture":"#0"},"down":{"uv":[8.137931,13.586206,7.793103,13.931034],"tintindex":0,"rotation":0,"texture":"#0"}}}],"display":{"gui":{"rotation":[30,225,0]}}}