{"textures":{"0":"modelengine:entity/gatling_bodhisattva"},"elements":[{"from":[6.0,4.0,7.5],"to":[10.0,12.0,8.5],"faces":{"east":{"uv":[2.275862,12.551724,2.3448277,13.103448],"tintindex":0,"rotation":0,"texture":"#0"},"south":{"uv":[13.5172415,5.172414,13.793103,5.724138],"tintindex":0,"rotation":0,"texture":"#0"},"north":{"uv":[13.5172415,4.62069,13.793103,5.172414],"tintindex":0,"rotation":0,"texture":"#0"},"west":{"uv":[0.8965517,13.586206,0.9655172,14.137931],"tintindex":0,"rotation":0,"texture":"#0"},"up":{"uv":[12.413794,12.620689,12.137931,12.551724],"tintindex":0,"rotation":0,"texture":"#0"},"down":{"uv":[13.103448,0.7586207,12.827586,0.82758623],"tintindex":0,"rotation":0,"texture":"#0"}}}],"display":{"gui":{"rotation":[30,225,0]}}}