{"textures":{"0":"modelengine:entity/gatling_bodhisattva"},"elements":[{"from":[6.0,-2.75,6.0],"to":[10.0,9.25,10.0],"faces":{"east":{"uv":[13.103448,3.0344827,13.379311,3.862069],"tintindex":0,"rotation":0,"texture":"#0"},"south":{"uv":[3.1034484,13.103448,3.3793104,13.931034],"tintindex":0,"rotation":0,"texture":"#0"},"north":{"uv":[2.8275862,13.103448,3.1034484,13.931034],"tintindex":0,"rotation":0,"texture":"#0"},"west":{"uv":[5.3103447,13.103448,5.586207,13.931034],"tintindex":0,"rotation":0,"texture":"#0"},"up":{"uv":[14.068966,4.551724,13.793103,4.275862],"tintindex":0,"rotation":0,"texture":"#0"},"down":{"uv":[14.068966,4.551724,13.793103,4.827586],"tintindex":0,"rotation":0,"texture":"#0"}}}],"display":{"gui":{"rotation":[30,225,0]}}}