{"textures":{"0":"modelengine:entity/gatling_bodhisattva"},"elements":[{"from":[5.5,-0.5,5.5],"to":[10.5,10.5,10.5],"faces":{"east":{"uv":[12.827586,0.0,13.172414,0.7586207],"tintindex":0,"rotation":0,"texture":"#0"},"south":{"uv":[6.827586,12.827586,7.172414,13.586206],"tintindex":0,"rotation":0,"texture":"#0"},"north":{"uv":[4.965517,12.689655,5.3103447,13.448276],"tintindex":0,"rotation":0,"texture":"#0"},"west":{"uv":[7.172414,12.827586,7.5172415,13.586206],"tintindex":0,"rotation":0,"texture":"#0"},"up":{"uv":[0.8965517,13.931034,0.55172414,13.586206],"tintindex":0,"rotation":0,"texture":"#0"},"down":{"uv":[7.448276,13.586206,7.1034484,13.931034],"tintindex":0,"rotation":0,"texture":"#0"}}}],"display":{"gui":{"rotation":[30,225,0]}}}