{"textures":{"0":"modelengine:entity/gatling_bodhisattva"},"elements":[{"from":[6.0,-0.5,6.0],"to":[10.0,8.5,10.0],"faces":{"east":{"uv":[12.689655,13.379311,12.965517,14.0],"tintindex":0,"rotation":0,"texture":"#0"},"south":{"uv":[12.965517,13.379311,13.24138,14.0],"tintindex":0,"rotation":0,"texture":"#0"},"north":{"uv":[13.379311,11.310345,13.655172,11.931034],"tintindex":0,"rotation":0,"texture":"#0"},"west":{"uv":[13.24138,13.379311,13.5172415,14.0],"tintindex":0,"rotation":0,"texture":"#0"},"up":{"uv":[14.068966,5.6551723,13.793103,5.37931],"tintindex":0,"rotation":0,"texture":"#0"},"down":{"uv":[5.862069,13.793103,5.586207,14.068966],"tintindex":0,"rotation":0,"texture":"#0"}}}],"display":{"gui":{"rotation":[30,225,0]}}}