{"textures":{"0":"modelengine:entity/gatling_bodhisattva"},"elements":[{"from":[6.0,-2.25,5.875],"to":[10.0,7.75,9.875],"faces":{"east":{"uv":[13.24138,5.6551723,13.5172415,6.3448277],"tintindex":0,"rotation":0,"texture":"#0"},"south":{"uv":[13.24138,7.9310346,13.5172415,8.620689],"tintindex":0,"rotation":0,"texture":"#0"},"north":{"uv":[4.62069,13.24138,4.8965516,13.931034],"tintindex":0,"rotation":0,"texture":"#0"},"west":{"uv":[13.24138,8.620689,13.5172415,9.310345],"tintindex":0,"rotation":0,"texture":"#0"},"up":{"uv":[14.068966,5.1034484,13.793103,4.827586],"tintindex":0,"rotation":0,"texture":"#0"},"down":{"uv":[14.068966,5.1034484,13.793103,5.37931],"tintindex":0,"rotation":0,"texture":"#0"}}}],"display":{"gui":{"rotation":[30,225,0]}}}