{"textures":{"0":"modelengine:entity/gatling_bodhisattva"},"elements":[{"from":[6.0,4.0,7.5],"to":[10.0,12.0,8.5],"faces":{"east":{"uv":[2.275862,12.0,2.3448277,12.551724],"tintindex":0,"rotation":0,"texture":"#0"},"south":{"uv":[1.1034483,13.5172415,1.3793104,14.068966],"tintindex":0,"rotation":0,"texture":"#0"},"north":{"uv":[0.0,13.5172415,0.27586207,14.068966],"tintindex":0,"rotation":0,"texture":"#0"},"west":{"uv":[9.586206,12.137931,9.655172,12.689655],"tintindex":0,"rotation":0,"texture":"#0"},"up":{"uv":[6.206897,12.137931,5.9310346,12.068966],"tintindex":0,"rotation":0,"texture":"#0"},"down":{"uv":[12.413794,12.4827585,12.137931,12.551724],"tintindex":0,"rotation":0,"texture":"#0"}}}],"display":{"gui":{"rotation":[30,225,0]}}}