{"textures":{"0":"modelengine:entity/gatling_bodhisattva"},"elements":[{"from":[-3.0,2.875,-3.0],"to":[19.0,6.875,19.0],"faces":{"east":{"uv":[12.206897,2.2068965,13.724138,2.4827585],"tintindex":0,"rotation":0,"texture":"#0"},"south":{"uv":[12.206897,2.4827585,13.724138,2.7586207],"tintindex":0,"rotation":0,"texture":"#0"},"north":{"uv":[12.137931,7.6551723,13.655172,7.9310346],"tintindex":0,"rotation":0,"texture":"#0"},"west":{"uv":[12.206897,2.7586207,13.724138,3.0344827],"tintindex":0,"rotation":0,"texture":"#0"},"up":{"uv":[5.9310346,12.275862,4.413793,10.75862],"tintindex":0,"rotation":0,"texture":"#0"},"down":{"uv":[12.275862,4.413793,10.75862,5.9310346],"tintindex":0,"rotation":0,"texture":"#0"}}},{"from":[1.0,6.875,1.0],"to":[15.0,12.875,15.0],"faces":{"east":{"uv":[3.4482758,12.206897,4.413793,12.620689],"tintindex":0,"rotation":0,"texture":"#0"},"south":{"uv":[12.275862,4.275862,13.24138,4.6896553],"tintindex":0,"rotation":0,"texture":"#0"},"north":{"uv":[10.75862,5.9310346,11.724138,6.3448277],"tintindex":0,"rotation":0,"texture":"#0"},"west":{"uv":[4.413793,12.275862,5.37931,12.689655],"tintindex":0,"rotation":0,"texture":"#0"},"up":{"uv":[2.3448277,12.0,1.3793104,11.034483],"tintindex":0,"rotation":0,"texture":"#0"},"down":{"uv":[12.0,1.3793104,11.034483,2.3448277],"tintindex":0,"rotation":0,"texture":"#0"}}},{"from":[-6.0,-1.125,-6.0],"to":[22.0,2.875,22.0],"faces":{"east":{"uv":[12.0,1.3793104,13.931034,1.6551725],"tintindex":0,"rotation":0,"texture":"#0"},"south":{"uv":[12.0,1.6551725,13.931034,1.9310344],"tintindex":0,"rotation":0,"texture":"#0"},"north":{"uv":[11.724138,4.0,13.655172,4.275862],"tintindex":0,"rotation":0,"texture":"#0"},"west":{"uv":[12.0,1.9310344,13.931034,2.2068965],"tintindex":0,"rotation":0,"texture":"#0"},"up":{"uv":[6.3448277,10.75862,4.413793,8.827586],"tintindex":0,"rotation":0,"texture":"#0"},"down":{"uv":[10.75862,4.413793,8.827586,6.3448277],"tintindex":0,"rotation":0,"texture":"#0"}}},{"from":[-2.0,12.875,-2.0],"to":[18.0,19.875,18.0],"faces":{"east":{"uv":[11.724138,3.5172415,13.103448,4.0],"tintindex":0,"rotation":0,"texture":"#0"},"south":{"uv":[11.862069,8.0,13.24138,8.4827585],"tintindex":0,"rotation":0,"texture":"#0"},"north":{"uv":[11.724138,3.0344827,13.103448,3.5172415],"tintindex":0,"rotation":0,"texture":"#0"},"west":{"uv":[11.862069,8.4827585,13.24138,8.965517],"tintindex":0,"rotation":0,"texture":"#0"},"up":{"uv":[1.3793104,12.413794,0.0,11.034483],"tintindex":0,"rotation":0,"texture":"#0"},"down":{"uv":[12.413794,0.0,11.034483,1.3793104],"tintindex":0,"rotation":0,"texture":"#0"}}}],"display":{"gui":{"rotation":[30,225,0]}}}