{"textures":{"0":"modelengine:entity/gatling_bodhisattva"},"elements":[{"from":[3.75,7.0,5.25],"to":[12.25,13.0,10.75],"faces":{"east":{"uv":[11.724138,5.9310346,12.103448,6.3448277],"tintindex":0,"rotation":0,"texture":"#0"},"south":{"uv":[12.896552,6.7586207,13.4827585,7.172414],"tintindex":0,"rotation":0,"texture":"#0"},"north":{"uv":[12.689655,11.034483,13.275862,11.448276],"tintindex":0,"rotation":0,"texture":"#0"},"west":{"uv":[4.8965516,13.448276,5.275862,13.862069],"tintindex":0,"rotation":0,"texture":"#0"},"up":{"uv":[13.75862,0.6551724,13.172414,0.27586207],"tintindex":0,"rotation":0,"texture":"#0"},"down":{"uv":[13.75862,10.4827585,13.172414,10.862069],"tintindex":0,"rotation":0,"texture":"#0"}}}],"display":{"gui":{"rotation":[30,225,0]}}}