{"textures":{"0":"modelengine:entity/zvarikia_alchemist"},"elements":[{"from":[3.241355,5.7970333,5.62112],"to":[9.020715,8.308075,8.92512],"faces":{"east":{"uv":[7.875,5.125,8.28125,5.4375],"tintindex":0,"rotation":0,"texture":"#0"},"south":{"uv":[6.875,6.125,7.59375,6.4375],"tintindex":0,"rotation":0,"texture":"#0"},"north":{"uv":[4.875,1.5,5.59375,1.8125],"tintindex":0,"rotation":0,"texture":"#0"},"west":{"uv":[0.0,8.0,0.40625,8.3125],"tintindex":0,"rotation":0,"texture":"#0"},"up":{"uv":[5.34375,6.65625,4.625,6.25],"tintindex":0,"rotation":0,"texture":"#0"},"down":{"uv":[6.09375,6.25,5.375,6.65625],"tintindex":0,"rotation":0,"texture":"#0"}}},{"from":[2.7127147,5.929195,4.96032],"to":[4.430795,8.175915,7.2070403],"faces":{"east":{"uv":[8.375,1.875,8.6875,2.1875],"tintindex":0,"rotation":0,"texture":"#0"},"south":{"uv":[8.875,0.75,9.125,1.0625],"tintindex":0,"rotation":0,"texture":"#0"},"north":{"uv":[0.75,8.875,1.0,9.1875],"tintindex":0,"rotation":0,"texture":"#0"},"west":{"uv":[2.25,8.375,2.5625,8.6875],"tintindex":0,"rotation":0,"texture":"#0"},"up":{"uv":[9.125,3.3125,8.875,3.0],"tintindex":0,"rotation":0,"texture":"#0"},"down":{"uv":[3.5,8.875,3.25,9.1875],"tintindex":0,"rotation":0,"texture":"#0"}},"rotation":{"origin":[4.8272753,7.052555,7.27312],"angle":45.0,"axis":"y"}}],"display":{"gui":{"rotation":[30,225,0]}}}