{"textures":{"0":"modelengine:entity/zvarikia_alchemist"},"elements":[{"from":[6.9792852,5.7970333,5.62112],"to":[12.758645,8.308075,8.92512],"faces":{"east":{"uv":[8.0,0.75,8.40625,1.0625],"tintindex":0,"rotation":0,"texture":"#0"},"south":{"uv":[6.875,6.875,7.59375,7.1875],"tintindex":0,"rotation":0,"texture":"#0"},"north":{"uv":[6.875,6.5,7.59375,6.8125],"tintindex":0,"rotation":0,"texture":"#0"},"west":{"uv":[8.0,1.125,8.40625,1.4375],"tintindex":0,"rotation":0,"texture":"#0"},"up":{"uv":[6.84375,6.65625,6.125,6.25],"tintindex":0,"rotation":0,"texture":"#0"},"down":{"uv":[7.09375,0.625,6.375,1.03125],"tintindex":0,"rotation":0,"texture":"#0"}}},{"from":[11.569205,5.929195,4.96032],"to":[13.287285,8.175915,7.2070403],"faces":{"east":{"uv":[4.625,8.375,4.9375,8.6875],"tintindex":0,"rotation":0,"texture":"#0"},"south":{"uv":[4.125,8.875,4.375,9.1875],"tintindex":0,"rotation":0,"texture":"#0"},"north":{"uv":[3.875,8.875,4.125,9.1875],"tintindex":0,"rotation":0,"texture":"#0"},"west":{"uv":[5.0,8.375,5.3125,8.6875],"tintindex":0,"rotation":0,"texture":"#0"},"up":{"uv":[4.625,9.1875,4.375,8.875],"tintindex":0,"rotation":0,"texture":"#0"},"down":{"uv":[9.125,4.625,8.875,4.9375],"tintindex":0,"rotation":0,"texture":"#0"}},"rotation":{"origin":[11.172725,7.052555,7.27312],"angle":-45.0,"axis":"y"}}],"display":{"gui":{"rotation":[30,225,0]}}}