{"textures":{"0":"modelengine:entity/zvarikia_alchemist"},"elements":[{"from":[3.7920628,7.445198,5.6568],"to":[5.638783,7.938158,6.28192],"faces":{"east":{"uv":[8.0,9.5,8.09375,9.59375],"tintindex":0,"rotation":0,"texture":"#0"},"south":{"uv":[9.5,0.5,9.78125,0.59375],"tintindex":0,"rotation":0,"texture":"#0"},"north":{"uv":[0.28125,9.5,0.0,9.59375],"tintindex":0,"rotation":0,"texture":"#0"},"west":{"uv":[9.5,8.0,9.59375,8.09375],"tintindex":0,"rotation":0,"texture":"#0"},"up":{"uv":[9.78125,0.71875,9.5,0.625],"tintindex":0,"rotation":0,"texture":"#0"},"down":{"uv":[1.03125,9.5,0.75,9.59375],"tintindex":0,"rotation":0,"texture":"#0"}},"rotation":{"origin":[4.682928,7.3880005,8.0],"angle":-22.5,"axis":"z"}},{"from":[6.8635683,6.99152,5.6568],"to":[8.410288,7.48448,6.28192],"faces":{"east":{"uv":[7.875,9.5,7.96875,9.59375],"tintindex":0,"rotation":0,"texture":"#0"},"south":{"uv":[9.5,0.0,9.78125,0.09375],"tintindex":0,"rotation":0,"texture":"#0"},"north":{"uv":[0.0,9.5,0.28125,9.59375],"tintindex":0,"rotation":0,"texture":"#0"},"west":{"uv":[9.5,7.875,9.59375,7.96875],"tintindex":0,"rotation":0,"texture":"#0"},"up":{"uv":[9.78125,0.21875,9.5,0.125],"tintindex":0,"rotation":0,"texture":"#0"},"down":{"uv":[9.78125,0.25,9.5,0.34375],"tintindex":0,"rotation":0,"texture":"#0"}}},{"from":[7.963568,7.1915207,5.6818],"to":[8.510288,7.8844795,6.28192],"faces":{"east":{"uv":[7.875,9.5,7.96875,9.59375],"tintindex":0,"rotation":0,"texture":"#0"},"south":{"uv":[9.5,0.0,9.78125,0.09375],"tintindex":0,"rotation":0,"texture":"#0"},"north":{"uv":[0.0,9.5,0.28125,9.59375],"tintindex":0,"rotation":0,"texture":"#0"},"west":{"uv":[9.5,7.875,9.59375,7.96875],"tintindex":0,"rotation":0,"texture":"#0"},"up":{"uv":[9.78125,0.21875,9.5,0.125],"tintindex":0,"rotation":0,"texture":"#0"},"down":{"uv":[9.78125,0.25,9.5,0.34375],"tintindex":0,"rotation":0,"texture":"#0"}},"rotation":{"origin":[7.986928,7.3880005,8.0],"angle":-22.5,"axis":"z"}},{"from":[3.8942747,7.806244,5.6818],"to":[4.340995,8.499203,6.28192],"faces":{"east":{"uv":[8.0,9.5,8.09375,9.59375],"tintindex":0,"rotation":0,"texture":"#0"},"south":{"uv":[9.5,0.5,9.78125,0.59375],"tintindex":0,"rotation":0,"texture":"#0"},"north":{"uv":[0.28125,9.5,0.0,9.59375],"tintindex":0,"rotation":0,"texture":"#0"},"west":{"uv":[9.5,8.0,9.59375,8.09375],"tintindex":0,"rotation":0,"texture":"#0"},"up":{"uv":[9.78125,0.71875,9.5,0.625],"tintindex":0,"rotation":0,"texture":"#0"},"down":{"uv":[1.03125,9.5,0.75,9.59375],"tintindex":0,"rotation":0,"texture":"#0"}}}],"display":{"gui":{"rotation":[30,225,0]}}}