{"textures":{"0":"modelengine:entity/zvarikia_alchemist"},"elements":[{"from":[5.3106756,7.5380783,7.94672],"to":[7.2970753,8.663679,7.94672],"faces":{"south":{"uv":[9.375,1.25,9.625,1.40625],"tintindex":0,"rotation":0,"texture":"#0"},"north":{"uv":[9.625,1.25,9.375,1.40625],"tintindex":0,"rotation":0,"texture":"#0"}}},{"from":[8.394844,7.5380783,7.94672],"to":[10.381244,8.663679,7.94672],"faces":{"south":{"uv":[9.625,1.25,9.375,1.40625],"tintindex":0,"rotation":0,"texture":"#0"},"north":{"uv":[9.375,1.25,9.625,1.40625],"tintindex":0,"rotation":0,"texture":"#0"}}}],"display":{"gui":{"rotation":[30,225,0]}}}