{"textures":{"0":"modelengine:entity/zvarikia_alchemist"},"elements":[{"from":[8.694844,7.6380787,7.94672],"to":[10.681244,8.7636795,7.94672],"faces":{"south":{"uv":[9.5,7.75,9.25,7.90625],"tintindex":0,"rotation":0,"texture":"#0"},"north":{"uv":[9.25,7.75,9.5,7.90625],"tintindex":0,"rotation":0,"texture":"#0"}}},{"from":[5.5106754,7.6380787,7.94672],"to":[7.4970756,8.7636795,7.94672],"faces":{"south":{"uv":[9.5,8.5,9.25,8.65625],"tintindex":0,"rotation":0,"texture":"#0"},"north":{"uv":[9.25,8.5,9.5,8.65625],"tintindex":0,"rotation":0,"texture":"#0"}}}],"display":{"gui":{"rotation":[30,225,0]}}}