{"textures":{"0":"modelengine:entity/zvarikia_alchemist"},"elements":[{"from":[7.8723364,6.1456966,6.3612165],"to":[11.546384,8.630304,9.638783],"faces":{"east":{"uv":[8.0,1.5,8.40625,1.8125],"tintindex":0,"rotation":0,"texture":"#0"},"south":{"uv":[2.375,7.625,2.84375,7.9375],"tintindex":0,"rotation":0,"texture":"#0"},"north":{"uv":[0.0,7.625,0.46875,7.9375],"tintindex":0,"rotation":0,"texture":"#0"},"west":{"uv":[2.25,8.0,2.65625,8.3125],"tintindex":0,"rotation":0,"texture":"#0"},"up":{"uv":[7.34375,7.65625,6.875,7.25],"tintindex":0,"rotation":0,"texture":"#0"},"down":{"uv":[1.21875,7.375,0.75,7.78125],"tintindex":0,"rotation":0,"texture":"#0"}}},{"from":[11.559601,6.364639,6.7444797],"to":[13.742,8.711359,9.1555195],"faces":{"east":{"uv":[1.5,8.25,1.84375,8.5625],"tintindex":0,"rotation":0,"texture":"#0"},"south":{"uv":[8.625,1.125,8.90625,1.4375],"tintindex":0,"rotation":0,"texture":"#0"},"north":{"uv":[8.5,8.375,8.78125,8.6875],"tintindex":0,"rotation":0,"texture":"#0"},"west":{"uv":[1.875,8.25,2.21875,8.5625],"tintindex":0,"rotation":0,"texture":"#0"},"up":{"uv":[8.65625,6.21875,8.375,5.875],"tintindex":0,"rotation":0,"texture":"#0"},"down":{"uv":[8.65625,6.25,8.375,6.59375],"tintindex":0,"rotation":0,"texture":"#0"}}}],"display":{"gui":{"rotation":[30,225,0]}}}