{"textures":{"0":"modelengine:entity/zvarikia_alchemist"},"elements":[{"from":[4.453616,6.1456966,6.3612165],"to":[8.127664,8.630304,9.638783],"faces":{"east":{"uv":[8.0,0.0,8.40625,0.3125],"tintindex":0,"rotation":0,"texture":"#0"},"south":{"uv":[5.25,4.625,5.71875,4.9375],"tintindex":0,"rotation":0,"texture":"#0"},"north":{"uv":[4.375,0.75,4.84375,1.0625],"tintindex":0,"rotation":0,"texture":"#0"},"west":{"uv":[8.0,0.375,8.40625,0.6875],"tintindex":0,"rotation":0,"texture":"#0"},"up":{"uv":[5.34375,7.65625,4.875,7.25],"tintindex":0,"rotation":0,"texture":"#0"},"down":{"uv":[5.84375,7.25,5.375,7.65625],"tintindex":0,"rotation":0,"texture":"#0"}}},{"from":[2.258,6.364639,6.7444797],"to":[4.4404,8.811359,9.1555195],"faces":{"east":{"uv":[2.21875,8.25,1.875,8.5625],"tintindex":0,"rotation":0,"texture":"#0"},"south":{"uv":[8.90625,1.125,8.625,1.4375],"tintindex":0,"rotation":0,"texture":"#0"},"north":{"uv":[8.78125,8.375,8.5,8.6875],"tintindex":0,"rotation":0,"texture":"#0"},"west":{"uv":[1.84375,8.25,1.5,8.5625],"tintindex":0,"rotation":0,"texture":"#0"},"up":{"uv":[8.375,6.21875,8.65625,5.875],"tintindex":0,"rotation":0,"texture":"#0"},"down":{"uv":[8.375,6.25,8.65625,6.59375],"tintindex":0,"rotation":0,"texture":"#0"}}}],"display":{"gui":{"rotation":[30,225,0]}}}