{"textures":{"0":"modelengine:entity/zvarikia_alchemist"},"elements":[{"from":[7.081633,3.959301,5.29072],"to":[8.138913,8.849222,11.10576],"faces":{"east":{"uv":[4.375,5.0,5.09375,5.625],"tintindex":0,"rotation":0,"texture":"#0"},"south":{"uv":[3.125,8.75,3.25,9.375],"tintindex":0,"rotation":0,"texture":"#0"},"north":{"uv":[2.625,4.0,2.75,4.625],"tintindex":0,"rotation":0,"texture":"#0"},"west":{"uv":[5.125,0.0,5.84375,0.625],"tintindex":0,"rotation":0,"texture":"#0"},"up":{"uv":[2.75,9.09375,2.625,8.375],"tintindex":0,"rotation":0,"texture":"#0"},"down":{"uv":[6.375,8.375,6.25,9.09375],"tintindex":0,"rotation":0,"texture":"#0"}}},{"from":[8.138913,3.5628223,4.62992],"to":[9.0640335,8.849222,11.37008],"faces":{"east":{"uv":[3.875,2.75,4.71875,3.40625],"tintindex":0,"rotation":0,"texture":"#0"},"south":{"uv":[0.125,8.75,0.25,9.40625],"tintindex":0,"rotation":0,"texture":"#0"},"north":{"uv":[0.0,8.75,0.125,9.40625],"tintindex":0,"rotation":0,"texture":"#0"},"west":{"uv":[0.0,4.0,0.84375,4.65625],"tintindex":0,"rotation":0,"texture":"#0"},"up":{"uv":[5.875,8.96875,5.75,8.125],"tintindex":0,"rotation":0,"texture":"#0"},"down":{"uv":[7.375,8.125,7.25,8.96875],"tintindex":0,"rotation":0,"texture":"#0"}}}],"display":{"gui":{"rotation":[30,225,0]}}}