{"textures":{"0":"modelengine:entity/gatling_bodhisattva_ph2"},"elements":[{"from":[3.25,6.5,5.0],"to":[12.75,13.5,11.0],"faces":{"east":{"uv":[10.888889,6.4444447,12.222222,8.0],"tintindex":0,"rotation":0,"texture":"#0"},"south":{"uv":[5.7777777,5.3333335,7.888889,6.888889],"tintindex":0,"rotation":0,"texture":"#0"},"north":{"uv":[3.3333333,5.7777777,5.4444447,7.3333335],"tintindex":0,"rotation":0,"texture":"#0"},"west":{"uv":[2.8888888,11.111112,4.2222223,12.666667],"tintindex":0,"rotation":0,"texture":"#0"},"up":{"uv":[9.222222,5.3333335,7.111111,4.0],"tintindex":0,"rotation":0,"texture":"#0"},"down":{"uv":[5.4444447,7.3333335,3.3333333,8.666667],"tintindex":0,"rotation":0,"texture":"#0"}}}],"display":{"gui":{"rotation":[30,225,0]}}}