{"textures":{"0":"modelengine:entity/gatling_bodhisattva_ph2"},"elements":[{"from":[2.5,7.073654,3.9430027],"to":[13.5,16.573654,10.943003],"faces":{"east":{"uv":[6.2222223,0.0,7.7777777,2.1111112],"tintindex":0,"rotation":0,"texture":"#0"},"south":{"uv":[0.0,2.2222223,2.4444444,4.3333335],"tintindex":0,"rotation":0,"texture":"#0"},"north":{"uv":[0.0,0.0,2.4444444,2.1111112],"tintindex":0,"rotation":0,"texture":"#0"},"west":{"uv":[0.0,6.4444447,1.5555556,8.555555],"tintindex":0,"rotation":0,"texture":"#0"},"up":{"uv":[4.888889,1.5555556,2.4444444,0.0],"tintindex":0,"rotation":0,"texture":"#0"},"down":{"uv":[4.888889,1.5555556,2.4444444,3.1111112],"tintindex":0,"rotation":0,"texture":"#0"}},"rotation":{"origin":[8.0,11.573654,7.4430027],"angle":22.5,"axis":"x"}}],"display":{"gui":{"rotation":[30,225,0]}}}