{"textures":{"0":"modelengine:entity/gatling_bodhisattva_ph2"},"elements":[{"from":[6.0,-2.25,5.875],"to":[10.0,7.75,9.875],"faces":{"east":{"uv":[4.2222223,11.111112,5.111111,13.333333],"tintindex":0,"rotation":0,"texture":"#0"},"south":{"uv":[5.111111,11.111112,6.0,13.333333],"tintindex":0,"rotation":0,"texture":"#0"},"north":{"uv":[0.0,11.111112,0.8888889,13.333333],"tintindex":0,"rotation":0,"texture":"#0"},"west":{"uv":[6.0,11.111112,6.888889,13.333333],"tintindex":0,"rotation":0,"texture":"#0"},"up":{"uv":[14.222222,8.444445,13.333333,7.555556],"tintindex":0,"rotation":0,"texture":"#0"},"down":{"uv":[14.222222,10.222222,13.333333,11.111112],"tintindex":0,"rotation":0,"texture":"#0"}}}],"display":{"gui":{"rotation":[30,225,0]}}}