{"textures":{"0":"modelengine:entity/gatling_bodhisattva_ph2"},"elements":[{"from":[6.0,-0.5,6.0],"to":[10.0,8.5,10.0],"faces":{"east":{"uv":[10.666667,11.777778,11.555555,13.777778],"tintindex":0,"rotation":0,"texture":"#0"},"south":{"uv":[8.666667,12.0,9.555555,14.0],"tintindex":0,"rotation":0,"texture":"#0"},"north":{"uv":[11.555555,10.222222,12.444445,12.222222],"tintindex":0,"rotation":0,"texture":"#0"},"west":{"uv":[9.555555,12.0,10.444445,14.0],"tintindex":0,"rotation":0,"texture":"#0"},"up":{"uv":[14.222222,12.0,13.333333,11.111112],"tintindex":0,"rotation":0,"texture":"#0"},"down":{"uv":[14.222222,12.0,13.333333,12.888889],"tintindex":0,"rotation":0,"texture":"#0"}}}],"display":{"gui":{"rotation":[30,225,0]}}}