{"textures":{"0":"modelengine:entity/gatling_bodhisattva_ph2"},"elements":[{"from":[6.0,-2.75,6.0],"to":[10.0,9.25,10.0],"faces":{"east":{"uv":[9.777778,3.777778,10.666667,6.4444447],"tintindex":0,"rotation":0,"texture":"#0"},"south":{"uv":[9.777778,9.333333,10.666667,12.0],"tintindex":0,"rotation":0,"texture":"#0"},"north":{"uv":[8.888889,9.333333,9.777778,12.0],"tintindex":0,"rotation":0,"texture":"#0"},"west":{"uv":[10.0,6.4444447,10.888889,9.111112],"tintindex":0,"rotation":0,"texture":"#0"},"up":{"uv":[11.333333,14.666667,10.444445,13.777778],"tintindex":0,"rotation":0,"texture":"#0"},"down":{"uv":[13.333333,13.777778,12.444445,14.666667],"tintindex":0,"rotation":0,"texture":"#0"}}}],"display":{"gui":{"rotation":[30,225,0]}}}