{"textures":{"0":"modelengine:entity/gatling_bodhisattva_ph2"},"elements":[{"from":[5.5,-0.5,5.5],"to":[10.5,10.5,10.5],"faces":{"east":{"uv":[3.3333333,8.666667,4.4444447,11.111112],"tintindex":0,"rotation":0,"texture":"#0"},"south":{"uv":[4.4444447,8.666667,5.555556,11.111112],"tintindex":0,"rotation":0,"texture":"#0"},"north":{"uv":[0.0,8.666667,1.1111112,11.111112],"tintindex":0,"rotation":0,"texture":"#0"},"west":{"uv":[5.555556,8.666667,6.6666665,11.111112],"tintindex":0,"rotation":0,"texture":"#0"},"up":{"uv":[2.4444444,14.444445,1.3333334,13.333333],"tintindex":0,"rotation":0,"texture":"#0"},"down":{"uv":[6.888889,13.333333,5.7777777,14.444445],"tintindex":0,"rotation":0,"texture":"#0"}}}],"display":{"gui":{"rotation":[30,225,0]}}}