{"textures":{"0":"modelengine:entity/gatling_bodhisattva_ph2"},"elements":[{"from":[6.0,4.0,7.5],"to":[10.0,12.0,8.5],"faces":{"east":{"uv":[3.1111112,9.333333,3.3333333,11.111112],"tintindex":0,"rotation":0,"texture":"#0"},"south":{"uv":[12.444445,12.0,13.333333,13.777778],"tintindex":0,"rotation":0,"texture":"#0"},"north":{"uv":[12.444445,10.222222,13.333333,12.0],"tintindex":0,"rotation":0,"texture":"#0"},"west":{"uv":[0.8888889,11.111112,1.1111112,12.888889],"tintindex":0,"rotation":0,"texture":"#0"},"up":{"uv":[5.7777777,2.8888888,4.888889,2.6666667],"tintindex":0,"rotation":0,"texture":"#0"},"down":{"uv":[5.7777777,2.8888888,4.888889,3.1111112],"tintindex":0,"rotation":0,"texture":"#0"}}}],"display":{"gui":{"rotation":[30,225,0]}}}