{"textures":{"0":"modelengine:entity/gatling_bodhisattva_ph2"},"elements":[{"from":[5.5,-0.5,5.5],"to":[10.5,10.5,10.5],"faces":{"east":{"uv":[7.7777777,8.666667,8.888889,11.111112],"tintindex":0,"rotation":0,"texture":"#0"},"south":{"uv":[8.888889,6.888889,10.0,9.333333],"tintindex":0,"rotation":0,"texture":"#0"},"north":{"uv":[6.6666665,8.666667,7.7777777,11.111112],"tintindex":0,"rotation":0,"texture":"#0"},"west":{"uv":[9.333333,0.0,10.444445,2.4444444],"tintindex":0,"rotation":0,"texture":"#0"},"up":{"uv":[14.444445,7.555556,13.333333,6.4444447],"tintindex":0,"rotation":0,"texture":"#0"},"down":{"uv":[8.0,13.333333,6.888889,14.444445],"tintindex":0,"rotation":0,"texture":"#0"}}}],"display":{"gui":{"rotation":[30,225,0]}}}