{"textures":{"0":"modelengine:entity/gatling_bodhisattva_ph2"},"elements":[{"from":[6.0,4.0,7.5],"to":[10.0,12.0,8.5],"faces":{"east":{"uv":[10.444445,12.0,10.666667,13.777778],"tintindex":0,"rotation":0,"texture":"#0"},"south":{"uv":[13.111112,4.6666665,14.0,6.4444447],"tintindex":0,"rotation":0,"texture":"#0"},"north":{"uv":[2.8888888,12.666667,3.777778,14.444445],"tintindex":0,"rotation":0,"texture":"#0"},"west":{"uv":[2.4444444,13.333333,2.6666667,15.111112],"tintindex":0,"rotation":0,"texture":"#0"},"up":{"uv":[4.2222223,5.3333335,3.3333333,5.111111],"tintindex":0,"rotation":0,"texture":"#0"},"down":{"uv":[4.2222223,5.3333335,3.3333333,5.555556],"tintindex":0,"rotation":0,"texture":"#0"}}}],"display":{"gui":{"rotation":[30,225,0]}}}