{"textures":{"0":"modelengine:entity/gatling_bodhisattva_ph2"},"elements":[{"from":[6.0,-2.75,6.0],"to":[10.0,9.25,10.0],"faces":{"east":{"uv":[2.0,10.666667,2.8888888,13.333333],"tintindex":0,"rotation":0,"texture":"#0"},"south":{"uv":[10.666667,3.777778,11.555555,6.4444447],"tintindex":0,"rotation":0,"texture":"#0"},"north":{"uv":[1.1111112,10.666667,2.0,13.333333],"tintindex":0,"rotation":0,"texture":"#0"},"west":{"uv":[2.8888888,10.666667,2.0,13.333333],"tintindex":0,"rotation":0,"texture":"#0"},"up":{"uv":[14.222222,14.666667,13.333333,13.777778],"tintindex":0,"rotation":0,"texture":"#0"},"down":{"uv":[4.6666665,14.0,3.777778,14.888889],"tintindex":0,"rotation":0,"texture":"#0"}}}],"display":{"gui":{"rotation":[30,225,0]}}}