{"textures":{"0":"modelengine:entity/gatling_bodhisattva_ph2"},"elements":[{"from":[6.0,-0.5,6.0],"to":[10.0,8.5,10.0],"faces":{"east":{"uv":[11.555555,12.222222,12.444445,14.222222],"tintindex":0,"rotation":0,"texture":"#0"},"south":{"uv":[12.444445,2.6666667,13.333333,4.6666665],"tintindex":0,"rotation":0,"texture":"#0"},"north":{"uv":[12.222222,4.888889,13.111112,6.888889],"tintindex":0,"rotation":0,"texture":"#0"},"west":{"uv":[12.444445,6.888889,13.333333,8.888889],"tintindex":0,"rotation":0,"texture":"#0"},"up":{"uv":[14.666667,9.333333,13.777778,8.444445],"tintindex":0,"rotation":0,"texture":"#0"},"down":{"uv":[14.666667,9.333333,13.777778,10.222222],"tintindex":0,"rotation":0,"texture":"#0"}}}],"display":{"gui":{"rotation":[30,225,0]}}}