{"textures":{"0":"modelengine:entity/gatling_bodhisattva_ph2"},"elements":[{"from":[6.0,-2.25,5.875],"to":[10.0,7.75,9.875],"faces":{"east":{"uv":[7.7777777,11.111112,8.666667,13.333333],"tintindex":0,"rotation":0,"texture":"#0"},"south":{"uv":[11.555555,2.6666667,12.444445,4.888889],"tintindex":0,"rotation":0,"texture":"#0"},"north":{"uv":[6.888889,11.111112,7.7777777,13.333333],"tintindex":0,"rotation":0,"texture":"#0"},"west":{"uv":[11.555555,8.0,12.444445,10.222222],"tintindex":0,"rotation":0,"texture":"#0"},"up":{"uv":[14.222222,13.777778,13.333333,12.888889],"tintindex":0,"rotation":0,"texture":"#0"},"down":{"uv":[14.666667,0.0,13.777778,0.8888889],"tintindex":0,"rotation":0,"texture":"#0"}}}],"display":{"gui":{"rotation":[30,225,0]}}}