{"textures":{"0":"modelengine:entity/gatling_bodhisattva_ph2"},"elements":[{"from":[3.75,7.0,5.25],"to":[12.25,13.0,10.75],"faces":{"east":{"uv":[12.444445,0.0,13.666667,1.3333334],"tintindex":0,"rotation":0,"texture":"#0"},"south":{"uv":[1.1111112,9.333333,3.0,10.666667],"tintindex":0,"rotation":0,"texture":"#0"},"north":{"uv":[8.888889,2.4444444,10.777778,3.777778],"tintindex":0,"rotation":0,"texture":"#0"},"west":{"uv":[12.444445,8.888889,13.666667,10.222222],"tintindex":0,"rotation":0,"texture":"#0"},"up":{"uv":[12.333333,1.2222222,10.444445,0.0],"tintindex":0,"rotation":0,"texture":"#0"},"down":{"uv":[12.777778,1.3333334,10.888889,2.5555556],"tintindex":0,"rotation":0,"texture":"#0"}}}],"display":{"gui":{"rotation":[30,225,0]}}}