{"textures":{"0":"modelengine:entity/ghoul1"},"elements":[{"from":[3.6537952,2.3713303,7.0892167],"to":[5.4037952,6.571331,9.189217],"faces":{"east":{"uv":[4.0,9.75,4.375,10.5],"tintindex":0,"rotation":0,"texture":"#0"},"south":{"uv":[1.5,9.875,1.8125,10.625],"tintindex":0,"rotation":0,"texture":"#0"},"north":{"uv":[1.125,9.875,1.4375,10.625],"tintindex":0,"rotation":0,"texture":"#0"},"west":{"uv":[9.75,4.25,10.125,5.0],"tintindex":0,"rotation":0,"texture":"#0"},"up":{"uv":[10.5625,10.25,10.25,9.875],"tintindex":0,"rotation":0,"texture":"#0"},"down":{"uv":[10.5625,10.25,10.25,10.625],"tintindex":0,"rotation":0,"texture":"#0"}},"rotation":{"origin":[15.203795,15.251331,5.3392167],"angle":22.5,"axis":"z"}},{"from":[5.7537956,1.6713305,6.389217],"to":[9.603796,8.671331,9.889217],"faces":{"east":{"uv":[5.125,5.375,5.75,6.625],"tintindex":0,"rotation":0,"texture":"#0"},"south":{"uv":[3.625,5.0,4.3125,6.25],"tintindex":0,"rotation":0,"texture":"#0"},"north":{"uv":[2.875,5.0,3.5625,6.25],"tintindex":0,"rotation":0,"texture":"#0"},"west":{"uv":[0.0,5.5,0.625,6.75],"tintindex":0,"rotation":0,"texture":"#0"},"up":{"uv":[6.9375,2.375,6.25,1.75],"tintindex":0,"rotation":0,"texture":"#0"},"down":{"uv":[9.4375,1.625,8.75,2.25],"tintindex":0,"rotation":0,"texture":"#0"}}},{"from":[5.053795,-2.5286694,8.489217],"to":[7.1537952,1.6713305,10.589216],"faces":{"east":{"uv":[9.75,0.625,10.125,1.375],"tintindex":0,"rotation":0,"texture":"#0"},"south":{"uv":[3.0,9.75,3.375,10.5],"tintindex":0,"rotation":0,"texture":"#0"},"north":{"uv":[9.5,9.625,9.875,10.375],"tintindex":0,"rotation":0,"texture":"#0"},"west":{"uv":[9.75,3.5,10.125,4.25],"tintindex":0,"rotation":0,"texture":"#0"},"up":{"uv":[8.25,3.25,7.875,2.875],"tintindex":0,"rotation":0,"texture":"#0"},"down":{"uv":[5.125,8.125,4.75,8.5],"tintindex":0,"rotation":0,"texture":"#0"}}},{"from":[5.053795,-2.5286694,5.6892166],"to":[6.803795,1.6713305,7.789217],"faces":{"east":{"uv":[8.75,9.625,9.125,10.375],"tintindex":0,"rotation":0,"texture":"#0"},"south":{"uv":[0.75,9.875,1.0625,10.625],"tintindex":0,"rotation":0,"texture":"#0"},"north":{"uv":[0.375,9.875,0.6875,10.625],"tintindex":0,"rotation":0,"texture":"#0"},"west":{"uv":[9.125,9.625,9.5,10.375],"tintindex":0,"rotation":0,"texture":"#0"},"up":{"uv":[10.5625,9.875,10.25,9.5],"tintindex":0,"rotation":0,"texture":"#0"},"down":{"uv":[10.1875,10.25,9.875,10.625],"tintindex":0,"rotation":0,"texture":"#0"}}}],"display":{"gui":{"rotation":[30,225,0]}}}