{"textures":{"0":"modelengine:entity/ghoul1"},"elements":[{"from":[6.1498566,6.415196,5.8947177],"to":[9.999857,7.535196,10.234718],"faces":{"east":{"uv":[10.125,4.0,10.875,4.1875],"tintindex":0,"rotation":0,"texture":"#0"},"south":{"uv":[10.125,7.625,10.8125,7.8125],"tintindex":0,"rotation":0,"texture":"#0"},"north":{"uv":[10.125,7.375,10.8125,7.5625],"tintindex":0,"rotation":0,"texture":"#0"},"west":{"uv":[10.125,4.25,10.875,4.4375],"tintindex":0,"rotation":0,"texture":"#0"},"up":{"uv":[1.4375,9.25,0.75,8.5],"tintindex":0,"rotation":0,"texture":"#0"},"down":{"uv":[2.1875,8.5,1.5,9.25],"tintindex":0,"rotation":0,"texture":"#0"}}},{"from":[6.499857,2.915196,6.2447176],"to":[9.649857,8.585196,9.884718],"faces":{"east":{"uv":[7.125,7.625,7.75,8.625],"tintindex":0,"rotation":0,"texture":"#0"},"south":{"uv":[8.25,2.875,8.8125,3.875],"tintindex":0,"rotation":0,"texture":"#0"},"north":{"uv":[4.125,8.125,4.6875,9.125],"tintindex":0,"rotation":0,"texture":"#0"},"west":{"uv":[7.75,7.625,8.375,8.625],"tintindex":0,"rotation":0,"texture":"#0"},"up":{"uv":[1.1875,9.875,0.625,9.25],"tintindex":0,"rotation":0,"texture":"#0"},"down":{"uv":[1.8125,9.25,1.25,9.875],"tintindex":0,"rotation":0,"texture":"#0"}}},{"from":[5.7998567,1.16641,4.1447177],"to":[7.1998568,2.6364102,5.544718],"faces":{"east":{"uv":[10.625,10.0,10.875,10.25],"tintindex":0,"rotation":0,"texture":"#0"},"south":{"uv":[10.25,10.625,10.5,10.875],"tintindex":0,"rotation":0,"texture":"#0"},"north":{"uv":[10.0,10.625,10.25,10.875],"tintindex":0,"rotation":0,"texture":"#0"},"west":{"uv":[10.625,10.25,10.875,10.5],"tintindex":0,"rotation":0,"texture":"#0"},"up":{"uv":[10.75,10.875,10.5,10.625],"tintindex":0,"rotation":0,"texture":"#0"},"down":{"uv":[0.25,10.75,0.0,11.0],"tintindex":0,"rotation":0,"texture":"#0"}},"rotation":{"origin":[6.7798567,30.285196,7.0147176],"angle":-45.0,"axis":"y"}},{"from":[4.749857,1.165196,4.8447175],"to":[6.1498566,2.6351962,6.2447176],"faces":{"east":{"uv":[4.5,10.625,4.75,10.875],"tintindex":0,"rotation":0,"texture":"#0"},"south":{"uv":[10.625,5.25,10.875,5.5],"tintindex":0,"rotation":0,"texture":"#0"},"north":{"uv":[4.25,10.625,4.5,10.875],"tintindex":0,"rotation":0,"texture":"#0"},"west":{"uv":[10.625,5.5,10.875,5.75],"tintindex":0,"rotation":0,"texture":"#0"},"up":{"uv":[6.375,10.875,6.125,10.625],"tintindex":0,"rotation":0,"texture":"#0"},"down":{"uv":[6.625,10.625,6.375,10.875],"tintindex":0,"rotation":0,"texture":"#0"}},"rotation":{"origin":[6.7798567,30.285196,7.0147176],"angle":-45.0,"axis":"y"}},{"from":[6.1498566,1.5151958,4.8447175],"to":[9.999857,2.985196,10.234718],"faces":{"east":{"uv":[9.875,0.0,10.8125,0.25],"tintindex":0,"rotation":0,"texture":"#0"},"south":{"uv":[10.125,0.5,10.8125,0.75],"tintindex":0,"rotation":0,"texture":"#0"},"north":{"uv":[10.0,9.25,10.6875,9.5],"tintindex":0,"rotation":0,"texture":"#0"},"west":{"uv":[9.875,0.25,10.8125,0.5],"tintindex":0,"rotation":0,"texture":"#0"},"up":{"uv":[7.9375,6.5625,7.25,5.625],"tintindex":0,"rotation":0,"texture":"#0"},"down":{"uv":[7.9375,6.625,7.25,7.5625],"tintindex":0,"rotation":0,"texture":"#0"}}},{"from":[6.499857,1.165196,3.0947175],"to":[7.8998566,2.6351962,4.4947176],"faces":{"east":{"uv":[8.375,10.625,8.625,10.875],"tintindex":0,"rotation":0,"texture":"#0"},"south":{"uv":[10.625,8.75,10.875,9.0],"tintindex":0,"rotation":0,"texture":"#0"},"north":{"uv":[8.125,10.625,8.375,10.875],"tintindex":0,"rotation":0,"texture":"#0"},"west":{"uv":[10.625,9.5,10.875,9.75],"tintindex":0,"rotation":0,"texture":"#0"},"up":{"uv":[10.0,10.875,9.75,10.625],"tintindex":0,"rotation":0,"texture":"#0"},"down":{"uv":[10.875,9.75,10.625,10.0],"tintindex":0,"rotation":0,"texture":"#0"}},"rotation":{"origin":[6.7798567,30.285196,7.0147176],"angle":-45.0,"axis":"y"}},{"from":[6.1498566,3.6151962,5.8947177],"to":[9.999857,4.735196,10.234718],"faces":{"east":{"uv":[10.125,3.5,10.875,3.6875],"tintindex":0,"rotation":0,"texture":"#0"},"south":{"uv":[10.125,4.75,10.8125,4.9375],"tintindex":0,"rotation":0,"texture":"#0"},"north":{"uv":[10.125,4.5,10.8125,4.6875],"tintindex":0,"rotation":0,"texture":"#0"},"west":{"uv":[10.125,3.75,10.875,3.9375],"tintindex":0,"rotation":0,"texture":"#0"},"up":{"uv":[9.0625,8.5,8.375,7.75],"tintindex":0,"rotation":0,"texture":"#0"},"down":{"uv":[0.6875,8.5,0.0,9.25],"tintindex":0,"rotation":0,"texture":"#0"}}}],"display":{"gui":{"rotation":[30,225,0]}}}