{"textures":{"0":"modelengine:entity/ghoul1"},"elements":[{"from":[3.3833337,16.416666,4.4300003],"to":[8.843333,16.416666,11.78],"faces":{"up":{"uv":[3.0,4.0625,2.0,2.75],"tintindex":0,"rotation":0,"texture":"#0"},"down":{"uv":[4.0,1.375,3.0,2.6875],"tintindex":0,"rotation":0,"texture":"#0"}},"rotation":{"origin":[7.4833336,11.796667,3.0299997],"angle":45.0,"axis":"x"}}],"display":{"gui":{"rotation":[30,225,0]}}}