{"textures":{"0":"modelengine:entity/ghoul1"},"elements":[{"from":[6.2233334,7.616667,5.359172],"to":[10.003333,9.856667,5.359172],"faces":{"south":{"uv":[9.75,5.0,10.4375,5.375],"tintindex":0,"rotation":0,"texture":"#0"},"north":{"uv":[9.625,8.375,10.3125,8.75],"tintindex":0,"rotation":0,"texture":"#0"}}},{"from":[6.2233334,7.616667,5.3599997],"to":[10.003333,8.456667,8.09],"faces":{"east":{"uv":[7.25,0.625,7.75,0.75],"tintindex":0,"rotation":0,"texture":"#0"},"south":{"uv":[10.375,8.625,11.0625,8.75],"tintindex":0,"rotation":0,"texture":"#0"},"north":{"uv":[10.375,7.0,11.0625,7.125],"tintindex":0,"rotation":0,"texture":"#0"},"west":{"uv":[7.25,0.75,7.75,0.875],"tintindex":0,"rotation":0,"texture":"#0"},"up":{"uv":[4.9375,1.375,4.25,0.875],"tintindex":0,"rotation":0,"texture":"#0"},"down":{"uv":[5.4375,9.25,4.75,9.75],"tintindex":0,"rotation":0,"texture":"#0"}}},{"from":[10.003799,7.616667,5.3599997],"to":[10.003799,9.856667,6.76],"faces":{"east":{"uv":[10.5,2.375,10.75,2.75],"tintindex":0,"rotation":0,"texture":"#0"},"west":{"uv":[2.625,10.5,2.875,10.875],"tintindex":0,"rotation":0,"texture":"#0"}}},{"from":[6.2231,7.616667,5.3599997],"to":[6.2231,9.856667,6.76],"faces":{"east":{"uv":[10.5,2.75,10.75,3.125],"tintindex":0,"rotation":0,"texture":"#0"},"west":{"uv":[2.875,10.5,3.125,10.875],"tintindex":0,"rotation":0,"texture":"#0"}}}],"display":{"gui":{"rotation":[30,225,0]}}}