{"textures":{"0":"modelengine:entity/ghoul1"},"elements":[{"from":[6.780106,0.8602624,7.144826],"to":[8.880106,7.9302626,9.034826],"faces":{"east":{"uv":[7.875,8.625,8.1875,9.875],"tintindex":0,"rotation":0,"texture":"#0"},"south":{"uv":[8.375,8.5,8.75,9.75],"tintindex":0,"rotation":0,"texture":"#0"},"north":{"uv":[3.0,8.5,3.375,9.75],"tintindex":0,"rotation":0,"texture":"#0"},"west":{"uv":[8.75,3.875,9.0625,5.125],"tintindex":0,"rotation":0,"texture":"#0"},"up":{"uv":[10.75,6.4375,10.375,6.125],"tintindex":0,"rotation":0,"texture":"#0"},"down":{"uv":[10.75,6.5,10.375,6.8125],"tintindex":0,"rotation":0,"texture":"#0"}}},{"from":[7.130106,0.8602624,7.4948263],"to":[8.530106,7.9302626,8.684826],"faces":{"east":{"uv":[7.125,9.875,7.3125,11.125],"tintindex":0,"rotation":0,"texture":"#0"},"south":{"uv":[5.5,9.625,5.75,10.875],"tintindex":0,"rotation":0,"texture":"#0"},"north":{"uv":[6.125,9.0,6.375,10.25],"tintindex":0,"rotation":0,"texture":"#0"},"west":{"uv":[7.375,9.875,7.5625,11.125],"tintindex":0,"rotation":0,"texture":"#0"},"up":{"uv":[11.0,1.5625,10.75,1.375],"tintindex":0,"rotation":0,"texture":"#0"},"down":{"uv":[11.0,2.0,10.75,2.1875],"tintindex":0,"rotation":0,"texture":"#0"}}}],"display":{"gui":{"rotation":[30,225,0]}}}