{"textures":{"2":"modelengine:entity/gatling_bodhisattva_light"},"elements":[{"from":[7.0,-9.0,7.0],"to":[9.0,9.0,9.0],"faces":{"east":{"uv":[12.800001,8.8,13.066668,11.200001],"tintindex":0,"rotation":0,"texture":"#2"},"south":{"uv":[9.6,12.800001,9.866667,15.200001],"tintindex":0,"rotation":0,"texture":"#2"},"north":{"uv":[12.800001,6.4000006,13.066668,8.8],"tintindex":0,"rotation":0,"texture":"#2"},"west":{"uv":[9.866667,12.800001,10.133334,15.200001],"tintindex":0,"rotation":0,"texture":"#2"},"up":{"uv":[12.000001,5.6000004,11.733334,5.3333335],"tintindex":0,"rotation":0,"texture":"#2"},"down":{"uv":[12.000001,5.6000004,11.733334,5.866667],"tintindex":0,"rotation":0,"texture":"#2"}}}],"display":{"gui":{"rotation":[30,225,0]}}}