{"textures":{"1":"modelengine:entity/gatling_bodhisattva"},"elements":[{"from":[3.25,6.5,5.0],"to":[12.75,13.5,11.0],"faces":{"east":{"uv":[5.9310346,11.586207,6.344828,12.068966],"tintindex":0,"rotation":0,"texture":"#1"},"south":{"uv":[12.413794,12.137932,13.068966,12.62069],"tintindex":0,"rotation":0,"texture":"#1"},"north":{"uv":[12.413794,0.8275863,13.068966,1.3103449],"tintindex":0,"rotation":0,"texture":"#1"},"west":{"uv":[5.9310346,13.172415,6.344828,13.655173],"tintindex":0,"rotation":0,"texture":"#1"},"up":{"uv":[13.344828,10.482759,12.689656,10.068966],"tintindex":0,"rotation":0,"texture":"#1"},"down":{"uv":[10.793103,12.689656,10.137932,13.103449],"tintindex":0,"rotation":0,"texture":"#1"}}}],"display":{"gui":{"rotation":[30,225,0]}}}