{"textures":{"1":"modelengine:entity/gatling_bodhisattva"},"elements":[{"from":[-8.25,8.0,-8.25],"to":[23.75,8.0,23.75],"faces":{"up":{"uv":[8.827586,4.413793,4.413793,0.0],"tintindex":0,"rotation":0,"texture":"#1"},"down":{"uv":[8.827586,4.413793,4.413793,8.827586],"tintindex":0,"rotation":0,"texture":"#1"}}},{"from":[8.25,-8.0,-7.75],"to":[8.25,24.0,24.25],"faces":{"east":{"uv":[0.0,0.0,4.413793,4.413793],"tintindex":0,"rotation":0,"texture":"#1"},"west":{"uv":[0.0,4.413793,4.413793,8.827586],"tintindex":0,"rotation":0,"texture":"#1"}}}],"display":{"gui":{"rotation":[30,225,0]}}}