{"textures":{"1":"modelengine:entity/gatling_bodhisattva"},"elements":[{"from":[5.5,5.42297,4.201461],"to":[10.5,14.92297,4.201461],"faces":{"south":{"uv":[10.137932,13.103449,10.482759,13.758621],"tintindex":0,"rotation":0,"texture":"#1"},"north":{"uv":[5.5862074,13.103449,5.9310346,13.758621],"tintindex":0,"rotation":0,"texture":"#1"}},"rotation":{"origin":[11.0,9.42297,7.9514604],"angle":22.5,"axis":"x"}},{"from":[5.5,-8.122097,13.982708],"to":[10.5,12.877903,13.982708],"faces":{"south":{"uv":[6.482759,12.137932,6.8275867,13.586207],"tintindex":0,"rotation":0,"texture":"#1"},"north":{"uv":[1.9310346,12.000001,2.2758622,13.4482765],"tintindex":0,"rotation":0,"texture":"#1"}}},{"from":[5.5,0.16251373,2.9561787],"to":[10.5,7.1625137,2.9561787],"faces":{"south":{"uv":[1.862069,13.4482765,2.2068965,13.931035],"tintindex":0,"rotation":0,"texture":"#1"},"north":{"uv":[13.379311,7.172414,13.724139,7.655173],"tintindex":0,"rotation":0,"texture":"#1"}}},{"from":[5.5,14.92297,4.201461],"to":[10.5,14.92297,12.20146],"faces":{"up":{"uv":[13.586207,9.862069,13.241381,9.310345],"tintindex":0,"rotation":0,"texture":"#1"},"down":{"uv":[9.931035,13.241381,9.586207,13.793104],"tintindex":0,"rotation":0,"texture":"#1"}},"rotation":{"origin":[11.0,9.42297,7.9514604],"angle":22.5,"axis":"x"}}],"display":{"gui":{"rotation":[30,225,0]}}}