{"textures":{"1":"modelengine:entity/gatling_bodhisattva"},"elements":[{"from":[2.5,7.073654,3.9430027],"to":[13.5,16.573654,10.943003],"faces":{"east":{"uv":[0.6206897,12.413794,1.1034483,13.068966],"tintindex":0,"rotation":0,"texture":"#1"},"south":{"uv":[12.137932,6.9655175,12.896552,7.6206903],"tintindex":0,"rotation":0,"texture":"#1"},"north":{"uv":[6.8275867,12.137932,7.5862074,12.793103],"tintindex":0,"rotation":0,"texture":"#1"},"west":{"uv":[12.413794,11.4482765,12.896552,12.103449],"tintindex":0,"rotation":0,"texture":"#1"},"up":{"uv":[13.034484,5.172414,12.275863,4.6896553],"tintindex":0,"rotation":0,"texture":"#1"},"down":{"uv":[13.034484,5.172414,12.275863,5.6551723],"tintindex":0,"rotation":0,"texture":"#1"}},"rotation":{"origin":[8.0,11.573654,7.4430027],"angle":22.5,"axis":"x"}}],"display":{"gui":{"rotation":[30,225,0]}}}