{"textures":{"1":"modelengine:entity/gatling_bodhisattva"},"elements":[{"from":[2.1497502,3.1373587,-0.21923447],"to":[12.3497505,13.337359,16.580765],"faces":{"east":{"uv":[2.3448277,11.034483,3.5172417,11.724139],"tintindex":0,"rotation":0,"texture":"#1"},"south":{"uv":[8.275863,12.137932,8.965518,12.827586],"tintindex":0,"rotation":0,"texture":"#1"},"north":{"uv":[7.5862074,12.137932,8.275863,12.827586],"tintindex":0,"rotation":0,"texture":"#1"},"west":{"uv":[11.034483,2.3448277,12.206898,3.034483],"tintindex":0,"rotation":0,"texture":"#1"},"up":{"uv":[11.724139,4.206897,11.034483,3.034483],"tintindex":0,"rotation":0,"texture":"#1"},"down":{"uv":[4.206897,11.034483,3.5172417,12.206898],"tintindex":0,"rotation":0,"texture":"#1"}}},{"from":[8.14975,2.031201,14.908989],"to":[11.14975,3.2312012,22.10899],"faces":{"east":{"uv":[13.793104,6.6206903,14.275863,6.6896553],"tintindex":0,"rotation":0,"texture":"#1"},"south":{"uv":[12.896552,11.931035,13.103449,12.000001],"tintindex":0,"rotation":0,"texture":"#1"},"north":{"uv":[12.689656,6.896552,12.896552,6.9655175],"tintindex":0,"rotation":0,"texture":"#1"},"west":{"uv":[13.793104,8.827586,14.275863,8.896552],"tintindex":0,"rotation":0,"texture":"#1"},"up":{"uv":[6.1379313,14.137932,5.9310346,13.655173],"tintindex":0,"rotation":0,"texture":"#1"},"down":{"uv":[6.344828,13.655173,6.1379313,14.137932],"tintindex":0,"rotation":0,"texture":"#1"}}},{"from":[6.04375,11.031201,-3.7030084],"to":[8.45575,15.843202,-2.5030081],"faces":{"east":{"uv":[1.862069,13.034484,1.9310346,13.379311],"tintindex":0,"rotation":0,"texture":"#1"},"south":{"uv":[8.827586,13.793104,9.0,14.137932],"tintindex":0,"rotation":0,"texture":"#1"},"north":{"uv":[13.793104,8.344829,13.965518,8.689656],"tintindex":0,"rotation":0,"texture":"#1"},"west":{"uv":[5.8620696,13.793104,5.9310346,14.137932],"tintindex":0,"rotation":0,"texture":"#1"},"up":{"uv":[13.413794,13.034484,13.241381,12.965518],"tintindex":0,"rotation":0,"texture":"#1"},"down":{"uv":[13.413794,13.034484,13.241381,13.103449],"tintindex":0,"rotation":0,"texture":"#1"}}},{"from":[6.04375,12.2312,14.89699],"to":[8.45575,15.843202,16.108992],"faces":{"east":{"uv":[3.3793106,13.103449,3.448276,13.344828],"tintindex":0,"rotation":0,"texture":"#1"},"south":{"uv":[13.793104,10.965518,13.965518,11.206898],"tintindex":0,"rotation":0,"texture":"#1"},"north":{"uv":[13.793104,10.689656,13.965518,10.931035],"tintindex":0,"rotation":0,"texture":"#1"},"west":{"uv":[9.862069,13.793104,9.931035,14.034484],"tintindex":0,"rotation":0,"texture":"#1"},"up":{"uv":[13.413794,6.758621,13.241381,6.6896553],"tintindex":0,"rotation":0,"texture":"#1"},"down":{"uv":[13.413794,12.896552,13.241381,12.965518],"tintindex":0,"rotation":0,"texture":"#1"}}},{"from":[4.24975,1.9373589,-3.819233],"to":[10.24975,4.3373594,6.9807663],"faces":{"east":{"uv":[13.517242,8.896552,14.275863,9.068966],"tintindex":0,"rotation":0,"texture":"#1"},"south":{"uv":[13.793104,8.137931,14.206898,8.310346],"tintindex":0,"rotation":0,"texture":"#1"},"north":{"uv":[13.793104,7.9310346,14.206898,8.103449],"tintindex":0,"rotation":0,"texture":"#1"},"west":{"uv":[13.517242,9.103449,14.275863,9.275862],"tintindex":0,"rotation":0,"texture":"#1"},"up":{"uv":[12.137932,13.241381,11.724139,12.482759],"tintindex":0,"rotation":0,"texture":"#1"},"down":{"uv":[3.8620691,12.62069,3.448276,13.379311],"tintindex":0,"rotation":0,"texture":"#1"}}},{"from":[8.14975,3.2312005,18.496992],"to":[11.161751,6.8432007,19.70899],"faces":{"east":{"uv":[11.586207,12.965518,11.655173,13.206898],"tintindex":0,"rotation":0,"texture":"#1"},"south":{"uv":[9.241381,13.793104,9.4482765,14.034484],"tintindex":0,"rotation":0,"texture":"#1"},"north":{"uv":[9.034483,13.793104,9.241381,14.034484],"tintindex":0,"rotation":0,"texture":"#1"},"west":{"uv":[11.655173,12.965518,11.724139,13.206898],"tintindex":0,"rotation":0,"texture":"#1"},"up":{"uv":[13.172415,8.0,12.965518,7.9310346],"tintindex":0,"rotation":0,"texture":"#1"},"down":{"uv":[13.4482765,4.6206903,13.241381,4.6896553],"tintindex":0,"rotation":0,"texture":"#1"}}},{"from":[1.2497501,-1.6626415,-1.4192352],"to":[13.24975,2.5373592,2.7807655],"faces":{"east":{"uv":[13.793104,6.344828,14.068967,6.6206903],"tintindex":0,"rotation":0,"texture":"#1"},"south":{"uv":[13.103449,12.206898,13.931035,12.482759],"tintindex":0,"rotation":0,"texture":"#1"},"north":{"uv":[13.103449,11.931035,13.931035,12.206898],"tintindex":0,"rotation":0,"texture":"#1"},"west":{"uv":[6.482759,13.793104,6.758621,14.068967],"tintindex":0,"rotation":0,"texture":"#1"},"up":{"uv":[13.517242,13.379311,12.689656,13.103449],"tintindex":0,"rotation":0,"texture":"#1"},"down":{"uv":[14.000001,0.0,13.172415,0.27586207],"tintindex":0,"rotation":0,"texture":"#1"}}},{"from":[8.15575,16.702467,18.870916],"to":[10.54375,23.890467,23.058914],"faces":{"east":{"uv":[13.517242,7.9310346,13.793104,8.413794],"tintindex":0,"rotation":0,"texture":"#1"},"south":{"uv":[13.655173,11.310345,13.827586,11.793103],"tintindex":0,"rotation":0,"texture":"#1"},"north":{"uv":[13.655173,9.862069,13.827586,10.344828],"tintindex":0,"rotation":0,"texture":"#1"},"west":{"uv":[13.517242,8.413794,13.793104,8.896552],"tintindex":0,"rotation":0,"texture":"#1"},"up":{"uv":[9.62069,14.068967,9.4482765,13.793104],"tintindex":0,"rotation":0,"texture":"#1"},"down":{"uv":[9.827586,13.793104,9.655173,14.068967],"tintindex":0,"rotation":0,"texture":"#1"}},"rotation":{"origin":[7.40275,7.7682905,-2.2028656],"angle":22.5,"axis":"x"}},{"from":[8.44975,13.599221,21.313507],"to":[10.24975,18.39922,23.113506],"faces":{"east":{"uv":[5.7931037,12.758621,5.9310346,13.103449],"tintindex":0,"rotation":0,"texture":"#1"},"south":{"uv":[11.862069,13.724139,12.000001,14.068967],"tintindex":0,"rotation":0,"texture":"#1"},"north":{"uv":[11.724139,12.137932,11.862069,12.482759],"tintindex":0,"rotation":0,"texture":"#1"},"west":{"uv":[6.9655175,13.793104,7.103449,14.137932],"tintindex":0,"rotation":0,"texture":"#1"},"up":{"uv":[12.137932,2.3448277,12.000001,2.2068965],"tintindex":0,"rotation":0,"texture":"#1"},"down":{"uv":[12.275863,4.275862,12.137932,4.413793],"tintindex":0,"rotation":0,"texture":"#1"}}},{"from":[8.14975,12.999221,23.113506],"to":[10.549749,20.199223,27.313505],"faces":{"east":{"uv":[13.517242,12.896552,13.793104,13.379311],"tintindex":0,"rotation":0,"texture":"#1"},"south":{"uv":[13.724139,7.172414,13.896552,7.655173],"tintindex":0,"rotation":0,"texture":"#1"},"north":{"uv":[13.724139,2.2068965,13.896552,2.6896553],"tintindex":0,"rotation":0,"texture":"#1"},"west":{"uv":[13.517242,13.379311,13.793104,13.862069],"tintindex":0,"rotation":0,"texture":"#1"},"up":{"uv":[10.310345,14.068967,10.137932,13.793104],"tintindex":0,"rotation":0,"texture":"#1"},"down":{"uv":[13.965518,10.413794,13.793104,10.689656],"tintindex":0,"rotation":0,"texture":"#1"}}},{"from":[8.163751,5.33899,15.356699],"to":[11.13575,10.11099,16.528696],"faces":{"east":{"uv":[5.310345,12.689656,5.3793106,13.034484],"tintindex":0,"rotation":0,"texture":"#1"},"south":{"uv":[6.758621,13.793104,6.9655175,14.137932],"tintindex":0,"rotation":0,"texture":"#1"},"north":{"uv":[4.206897,11.862069,4.413793,12.206898],"tintindex":0,"rotation":0,"texture":"#1"},"west":{"uv":[8.896552,12.827586,8.965518,13.172415],"tintindex":0,"rotation":0,"texture":"#1"},"up":{"uv":[12.896552,6.8275867,12.689656,6.758621],"tintindex":0,"rotation":0,"texture":"#1"},"down":{"uv":[12.896552,6.8275867,12.689656,6.896552],"tintindex":0,"rotation":0,"texture":"#1"}},"rotation":{"origin":[7.40275,7.7682905,-2.2028656],"angle":22.5,"axis":"x"}},{"from":[6.04375,14.6312,-2.5030077],"to":[8.45575,15.843202,14.908991],"faces":{"east":{"uv":[13.586207,1.1724138,14.793104,1.2413794],"tintindex":0,"rotation":0,"texture":"#1"},"south":{"uv":[11.310345,13.793104,11.482759,13.862069],"tintindex":0,"rotation":0,"texture":"#1"},"north":{"uv":[13.793104,11.241381,13.965518,11.310345],"tintindex":0,"rotation":0,"texture":"#1"},"west":{"uv":[13.586207,9.793103,14.793104,9.862069],