{"textures":{"1":"modelengine:entity/gatling_bodhisattva"},"elements":[{"from":[5.9,5.3,-3.5],"to":[7.1,6.5,24.099998],"faces":{"east":{"uv":[13.379311,3.724138,15.275863,3.7931037],"tintindex":0,"rotation":0,"texture":"#1"},"south":{"uv":[5.310345,13.034484,5.3793106,13.103449],"tintindex":0,"rotation":0,"texture":"#1"},"north":{"uv":[0.55172414,13.034484,0.6206897,13.103449],"tintindex":0,"rotation":0,"texture":"#1"},"west":{"uv":[13.379311,3.7931037,15.275863,3.8620691],"tintindex":0,"rotation":0,"texture":"#1"},"up":{"uv":[0.41379315,15.413794,0.3448276,13.517242],"tintindex":0,"rotation":0,"texture":"#1"},"down":{"uv":[0.48275864,13.517242,0.41379315,15.413794],"tintindex":0,"rotation":0,"texture":"#1"}}},{"from":[4.4,4.4000006,7.899994],"to":[11.6,11.599999,11.5],"faces":{"east":{"uv":[13.586207,9.310345,13.827586,9.793103],"tintindex":0,"rotation":0,"texture":"#1"},"south":{"uv":[13.034484,5.172414,13.517242,5.6551723],"tintindex":0,"rotation":0,"texture":"#1"},"north":{"uv":[13.034484,4.6896553,13.517242,5.172414],"tintindex":0,"rotation":0,"texture":"#1"},"west":{"uv":[13.655173,3.034483,13.896552,3.5172417],"tintindex":0,"rotation":0,"texture":"#1"},"up":{"uv":[14.137932,4.2413797,13.655173,4.0],"tintindex":0,"rotation":0,"texture":"#1"},"down":{"uv":[14.137932,7.655173,13.655173,7.896552],"tintindex":0,"rotation":0,"texture":"#1"}}},{"from":[8.9,5.3,-3.5],"to":[10.1,6.5,24.099998],"faces":{"east":{"uv":[13.172415,0.6896552,15.068967,0.75862074],"tintindex":0,"rotation":0,"texture":"#1"},"south":{"uv":[0.48275864,13.034484,0.55172414,13.103449],"tintindex":0,"rotation":0,"texture":"#1"},"north":{"uv":[12.137932,2.2758622,12.206898,2.3448277],"tintindex":0,"rotation":0,"texture":"#1"},"west":{"uv":[13.379311,3.6551726,15.275863,3.724138],"tintindex":0,"rotation":0,"texture":"#1"},"up":{"uv":[2.2758622,15.344828,2.2068965,13.4482765],"tintindex":0,"rotation":0,"texture":"#1"},"down":{"uv":[0.3448276,13.517242,0.27586207,15.413794],"tintindex":0,"rotation":0,"texture":"#1"}}},{"from":[5.9,9.5,-3.5],"to":[7.1,10.7,24.099998],"faces":{"east":{"uv":[13.517242,6.275862,15.413794,6.344828],"tintindex":0,"rotation":0,"texture":"#1"},"south":{"uv":[13.103449,12.551724,13.172415,12.62069],"tintindex":0,"rotation":0,"texture":"#1"},"north":{"uv":[13.103449,12.482759,13.172415,12.551724],"tintindex":0,"rotation":0,"texture":"#1"},"west":{"uv":[13.517242,7.103449,15.413794,7.172414],"tintindex":0,"rotation":0,"texture":"#1"},"up":{"uv":[1.586207,15.413794,1.5172415,13.517242],"tintindex":0,"rotation":0,"texture":"#1"},"down":{"uv":[0.55172414,13.586207,0.48275864,15.482759],"tintindex":0,"rotation":0,"texture":"#1"}}},{"from":[5.3,7.4000006,-3.5],"to":[6.5,8.6,24.099998],"faces":{"east":{"uv":[12.413794,1.3103449,14.310346,1.3793104],"tintindex":0,"rotation":0,"texture":"#1"},"south":{"uv":[6.206897,12.068966,6.275862,12.137932],"tintindex":0,"rotation":0,"texture":"#1"},"north":{"uv":[11.655173,4.206897,11.724139,4.275862],"tintindex":0,"rotation":0,"texture":"#1"},"west":{"uv":[13.103449,1.2413794,15.000001,1.3103449],"tintindex":0,"rotation":0,"texture":"#1"},"up":{"uv":[10.137932,15.137932,10.068966,13.241381],"tintindex":0,"rotation":0,"texture":"#1"},"down":{"uv":[11.310345,13.241381,11.241381,15.137932],"tintindex":0,"rotation":0,"texture":"#1"}}},{"from":[9.5,7.4000006,-3.5],"to":[10.7,8.6,24.099998],"faces":{"east":{"uv":[13.103449,3.8620691,15.000001,3.9310348],"tintindex":0,"rotation":0,"texture":"#1"},"south":{"uv":[12.137932,2.2068965,12.206898,2.2758622],"tintindex":0,"rotation":0,"texture":"#1"},"north":{"uv":[6.275862,12.068966,6.344828,12.137932],"tintindex":0,"rotation":0,"texture":"#1"},"west":{"uv":[13.103449,3.9310348,15.000001,4.0],"tintindex":0,"rotation":0,"texture":"#1"},"up":{"uv":[12.068966,15.137932,12.000001,13.241381],"tintindex":0,"rotation":0,"texture":"#1"},"down":{"uv":[12.137932,13.241381,12.068966,15.137932],"tintindex":0,"rotation":0,"texture":"#1"}}},{"from":[4.4,4.4000006,-2.300003],"to":[11.6,11.599999,-1.1000061],"faces":{"east":{"uv":[3.448276,11.724139,3.5172417,12.206898],"tintindex":0,"rotation":0,"texture":"#1"},"south":{"uv":[12.896552,11.4482765,13.379311,11.931035],"tintindex":0,"rotation":0,"texture":"#1"},"north":{"uv":[12.896552,7.172414,13.379311,7.655173],"tintindex":0,"rotation":0,"texture":"#1"},"west":{"uv":[9.5172415,12.758621,9.586207,13.241381],"tintindex":0,"rotation":0,"texture":"#1"},"up":{"uv":[14.206898,3.034483,13.724139,2.9655173],"tintindex":0,"rotation":0,"texture":"#1"},"down":{"uv":[14.275863,5.6551723,13.793104,5.7241383],"tintindex":0,"rotation":0,"texture":"#1"}}},{"from":[8.9,9.5,-3.5],"to":[10.1,10.7,24.099998],"faces":{"east":{"uv":[13.517242,6.1379313,15.413794,6.206897],"tintindex":0,"rotation":0,"texture":"#1"},"south":{"uv":[10.758621,13.103449,10.827586,13.172415],"tintindex":0,"rotation":0,"texture":"#1"},"north":{"uv":[10.689656,13.103449,10.758621,13.172415],"tintindex":0,"rotation":0,"texture":"#1"},"west":{"uv":[13.517242,6.206897,15.413794,6.275862],"tintindex":0,"rotation":0,"texture":"#1"},"up":{"uv":[1.4482759,15.413794,1.3793104,13.517242],"tintindex":0,"rotation":0,"texture":"#1"},"down":{"uv":[1.5172415,13.517242,1.4482759,15.413794],"tintindex":0,"rotation":0,"texture":"#1"}}},{"from":[4.4,4.4000006,1.2999954],"to":[11.6,11.599999,3.0999985],"faces":{"east":{"uv":[5.7931037,12.275863,5.9310346,12.758621],"tintindex":0,"rotation":0,"texture":"#1"},"south":{"uv":[1.1034483,13.034484,1.586207,13.517242],"tintindex":0,"rotation":0,"texture":"#1"},"north":{"uv":[0.0,13.034484,0.48275864,13.517242],"tintindex":0,"rotation":0,"texture":"#1"},"west":{"uv":[10.965518,13.724139,11.103449,14.206898],"tintindex":0,"rotation":0,"texture":"#1"},"up":{"uv":[12.137932,4.413793,11.655173,4.275862],"tintindex":0,"rotation":0,"texture":"#1"},"down":{"uv":[14.137932,3.5172417,13.655173,3.6551726],"tintindex":0,"rotation":0,"texture":"#1"}}}],"display":{"gui":{"rotation":[30,225,0]}}}