{"textures":{"1":"modelengine:entity/gatling_bodhisattva"},"elements":[{"from":[4.0,-6.5,4.0],"to":[12.0,8.5,12.0],"faces":{"east":{"uv":[1.3793104,12.000001,1.9310346,13.034484],"tintindex":0,"rotation":0,"texture":"#1"},"south":{"uv":[5.9310346,12.137932,6.482759,13.172415],"tintindex":0,"rotation":0,"texture":"#1"},"north":{"uv":[11.862069,11.4482765,12.413794,12.482759],"tintindex":0,"rotation":0,"texture":"#1"},"west":{"uv":[12.137932,5.9310346,12.689656,6.9655175],"tintindex":0,"rotation":0,"texture":"#1"},"up":{"uv":[4.9655175,13.241381,4.413793,12.689656],"tintindex":0,"rotation":0,"texture":"#1"},"down":{"uv":[13.241381,5.6551723,12.689656,6.206897],"tintindex":0,"rotation":0,"texture":"#1"}}}],"display":{"gui":{"rotation":[30,225,0]}}}