{"textures":{"0":"modelengine:entity/gatling_bodhisattva_hand"},"elements":[{"from":[3.25,4.75,-4.75],"to":[26.25,11.25,9.25],"faces":{"east":{"uv":[11.000001,6.0000005,13.800001,7.4000006],"tintindex":0,"rotation":0,"texture":"#0"},"south":{"uv":[9.200001,0.0,13.800001,1.4000001],"tintindex":0,"rotation":0,"texture":"#0"},"north":{"uv":[8.400001,8.8,13.000001,10.200001],"tintindex":0,"rotation":0,"texture":"#0"},"west":{"uv":[11.000001,7.4000006,13.800001,8.8],"tintindex":0,"rotation":0,"texture":"#0"},"up":{"uv":[9.200001,2.8000002,4.6000004,0.0],"tintindex":0,"rotation":0,"texture":"#0"},"down":{"uv":[9.200001,2.8000002,4.6000004,5.6000004],"tintindex":0,"rotation":0,"texture":"#0"}}},{"from":[-5.25,4.75,12.75],"to":[3.25,11.25,27.75],"faces":{"east":{"uv":[5.2000003,10.400001,8.200001,11.8],"tintindex":0,"rotation":0,"texture":"#0"},"south":{"uv":[6.2000003,11.8,8.0,13.200001],"tintindex":0,"rotation":0,"texture":"#0"},"north":{"uv":[4.4,11.8,6.2000003,13.200001],"tintindex":0,"rotation":0,"texture":"#0"},"west":{"uv":[11.000001,4.6000004,14.000001,6.0000005],"tintindex":0,"rotation":0,"texture":"#0"},"up":{"uv":[11.000001,7.6000004,9.200001,4.6000004],"tintindex":0,"rotation":0,"texture":"#0"},"down":{"uv":[1.8000001,10.000001,0.0,13.000001],"tintindex":0,"rotation":0,"texture":"#0"}}},{"from":[3.25,4.75,9.25],"to":[26.25,12.25,30.25],"faces":{"east":{"uv":[0.0,8.400001,4.2000003,10.000001],"tintindex":0,"rotation":0,"texture":"#0"},"south":{"uv":[4.6000004,7.2000003,9.200001,8.8],"tintindex":0,"rotation":0,"texture":"#0"},"north":{"uv":[4.6000004,5.6000004,9.200001,7.2000003],"tintindex":0,"rotation":0,"texture":"#0"},"west":{"uv":[4.2000003,8.8,8.400001,10.400001],"tintindex":0,"rotation":0,"texture":"#0"},"up":{"uv":[4.6000004,4.2000003,0.0,0.0],"tintindex":0,"rotation":0,"texture":"#0"},"down":{"uv":[4.6000004,4.2000003,0.0,8.400001],"tintindex":0,"rotation":0,"texture":"#0"}}},{"from":[-3.25,4.75,-0.25],"to":[3.25,10.25,12.75],"faces":{"east":{"uv":[11.000001,11.6,13.6,12.800001],"tintindex":0,"rotation":0,"texture":"#0"},"south":{"uv":[12.6,2.8000002,14.000001,4.0],"tintindex":0,"rotation":0,"texture":"#0"},"north":{"uv":[9.200001,7.6000004,10.6,8.8],"tintindex":0,"rotation":0,"texture":"#0"},"west":{"uv":[1.8000001,11.8,4.4,13.000001],"tintindex":0,"rotation":0,"texture":"#0"},"up":{"uv":[9.6,14.200001,8.200001,11.6],"tintindex":0,"rotation":0,"texture":"#0"},"down":{"uv":[11.000001,11.6,9.6,14.200001],"tintindex":0,"rotation":0,"texture":"#0"}}},{"from":[3.25,4.75,-12.25],"to":[19.75,11.25,-4.75],"faces":{"east":{"uv":[11.8,10.200001,13.400001,11.6],"tintindex":0,"rotation":0,"texture":"#0"},"south":{"uv":[1.8000001,10.400001,5.2000003,11.8],"tintindex":0,"rotation":0,"texture":"#0"},"north":{"uv":[8.400001,10.200001,11.8,11.6],"tintindex":0,"rotation":0,"texture":"#0"},"west":{"uv":[12.6,1.4000001,14.200001,2.8000002],"tintindex":0,"rotation":0,"texture":"#0"},"up":{"uv":[12.6,3.0000002,9.200001,1.4000001],"tintindex":0,"rotation":0,"texture":"#0"},"down":{"uv":[12.6,3.0000002,9.200001,4.6000004],"tintindex":0,"rotation":0,"texture":"#0"}}}],"display":{"gui":{"rotation":[30,225,0]}}}