{"textures":{"1":"modelengine:entity/gatling_bodhisattva"},"elements":[{"from":[5.5,-0.5,5.5],"to":[10.5,10.5,10.5],"faces":{"east":{"uv":[7.8620696,12.827586,8.206897,13.586207],"tintindex":0,"rotation":0,"texture":"#1"},"south":{"uv":[8.206897,12.827586,8.551724,13.586207],"tintindex":0,"rotation":0,"texture":"#1"},"north":{"uv":[7.517242,12.827586,7.8620696,13.586207],"tintindex":0,"rotation":0,"texture":"#1"},"west":{"uv":[8.551724,12.827586,8.896552,13.586207],"tintindex":0,"rotation":0,"texture":"#1"},"up":{"uv":[7.793104,13.931035,7.448276,13.586207],"tintindex":0,"rotation":0,"texture":"#1"},"down":{"uv":[8.137931,13.586207,7.793104,13.931035],"tintindex":0,"rotation":0,"texture":"#1"}}}],"display":{"gui":{"rotation":[30,225,0]}}}