{"textures":{"1":"modelengine:entity/gatling_bodhisattva"},"elements":[{"from":[6.0,-0.5,6.0],"to":[10.0,8.5,10.0],"faces":{"east":{"uv":[13.379311,3.034483,13.655173,3.6551726],"tintindex":0,"rotation":0,"texture":"#1"},"south":{"uv":[3.3793106,13.379311,3.6551726,14.000001],"tintindex":0,"rotation":0,"texture":"#1"},"north":{"uv":[1.1034483,12.413794,1.3793104,13.034484],"tintindex":0,"rotation":0,"texture":"#1"},"west":{"uv":[13.379311,9.862069,13.655173,10.482759],"tintindex":0,"rotation":0,"texture":"#1"},"up":{"uv":[10.965518,14.000001,10.689656,13.724139],"tintindex":0,"rotation":0,"texture":"#1"},"down":{"uv":[11.862069,13.724139,11.586207,14.000001],"tintindex":0,"rotation":0,"texture":"#1"}}}],"display":{"gui":{"rotation":[30,225,0]}}}