{"textures":{"1":"modelengine:entity/gatling_bodhisattva"},"elements":[{"from":[6.0,-2.25,5.875],"to":[10.0,7.75,9.875],"faces":{"east":{"uv":[12.137932,13.172415,12.413794,13.862069],"tintindex":0,"rotation":0,"texture":"#1"},"south":{"uv":[12.413794,13.172415,12.689656,13.862069],"tintindex":0,"rotation":0,"texture":"#1"},"north":{"uv":[4.0689654,13.172415,4.344828,13.862069],"tintindex":0,"rotation":0,"texture":"#1"},"west":{"uv":[4.344828,13.241381,4.6206903,13.931035],"tintindex":0,"rotation":0,"texture":"#1"},"up":{"uv":[12.551724,5.9310346,12.275863,5.6551723],"tintindex":0,"rotation":0,"texture":"#1"},"down":{"uv":[14.000001,2.6896553,13.724139,2.9655173],"tintindex":0,"rotation":0,"texture":"#1"}}}],"display":{"gui":{"rotation":[30,225,0]}}}