{"textures":{"1":"modelengine:entity/gatling_bodhisattva"},"elements":[{"from":[6.0,4.0,7.5],"to":[10.0,12.0,8.5],"faces":{"east":{"uv":[2.2758622,12.551724,2.3448277,13.103449],"tintindex":0,"rotation":0,"texture":"#1"},"south":{"uv":[13.517242,5.172414,13.793104,5.7241383],"tintindex":0,"rotation":0,"texture":"#1"},"north":{"uv":[13.517242,4.6206903,13.793104,5.172414],"tintindex":0,"rotation":0,"texture":"#1"},"west":{"uv":[0.8965517,13.586207,0.9655173,14.137932],"tintindex":0,"rotation":0,"texture":"#1"},"up":{"uv":[12.413794,12.62069,12.137932,12.551724],"tintindex":0,"rotation":0,"texture":"#1"},"down":{"uv":[13.103449,0.75862074,12.827586,0.8275863],"tintindex":0,"rotation":0,"texture":"#1"}}}],"display":{"gui":{"rotation":[30,225,0]}}}