{"textures":{"1":"modelengine:entity/gatling_bodhisattva"},"elements":[{"from":[6.0,-2.75,6.0],"to":[10.0,9.25,10.0],"faces":{"east":{"uv":[1.586207,13.034484,1.862069,13.862069],"tintindex":0,"rotation":0,"texture":"#1"},"south":{"uv":[2.2758622,13.103449,2.5517244,13.931035],"tintindex":0,"rotation":0,"texture":"#1"},"north":{"uv":[11.310345,12.965518,11.586207,13.793104],"tintindex":0,"rotation":0,"texture":"#1"},"west":{"uv":[2.5517244,13.103449,2.8275862,13.931035],"tintindex":0,"rotation":0,"texture":"#1"},"up":{"uv":[14.000001,12.758621,13.724139,12.482759],"tintindex":0,"rotation":0,"texture":"#1"},"down":{"uv":[14.068967,0.27586207,13.793104,0.55172414],"tintindex":0,"rotation":0,"texture":"#1"}}}],"display":{"gui":{"rotation":[30,225,0]}}}