{"textures":{"1":"modelengine:entity/gatling_bodhisattva"},"elements":[{"from":[6.0,4.0,7.5],"to":[10.0,12.0,8.5],"faces":{"east":{"uv":[2.2758622,12.000001,2.3448277,12.551724],"tintindex":0,"rotation":0,"texture":"#1"},"south":{"uv":[1.1034483,13.517242,1.3793104,14.068967],"tintindex":0,"rotation":0,"texture":"#1"},"north":{"uv":[0.0,13.517242,0.27586207,14.068967],"tintindex":0,"rotation":0,"texture":"#1"},"west":{"uv":[9.586207,12.137932,9.655173,12.689656],"tintindex":0,"rotation":0,"texture":"#1"},"up":{"uv":[6.206897,12.137932,5.9310346,12.068966],"tintindex":0,"rotation":0,"texture":"#1"},"down":{"uv":[12.413794,12.482759,12.137932,12.551724],"tintindex":0,"rotation":0,"texture":"#1"}}}],"display":{"gui":{"rotation":[30,225,0]}}}