{"textures":{"1":"modelengine:entity/gatling_bodhisattva"},"elements":[{"from":[6.0,-0.5,6.0],"to":[10.0,8.5,10.0],"faces":{"east":{"uv":[12.689656,13.379311,12.965518,14.000001],"tintindex":0,"rotation":0,"texture":"#1"},"south":{"uv":[12.965518,13.379311,13.241381,14.000001],"tintindex":0,"rotation":0,"texture":"#1"},"north":{"uv":[13.379311,11.310345,13.655173,11.931035],"tintindex":0,"rotation":0,"texture":"#1"},"west":{"uv":[13.241381,13.379311,13.517242,14.000001],"tintindex":0,"rotation":0,"texture":"#1"},"up":{"uv":[14.068967,5.6551723,13.793104,5.3793106],"tintindex":0,"rotation":0,"texture":"#1"},"down":{"uv":[5.8620696,13.793104,5.5862074,14.068967],"tintindex":0,"rotation":0,"texture":"#1"}}}],"display":{"gui":{"rotation":[30,225,0]}}}