{"textures":{"1":"modelengine:entity/gatling_bodhisattva"},"elements":[{"from":[6.0,-2.75,6.0],"to":[10.0,9.25,10.0],"faces":{"east":{"uv":[13.103449,3.034483,13.379311,3.8620691],"tintindex":0,"rotation":0,"texture":"#1"},"south":{"uv":[3.1034484,13.103449,3.3793106,13.931035],"tintindex":0,"rotation":0,"texture":"#1"},"north":{"uv":[2.8275862,13.103449,3.1034484,13.931035],"tintindex":0,"rotation":0,"texture":"#1"},"west":{"uv":[5.310345,13.103449,5.5862074,13.931035],"tintindex":0,"rotation":0,"texture":"#1"},"up":{"uv":[14.068967,4.5517244,13.793104,4.275862],"tintindex":0,"rotation":0,"texture":"#1"},"down":{"uv":[14.068967,4.5517244,13.793104,4.8275867],"tintindex":0,"rotation":0,"texture":"#1"}}}],"display":{"gui":{"rotation":[30,225,0]}}}