{"textures":{"1":"modelengine:entity/gatling_bodhisattva"},"elements":[{"from":[6.0,-2.25,5.875],"to":[10.0,7.75,9.875],"faces":{"east":{"uv":[13.241381,5.6551723,13.517242,6.344828],"tintindex":0,"rotation":0,"texture":"#1"},"south":{"uv":[13.241381,7.9310346,13.517242,8.62069],"tintindex":0,"rotation":0,"texture":"#1"},"north":{"uv":[4.6206903,13.241381,4.8965516,13.931035],"tintindex":0,"rotation":0,"texture":"#1"},"west":{"uv":[13.241381,8.62069,13.517242,9.310345],"tintindex":0,"rotation":0,"texture":"#1"},"up":{"uv":[14.068967,5.103449,13.793104,4.8275867],"tintindex":0,"rotation":0,"texture":"#1"},"down":{"uv":[14.068967,5.103449,13.793104,5.3793106],"tintindex":0,"rotation":0,"texture":"#1"}}}],"display":{"gui":{"rotation":[30,225,0]}}}