{"textures":{"1":"modelengine:entity/gatling_bodhisattva"},"elements":[{"from":[5.5,-0.5,5.5],"to":[10.5,10.5,10.5],"faces":{"east":{"uv":[12.827586,0.0,13.172415,0.75862074],"tintindex":0,"rotation":0,"texture":"#1"},"south":{"uv":[6.8275867,12.827586,7.172414,13.586207],"tintindex":0,"rotation":0,"texture":"#1"},"north":{"uv":[4.9655175,12.689656,5.310345,13.4482765],"tintindex":0,"rotation":0,"texture":"#1"},"west":{"uv":[7.172414,12.827586,7.517242,13.586207],"tintindex":0,"rotation":0,"texture":"#1"},"up":{"uv":[0.8965517,13.931035,0.55172414,13.586207],"tintindex":0,"rotation":0,"texture":"#1"},"down":{"uv":[7.448276,13.586207,7.103449,13.931035],"tintindex":0,"rotation":0,"texture":"#1"}}}],"display":{"gui":{"rotation":[30,225,0]}}}