{"textures":{"1":"modelengine:entity/gatling_bodhisattva"},"elements":[{"from":[-3.0,2.875,-3.0],"to":[19.0,6.875,19.0],"faces":{"east":{"uv":[12.206898,2.2068965,13.724139,2.4827588],"tintindex":0,"rotation":0,"texture":"#1"},"south":{"uv":[12.206898,2.4827588,13.724139,2.7586207],"tintindex":0,"rotation":0,"texture":"#1"},"north":{"uv":[12.137932,7.655173,13.655173,7.9310346],"tintindex":0,"rotation":0,"texture":"#1"},"west":{"uv":[12.206898,2.7586207,13.724139,3.034483],"tintindex":0,"rotation":0,"texture":"#1"},"up":{"uv":[5.9310346,12.275863,4.413793,10.758621],"tintindex":0,"rotation":0,"texture":"#1"},"down":{"uv":[12.275863,4.413793,10.758621,5.9310346],"tintindex":0,"rotation":0,"texture":"#1"}}},{"from":[1.0,6.875,1.0],"to":[15.0,12.875,15.0],"faces":{"east":{"uv":[3.448276,12.206898,4.413793,12.62069],"tintindex":0,"rotation":0,"texture":"#1"},"south":{"uv":[12.275863,4.275862,13.241381,4.6896553],"tintindex":0,"rotation":0,"texture":"#1"},"north":{"uv":[10.758621,5.9310346,11.724139,6.344828],"tintindex":0,"rotation":0,"texture":"#1"},"west":{"uv":[4.413793,12.275863,5.3793106,12.689656],"tintindex":0,"rotation":0,"texture":"#1"},"up":{"uv":[2.3448277,12.000001,1.3793104,11.034483],"tintindex":0,"rotation":0,"texture":"#1"},"down":{"uv":[12.000001,1.3793104,11.034483,2.3448277],"tintindex":0,"rotation":0,"texture":"#1"}}},{"from":[-6.0,-1.125,-6.0],"to":[22.0,2.875,22.0],"faces":{"east":{"uv":[12.000001,1.3793104,13.931035,1.6551726],"tintindex":0,"rotation":0,"texture":"#1"},"south":{"uv":[12.000001,1.6551726,13.931035,1.9310346],"tintindex":0,"rotation":0,"texture":"#1"},"north":{"uv":[11.724139,4.0,13.655173,4.275862],"tintindex":0,"rotation":0,"texture":"#1"},"west":{"uv":[12.000001,1.9310346,13.931035,2.2068965],"tintindex":0,"rotation":0,"texture":"#1"},"up":{"uv":[6.344828,10.758621,4.413793,8.827586],"tintindex":0,"rotation":0,"texture":"#1"},"down":{"uv":[10.758621,4.413793,8.827586,6.344828],"tintindex":0,"rotation":0,"texture":"#1"}}},{"from":[-2.0,12.875,-2.0],"to":[18.0,19.875,18.0],"faces":{"east":{"uv":[11.724139,3.5172417,13.103449,4.0],"tintindex":0,"rotation":0,"texture":"#1"},"south":{"uv":[11.862069,8.0,13.241381,8.482759],"tintindex":0,"rotation":0,"texture":"#1"},"north":{"uv":[11.724139,3.034483,13.103449,3.5172417],"tintindex":0,"rotation":0,"texture":"#1"},"west":{"uv":[11.862069,8.482759,13.241381,8.965518],"tintindex":0,"rotation":0,"texture":"#1"},"up":{"uv":[1.3793104,12.413794,0.0,11.034483],"tintindex":0,"rotation":0,"texture":"#1"},"down":{"uv":[12.413794,0.0,11.034483,1.3793104],"tintindex":0,"rotation":0,"texture":"#1"}}}],"display":{"gui":{"rotation":[30,225,0]}}}