{"textures":{"1":"modelengine:entity/gatling_bodhisattva"},"elements":[{"from":[3.75,7.0,5.25],"to":[12.25,13.0,10.75],"faces":{"east":{"uv":[11.724139,5.9310346,12.103449,6.344828],"tintindex":0,"rotation":0,"texture":"#1"},"south":{"uv":[12.896552,6.758621,13.482759,7.172414],"tintindex":0,"rotation":0,"texture":"#1"},"north":{"uv":[12.689656,11.034483,13.275863,11.4482765],"tintindex":0,"rotation":0,"texture":"#1"},"west":{"uv":[4.8965516,13.4482765,5.275862,13.862069],"tintindex":0,"rotation":0,"texture":"#1"},"up":{"uv":[13.758621,0.65517247,13.172415,0.27586207],"tintindex":0,"rotation":0,"texture":"#1"},"down":{"uv":[13.758621,10.482759,13.172415,10.862069],"tintindex":0,"rotation":0,"texture":"#1"}}}],"display":{"gui":{"rotation":[30,225,0]}}}