{"textures":{"0":"modelengine:entity/kindletron2_damaged"},"elements":[{"from":[14.145756,3.0688705,1.7794933],"to":[16.145756,13.068871,12.779493],"faces":{"east":{"uv":[1.375,6.0625,2.0625,6.6875],"tintindex":0,"rotation":0,"texture":"#0"},"south":{"uv":[8.75,11.6875,8.875,12.3125],"tintindex":0,"rotation":0,"texture":"#0"},"north":{"uv":[6.125,4.0,6.25,4.625],"tintindex":0,"rotation":0,"texture":"#0"},"west":{"uv":[9.0,8.1875,9.6875,8.8125],"tintindex":0,"rotation":0,"texture":"#0"},"up":{"uv":[2.875,5.5625,2.75,4.875],"tintindex":0,"rotation":0,"texture":"#0"},"down":{"uv":[2.1875,6.0625,2.0625,6.75],"tintindex":0,"rotation":0,"texture":"#0"}}},{"from":[9.145756,-8.931129,1.7794933],"to":[13.145756,-0.93112946,9.779493],"faces":{"east":{"uv":[9.0625,11.0,9.5625,11.5],"tintindex":0,"rotation":0,"texture":"#0"},"south":{"uv":[3.6875,11.875,3.9375,12.375],"tintindex":0,"rotation":0,"texture":"#0"},"north":{"uv":[3.4375,11.875,3.6875,12.375],"tintindex":0,"rotation":0,"texture":"#0"},"west":{"uv":[10.8125,11.0625,11.3125,11.5625],"tintindex":0,"rotation":0,"texture":"#0"},"up":{"uv":[12.125,8.0625,11.875,7.5625],"tintindex":0,"rotation":0,"texture":"#0"},"down":{"uv":[12.1875,3.75,11.9375,4.25],"tintindex":0,"rotation":0,"texture":"#0"}},"rotation":{"origin":[11.145756,-3.9311295,6.7794933],"angle":-45.0,"axis":"x"}},{"from":[8.145756,-3.9311295,1.7794933],"to":[14.145756,14.068871,12.779493],"faces":{"east":{"uv":[4.375,7.9375,5.0625,9.0625],"tintindex":0,"rotation":0,"texture":"#0"},"south":{"uv":[9.5625,2.625,9.9375,3.75],"tintindex":0,"rotation":0,"texture":"#0"},"north":{"uv":[5.375,9.0625,5.75,10.1875],"tintindex":0,"rotation":0,"texture":"#0"},"west":{"uv":[5.0625,7.9375,5.75,9.0625],"tintindex":0,"rotation":0,"texture":"#0"},"up":{"uv":[6.125,4.6875,5.75,4.0],"tintindex":0,"rotation":0,"texture":"#0"},"down":{"uv":[6.125,6.8125,5.75,7.5],"tintindex":0,"rotation":0,"texture":"#0"}}}],"display":{"gui":{"rotation":[30,225,0]}}}