{"textures":{"0":"modelengine:entity/kindletron2_damaged"},"elements":[{"from":[2.0981255,10.111544,2.7294583],"to":[13.598125,17.611544,13.229458],"faces":{"east":{"uv":[5.75,1.1875,7.0625,2.125],"tintindex":0,"rotation":0,"texture":"#0"},"south":{"uv":[2.875,0.9375,4.3125,1.875],"tintindex":0,"rotation":0,"texture":"#0"},"north":{"uv":[2.875,0.0,4.3125,0.9375],"tintindex":0,"rotation":0,"texture":"#0"},"west":{"uv":[5.75,2.125,7.0625,3.0625],"tintindex":0,"rotation":0,"texture":"#0"},"up":{"uv":[1.4375,1.3125,0.0,0.0],"tintindex":0,"rotation":0,"texture":"#0"},"down":{"uv":[1.4375,1.3125,0.0,2.625],"tintindex":0,"rotation":0,"texture":"#0"}}},{"from":[11.21962,8.528097,8.729459],"to":[19.21962,11.528097,10.729459],"faces":{"east":{"uv":[11.9375,4.25,12.1875,4.625],"tintindex":0,"rotation":0,"texture":"#0"},"south":{"uv":[9.6875,10.5,10.6875,10.875],"tintindex":0,"rotation":0,"texture":"#0"},"north":{"uv":[10.375,9.5625,11.375,9.9375],"tintindex":0,"rotation":0,"texture":"#0"},"west":{"uv":[4.5,11.9375,4.75,12.3125],"tintindex":0,"rotation":0,"texture":"#0"},"up":{"uv":[8.125,11.25,7.125,11.0],"tintindex":0,"rotation":0,"texture":"#0"},"down":{"uv":[2.3125,11.0625,1.3125,11.3125],"tintindex":0,"rotation":0,"texture":"#0"}},"rotation":{"origin":[15.21962,10.028097,7.229459],"angle":22.5,"axis":"z"}},{"from":[22.617077,12.384705,7.314825],"to":[27.117077,14.884705,9.314825],"faces":{"east":{"uv":[12.0625,11.5625,12.3125,11.875],"tintindex":0,"rotation":0,"texture":"#0"},"south":{"uv":[11.625,0.0,12.1875,0.3125],"tintindex":0,"rotation":0,"texture":"#0"},"north":{"uv":[7.625,5.4375,8.1875,5.75],"tintindex":0,"rotation":0,"texture":"#0"},"west":{"uv":[12.0625,11.875,12.3125,12.1875],"tintindex":0,"rotation":0,"texture":"#0"},"up":{"uv":[7.3125,7.875,6.75,7.625],"tintindex":0,"rotation":0,"texture":"#0"},"down":{"uv":[2.6875,7.6875,2.125,7.9375],"tintindex":0,"rotation":0,"texture":"#0"}},"rotation":{"origin":[24.867077,13.634705,8.314825],"angle":22.5,"axis":"z"}},{"from":[4.0981255,7.1115437,2.7294583],"to":[12.098125,10.111544,11.729459],"faces":{"east":{"uv":[9.25,8.8125,10.375,9.1875],"tintindex":0,"rotation":0,"texture":"#0"},"south":{"uv":[10.375,9.1875,11.375,9.5625],"tintindex":0,"rotation":0,"texture":"#0"},"north":{"uv":[10.375,8.8125,11.375,9.1875],"tintindex":0,"rotation":0,"texture":"#0"},"west":{"uv":[9.25,9.1875,10.375,9.5625],"tintindex":0,"rotation":0,"texture":"#0"},"up":{"uv":[3.75,7.9375,2.75,6.8125],"tintindex":0,"rotation":0,"texture":"#0"},"down":{"uv":[4.75,6.8125,3.75,7.9375],"tintindex":0,"rotation":0,"texture":"#0"}}},{"from":[13.598125,10.111544,1.2294583],"to":[22.598125,19.611544,4.2294583],"faces":{"east":{"uv":[0.0,8.6875,0.375,9.875],"tintindex":0,"rotation":0,"texture":"#0"},"south":{"uv":[4.0,4.6875,5.125,5.875],"tintindex":0,"rotation":0,"texture":"#0"},"north":{"uv":[2.875,4.6875,4.0,5.875],"tintindex":0,"rotation":0,"texture":"#0"},"west":{"uv":[0.375,8.6875,0.75,9.875],"tintindex":0,"rotation":0,"texture":"#0"},"up":{"uv":[10.625,1.125,9.5,0.75],"tintindex":0,"rotation":0,"texture":"#0"},"down":{"uv":[10.625,1.125,9.5,1.5],"tintindex":0,"rotation":0,"texture":"#0"}}},{"from":[10.098125,8.611544,13.229458],"to":[14.098125,15.611544,17.229458],"faces":{"east":{"uv":[7.25,8.8125,7.75,9.6875],"tintindex":0,"rotation":0,"texture":"#0"},"south":{"uv":[7.75,8.8125,8.25,9.6875],"tintindex":0,"rotation":0,"texture":"#0"},"north":{"uv":[2.25,4.875,2.75,5.75],"tintindex":0,"rotation":0,"texture":"#0"},"west":{"uv":[8.25,8.8125,8.75,9.6875],"tintindex":0,"rotation":0,"texture":"#0"},"up":{"uv":[8.5625,3.3125,8.0625,2.8125],"tintindex":0,"rotation":0,"texture":"#0"},"down":{"uv":[8.375,10.0625,7.875,10.5625],"tintindex":0,"rotation":0,"texture":"#0"}},"rotation":{"origin":[11.598125,12.111544,15.229458],"angle":-22.5,"axis":"x"}},{"from":[7.0981255,11.611544,3.7294583],"to":[8.598125,18.611544,14.729458],"faces":{"east":{"uv":[0.0,6.0625,1.375,6.9375],"tintindex":0,"rotation":0,"texture":"#0"},"south":{"uv":[2.0625,11.5625,2.25,12.4375],"tintindex":0,"rotation":0,"texture":"#0"},"north":{"uv":[4.3125,11.4375,4.5,12.3125],"tintindex":0,"rotation":0,"texture":"#0"},"west":{"uv":[6.1875,5.875,7.5625,6.75],"tintindex":0,"rotation":0,"texture":"#0"},"up":{"uv":[9.0625,12.125,8.875,10.75],"tintindex":0,"rotation":0,"texture":"#0"},"down":{"uv":[1.3125,10.8125,1.125,12.1875],"tintindex":0,"rotation":0,"texture":"#0"}}},{"from":[17.598125,17.611544,6.229459],"to":[26.098125,20.611544,9.229459],"faces":{"east":{"uv":[6.125,11.625,6.5,12.0],"tintindex":0,"rotation":0,"texture":"#0"},"south":{"uv":[1.75,9.75,2.8125,10.125],"tintindex":0,"rotation":0,"texture":"#0"},"north":{"uv":[9.6875,8.4375,10.75,8.8125],"tintindex":0,"rotation":0,"texture":"#0"},"west":{"uv":[6.5,11.625,6.875,12.0],"tintindex":0,"rotation":0,"texture":"#0"},"up":{"uv":[3.875,10.125,2.8125,9.75],"tintindex":0,"rotation":0,"texture":"#0"},"down":{"uv":[11.0,2.625,9.9375,3.0],"tintindex":0,"rotation":0,"texture":"#0"}}},{"from":[19.21962,7.028097,5.229459],"to":[23.71962,11.528097,10.729459],"faces":{"east":{"uv":[10.0,6.375,10.6875,6.9375],"tintindex":0,"rotation":0,"texture":"#0"},"south":{"uv":[10.8125,8.0625,11.375,8.625],"tintindex":0,"rotation":0,"texture":"#0"},"north":{"uv":[3.4375,10.8125,4.0,11.375],"tintindex":0,"rotation":0,"texture":"#0"},"west":{"uv":[7.1875,10.0625,7.875,10.625],"tintindex":0,"rotation":0,"texture":"#0"},"up":{"uv":[7.625,4.0,7.0625,3.3125],"tintindex":0,"rotation":0,"texture":"#0"},"down":{"uv":[1.3125,10.125,0.75,10.8125],"tintindex":0,"rotation":0,"texture":"#0"}},"rotation":{"origin":[15.21962,10.028097,7.229459],"angle":22.5,"axis":"z"}},{"from":[-0.90187454,12.111544,10.229459],"to":[2.0981255,16.611544,12.229459],"faces":{"east":{"uv":[11.6875,3.75,11.9375,4.3125],"tintindex":0,"rotation":0,"texture":"#0"},"south":{"uv":[11.375,9.3125,11.75,9.875],"tintindex":0,"rotation":0,"texture":"#0"},"north":{"uv":[5.5625,11.1875,5.9375,11.75],"tintindex":0,"rotation":0,"texture":"#0"},"west":{"uv":[11.6875,4.3125,11.9375,4.875],"tintindex":0,"rotation":0,"texture":"#0"},"up":{"uv":[4.3125,12.25,3.9375,12.0],"tintindex":0,"rotation":0,"texture":"#0"},"down":{"uv":[6.5,12.0,6.125,12.25],"tintindex":0,"rotation":0,"texture":"#0"}}},{"from":[13.598125,14.611544,4.2294583],"to":[25.098125,19.611544,11.729459],"faces":{"east":{"uv":[0.0,8.0625,0.9375,8.6875],"tintindex":0,"rotation":0,"texture":"#0"},"south":{"uv":[8.0625,1.5625,9.5,2.1875],"tintindex":0,"rotation":0,"texture":"#0"},"north":{"uv":[8.0625,0.9375,9.5,1.5625],"tintindex":0,"rotation":0,"texture":"#0"},"west":{"uv":[0.9375,8.625,1.875,9.25],"tintindex":0,"rotation":0,"texture":"#0"},"up":{"uv":[4.3125,2.8125,2.875,1.875],"tintindex":0,"rotation":0,"texture":"#0"},"down":{"uv":[4.3125,2.8125,2.875,3.75],"tintindex":0,"rotation":0,"texture":"#0"}}},{"from":[4.0981255,8.611544,-0.27054214],"to":[12.098125,17.111544,2.7294583],"faces":{"east":{"uv":[8.375,9.6875,8.75,10.75],"tintindex":0,"rotation":0,"texture":"#0"},"south":{"uv":[7.5625,5.75,8.5625,6.8125],"tintindex":0,"rotation":0,"texture":"#0"},"north":{"uv":[7.0625,2.25,8.0625,3.3125],"tintindex":0,"rotation":0,"texture":"#0"},"west":{"uv":[8.75,9.6875,9.125,10.75],"tintindex":0,"rotation":0,"texture":"#0"},"up":{"uv":[11.0,7.3125,10.0,6.9375],"tintindex":0,"rotation":0,"texture":"#0"},"down":{"uv":[7.125,10.375,6.125,10.75],"tintindex":0,"rotation":0,"texture":"#0"}}},{"from":[-0.90187454,12.111544,3.7294583],"to":[2.0981255,16.611544,5.729459],"faces":{"east":{"uv":[5.5,10.1875,5.75,10.75],"tintindex":0,"rotation":0,"texture":"#0"},"south":{"uv":[8.5625,7.3125,8.9375,7.875],"tintindex":0,"rotation":0,"texture":"#0"},"north":{"uv":[1.0,6.9375,1.375,7.5],"tintindex":0,"rotation":0,"texture":"#0"},"west":{"uv":[11.625,7.3125,11.875,7.875],"tintindex":0,"rotation":0,"texture":"#0"},"up":{"uv":[8.5625,5.6875,8.1875,5.4375],"tintindex":0,"rotation":0,"texture":"#0"},"down":{"uv":[12.3125,4.625,11.9375,4.875],"tintindex":0,"rotation":0,