{"textures":{"0":"modelengine:entity/kindletron2_damaged"},"elements":[{"from":[2.0981255,10.111544,2.7294583],"to":[13.598125,17.611544,13.229458],"faces":{"east":{"uv":[5.75,3.0625,7.0625,4.0],"tintindex":0,"rotation":0,"texture":"#0"},"south":{"uv":[0.0,3.9375,1.4375,4.875],"tintindex":0,"rotation":0,"texture":"#0"},"north":{"uv":[2.875,3.75,4.3125,4.6875],"tintindex":0,"rotation":0,"texture":"#0"},"west":{"uv":[2.25,5.875,3.5625,6.8125],"tintindex":0,"rotation":0,"texture":"#0"},"up":{"uv":[2.875,1.3125,1.4375,0.0],"tintindex":0,"rotation":0,"texture":"#0"},"down":{"uv":[2.875,1.3125,1.4375,2.625],"tintindex":0,"rotation":0,"texture":"#0"}}},{"from":[4.0981255,7.1115437,2.7294583],"to":[12.098125,10.111544,11.729459],"faces":{"east":{"uv":[9.5,2.25,10.625,2.625],"tintindex":0,"rotation":0,"texture":"#0"},"south":{"uv":[10.625,1.875,11.625,2.25],"tintindex":0,"rotation":0,"texture":"#0"},"north":{"uv":[10.625,1.5,11.625,1.875],"tintindex":0,"rotation":0,"texture":"#0"},"west":{"uv":[9.5,7.3125,10.625,7.6875],"tintindex":0,"rotation":0,"texture":"#0"},"up":{"uv":[5.75,7.9375,4.75,6.8125],"tintindex":0,"rotation":0,"texture":"#0"},"down":{"uv":[7.875,0.0,6.875,1.125],"tintindex":0,"rotation":0,"texture":"#0"}}},{"from":[22.617073,12.384705,7.314825],"to":[27.117073,14.884705,9.314825],"faces":{"east":{"uv":[1.3125,12.125,1.5625,12.4375],"tintindex":0,"rotation":0,"texture":"#0"},"south":{"uv":[11.625,0.625,12.1875,0.9375],"tintindex":0,"rotation":0,"texture":"#0"},"north":{"uv":[11.625,0.3125,12.1875,0.625],"tintindex":0,"rotation":0,"texture":"#0"},"west":{"uv":[1.5625,12.125,1.8125,12.4375],"tintindex":0,"rotation":0,"texture":"#0"},"up":{"uv":[12.25,6.5,11.6875,6.25],"tintindex":0,"rotation":0,"texture":"#0"},"down":{"uv":[12.25,6.5,11.6875,6.75],"tintindex":0,"rotation":0,"texture":"#0"}},"rotation":{"origin":[24.867073,13.634705,8.314825],"angle":22.5,"axis":"z"}},{"from":[-0.90187454,14.611544,5.729459],"to":[2.0981255,16.611544,10.229459],"faces":{"east":{"uv":[11.6875,10.4375,12.25,10.6875],"tintindex":0,"rotation":0,"texture":"#0"},"south":{"uv":[5.0,12.0625,5.375,12.3125],"tintindex":0,"rotation":0,"texture":"#0"},"north":{"uv":[10.0625,12.0,10.4375,12.25],"tintindex":0,"rotation":0,"texture":"#0"},"west":{"uv":[2.625,11.75,3.1875,12.0],"tintindex":0,"rotation":0,"texture":"#0"},"up":{"uv":[11.8125,10.4375,11.4375,9.875],"tintindex":0,"rotation":0,"texture":"#0"},"down":{"uv":[10.3125,11.4375,9.9375,12.0],"tintindex":0,"rotation":0,"texture":"#0"}}},{"from":[13.598125,14.611544,4.2294583],"to":[25.098125,19.611544,11.729459],"faces":{"east":{"uv":[8.625,2.8125,9.5625,3.4375],"tintindex":0,"rotation":0,"texture":"#0"},"south":{"uv":[8.5625,5.4375,10.0,6.0625],"tintindex":0,"rotation":0,"texture":"#0"},"north":{"uv":[8.0625,2.1875,9.5,2.8125],"tintindex":0,"rotation":0,"texture":"#0"},"west":{"uv":[8.625,3.4375,9.5625,4.0625],"tintindex":0,"rotation":0,"texture":"#0"},"up":{"uv":[2.875,4.875,1.4375,3.9375],"tintindex":0,"rotation":0,"texture":"#0"},"down":{"uv":[5.75,0.0,4.3125,0.9375],"tintindex":0,"rotation":0,"texture":"#0"}}},{"from":[1.5981255,8.611544,13.229458],"to":[5.5981255,15.611544,17.229458],"faces":{"east":{"uv":[3.875,8.875,4.375,9.75],"tintindex":0,"rotation":0,"texture":"#0"},"south":{"uv":[9.0,0.0,9.5,0.875],"tintindex":0,"rotation":0,"texture":"#0"},"north":{"uv":[3.375,8.875,3.875,9.75],"tintindex":0,"rotation":0,"texture":"#0"},"west":{"uv":[9.0,7.3125,9.5,8.1875],"tintindex":0,"rotation":0,"texture":"#0"},"up":{"uv":[5.0625,11.6875,4.5625,11.1875],"tintindex":0,"rotation":0,"texture":"#0"},"down":{"uv":[5.5625,11.1875,5.0625,11.6875],"tintindex":0,"rotation":0,"texture":"#0"}},"rotation":{"origin":[4.0981255,12.111544,15.229458],"angle":-22.5,"axis":"x"}},{"from":[11.219618,8.528097,5.729459],"to":[19.219618,11.528097,7.729459],"faces":{"east":{"uv":[10.4375,12.0,10.6875,12.375],"tintindex":0,"rotation":0,"texture":"#0"},"south":{"uv":[10.625,7.6875,11.625,8.0625],"tintindex":0,"rotation":0,"texture":"#0"},"north":{"uv":[10.625,7.3125,11.625,7.6875],"tintindex":0,"rotation":0,"texture":"#0"},"west":{"uv":[6.875,12.0625,7.125,12.4375],"tintindex":0,"rotation":0,"texture":"#0"},"up":{"uv":[8.0,11.5,7.0,11.25],"tintindex":0,"rotation":0,"texture":"#0"},"down":{"uv":[2.3125,11.3125,1.3125,11.5625],"tintindex":0,"rotation":0,"texture":"#0"}},"rotation":{"origin":[15.219619,10.028097,7.229459],"angle":22.5,"axis":"z"}},{"from":[13.598125,10.111544,11.729459],"to":[22.598125,17.611544,14.729458],"faces":{"east":{"uv":[8.5,10.75,8.875,11.6875],"tintindex":0,"rotation":0,"texture":"#0"},"south":{"uv":[7.875,7.875,9.0,8.8125],"tintindex":0,"rotation":0,"texture":"#0"},"north":{"uv":[6.75,7.875,7.875,8.8125],"tintindex":0,"rotation":0,"texture":"#0"},"west":{"uv":[0.75,10.8125,1.125,11.75],"tintindex":0,"rotation":0,"texture":"#0"},"up":{"uv":[10.625,1.875,9.5,1.5],"tintindex":0,"rotation":0,"texture":"#0"},"down":{"uv":[10.625,1.875,9.5,2.25],"tintindex":0,"rotation":0,"texture":"#0"}}},{"from":[13.598125,10.111544,1.2294583],"to":[22.598125,19.611544,4.2294583],"faces":{"east":{"uv":[5.75,8.6875,6.125,9.875],"tintindex":0,"rotation":0,"texture":"#0"},"south":{"uv":[1.125,4.875,2.25,6.0625],"tintindex":0,"rotation":0,"texture":"#0"},"north":{"uv":[0.0,4.875,1.125,6.0625],"tintindex":0,"rotation":0,"texture":"#0"},"west":{"uv":[6.125,8.6875,6.5,9.875],"tintindex":0,"rotation":0,"texture":"#0"},"up":{"uv":[10.625,8.0625,9.5,7.6875],"tintindex":0,"rotation":0,"texture":"#0"},"down":{"uv":[10.6875,3.75,9.5625,4.125],"tintindex":0,"rotation":0,"texture":"#0"}}},{"from":[10.098125,8.611544,13.229458],"to":[14.098125,15.611544,17.229458],"faces":{"east":{"uv":[1.875,8.875,2.375,9.75],"tintindex":0,"rotation":0,"texture":"#0"},"south":{"uv":[2.375,8.875,2.875,9.75],"tintindex":0,"rotation":0,"texture":"#0"},"north":{"uv":[8.75,8.8125,9.25,9.6875],"tintindex":0,"rotation":0,"texture":"#0"},"west":{"uv":[2.875,8.875,3.375,9.75],"tintindex":0,"rotation":0,"texture":"#0"},"up":{"uv":[6.5,11.625,6.0,11.125],"tintindex":0,"rotation":0,"texture":"#0"},"down":{"uv":[7.0,11.125,6.5,11.625],"tintindex":0,"rotation":0,"texture":"#0"}},"rotation":{"origin":[11.598125,12.111544,15.229458],"angle":-22.5,"axis":"x"}},{"from":[-0.90187454,12.111544,3.7294583],"to":[2.0981255,16.611544,5.729459],"faces":{"east":{"uv":[3.1875,11.75,3.4375,12.3125],"tintindex":0,"rotation":0,"texture":"#0"},"south":{"uv":[7.75,11.5,8.125,12.0625],"tintindex":0,"rotation":0,"texture":"#0"},"north":{"uv":[7.375,11.5,7.75,12.0625],"tintindex":0,"rotation":0,"texture":"#0"},"west":{"uv":[5.4375,11.75,5.6875,12.3125],"tintindex":0,"rotation":0,"texture":"#0"},"up":{"uv":[12.4375,5.875,12.0625,5.625],"tintindex":0,"rotation":0,"texture":"#0"},"down":{"uv":[12.4375,5.875,12.0625,6.125],"tintindex":0,"rotation":0,"texture":"#0"}}},{"from":[17.598125,17.611544,6.229459],"to":[26.098125,20.611544,9.229459],"faces":{"east":{"uv":[5.0625,11.6875,5.4375,12.0625],"tintindex":0,"rotation":0,"texture":"#0"},"south":{"uv":[9.9375,3.375,11.0,3.75],"tintindex":0,"rotation":0,"texture":"#0"},"north":{"uv":[9.9375,3.0,11.0,3.375],"tintindex":0,"rotation":0,"texture":"#0"},"west":{"uv":[8.125,11.6875,8.5,12.0625],"tintindex":0,"rotation":0,"texture":"#0"},"up":{"uv":[5.3125,10.3125,4.25,9.9375],"tintindex":0,"rotation":0,"texture":"#0"},"down":{"uv":[10.1875,9.9375,9.125,10.3125],"tintindex":0,"rotation":0,"texture":"#0"}}},{"from":[19.219618,7.028097,5.229459],"to":[23.719618,11.528097,10.729459],"faces":{"east":{"uv":[1.3125,10.125,2.0,10.6875],"tintindex":0,"rotation":0,"texture":"#0"},"south":{"uv":[9.6875,10.875,10.25,11.4375],"tintindex":0,"rotation":0,"texture":"#0"},"north":{"uv":[4.0,10.875,4.5625,11.4375],"tintindex":0,"rotation":0,"texture":"#0"},"west":{"uv":[2.0,10.125,2.6875,10.6875],"tintindex":0,"rotation":0,"texture":"#0"},"up":{"uv":[3.25,10.8125,2.6875,10.125],"tintindex":0,"rotation":0,"texture":"#0"},"down":{"uv":[3.8125,10.125,3.25,10.8125],"tintindex":0,"rotation":0,