{"textures":{"0":"modelengine:entity/kindletron2_damaged"},"elements":[{"from":[2.0981236,10.111544,13.229458],"to":[13.598125,11.611544,14.729458],"faces":{"east":{"uv":[1.875,8.625,2.0625,8.8125],"tintindex":0,"rotation":0,"texture":"#0"},"south":{"uv":[4.5625,11.0,6.0,11.1875],"tintindex":0,"rotation":0,"texture":"#0"},"north":{"uv":[11.0,3.5625,12.4375,3.75],"tintindex":0,"rotation":0,"texture":"#0"},"west":{"uv":[0.75,8.6875,0.9375,8.875],"tintindex":0,"rotation":0,"texture":"#0"},"up":{"uv":[12.4375,7.125,11.0,6.9375],"tintindex":0,"rotation":0,"texture":"#0"},"down":{"uv":[12.4375,7.125,11.0,7.3125],"tintindex":0,"rotation":0,"texture":"#0"}}},{"from":[4.0981236,8.611544,-0.27054214],"to":[12.098125,17.111544,2.7294583],"faces":{"east":{"uv":[0.375,9.875,0.75,10.9375],"tintindex":0,"rotation":0,"texture":"#0"},"south":{"uv":[5.75,7.625,6.75,8.6875],"tintindex":0,"rotation":0,"texture":"#0"},"north":{"uv":[7.625,4.375,8.625,5.4375],"tintindex":0,"rotation":0,"texture":"#0"},"west":{"uv":[5.75,9.875,6.125,10.9375],"tintindex":0,"rotation":0,"texture":"#0"},"up":{"uv":[2.3125,11.0625,1.3125,10.6875],"tintindex":0,"rotation":0,"texture":"#0"},"down":{"uv":[11.6875,3.75,10.6875,4.125],"tintindex":0,"rotation":0,"texture":"#0"}}},{"from":[11.219618,8.528097,5.729459],"to":[19.219618,11.528097,7.729459],"faces":{"east":{"uv":[7.625,12.0625,7.875,12.4375],"tintindex":0,"rotation":0,"texture":"#0"},"south":{"uv":[6.125,10.75,7.125,11.125],"tintindex":0,"rotation":0,"texture":"#0"},"north":{"uv":[10.6875,10.5,11.6875,10.875],"tintindex":0,"rotation":0,"texture":"#0"},"west":{"uv":[7.875,12.0625,8.125,12.4375],"tintindex":0,"rotation":0,"texture":"#0"},"up":{"uv":[12.375,9.0625,11.375,8.8125],"tintindex":0,"rotation":0,"texture":"#0"},"down":{"uv":[12.375,9.0625,11.375,9.3125],"tintindex":0,"rotation":0,"texture":"#0"}},"rotation":{"origin":[15.219618,10.028097,7.229459],"angle":22.5,"axis":"z"}},{"from":[-0.90187645,12.111544,10.229459],"to":[2.0981236,16.611544,12.229459],"faces":{"east":{"uv":[11.8125,11.0625,12.0625,11.625],"tintindex":0,"rotation":0,"texture":"#0"},"south":{"uv":[10.6875,11.5625,11.0625,12.125],"tintindex":0,"rotation":0,"texture":"#0"},"north":{"uv":[1.6875,11.5625,2.0625,12.125],"tintindex":0,"rotation":0,"texture":"#0"},"west":{"uv":[11.8125,11.625,12.0625,12.1875],"tintindex":0,"rotation":0,"texture":"#0"},"up":{"uv":[12.4375,10.0625,12.0625,9.8125],"tintindex":0,"rotation":0,"texture":"#0"},"down":{"uv":[12.4375,10.0625,12.0625,10.3125],"tintindex":0,"rotation":0,"texture":"#0"}}},{"from":[2.0981236,10.111544,2.7294583],"to":[13.598125,17.611544,13.229458],"faces":{"east":{"uv":[3.5625,5.875,4.875,6.8125],"tintindex":0,"rotation":0,"texture":"#0"},"south":{"uv":[4.3125,1.875,5.75,2.8125],"tintindex":0,"rotation":0,"texture":"#0"},"north":{"uv":[4.3125,0.9375,5.75,1.875],"tintindex":0,"rotation":0,"texture":"#0"},"west":{"uv":[4.875,5.875,6.1875,6.8125],"tintindex":0,"rotation":0,"texture":"#0"},"up":{"uv":[1.4375,3.9375,0.0,2.625],"tintindex":0,"rotation":0,"texture":"#0"},"down":{"uv":[2.875,2.625,1.4375,3.9375],"tintindex":0,"rotation":0,"texture":"#0"}}},{"from":[13.598125,14.611544,4.2294583],"to":[25.098125,19.611544,11.729459],"faces":{"east":{"uv":[8.625,4.0625,9.5625,4.6875],"tintindex":0,"rotation":0,"texture":"#0"},"south":{"uv":[8.5625,6.6875,10.0,7.3125],"tintindex":0,"rotation":0,"texture":"#0"},"north":{"uv":[8.5625,6.0625,10.0,6.6875],"tintindex":0,"rotation":0,"texture":"#0"},"west":{"uv":[8.625,4.6875,9.5625,5.3125],"tintindex":0,"rotation":0,"texture":"#0"},"up":{"uv":[5.75,3.75,4.3125,2.8125],"tintindex":0,"rotation":0,"texture":"#0"},"down":{"uv":[5.75,3.75,4.3125,4.6875],"tintindex":0,"rotation":0,"texture":"#0"}}},{"from":[10.098125,8.611544,13.229458],"to":[14.098125,15.611544,17.229458],"faces":{"east":{"uv":[4.875,9.0625,5.375,9.9375],"tintindex":0,"rotation":0,"texture":"#0"},"south":{"uv":[0.75,9.25,1.25,10.125],"tintindex":0,"rotation":0,"texture":"#0"},"north":{"uv":[4.375,9.0625,4.875,9.9375],"tintindex":0,"rotation":0,"texture":"#0"},"west":{"uv":[1.25,9.25,1.75,10.125],"tintindex":0,"rotation":0,"texture":"#0"},"up":{"uv":[11.8125,11.5625,11.3125,11.0625],"tintindex":0,"rotation":0,"texture":"#0"},"down":{"uv":[3.9375,11.375,3.4375,11.875],"tintindex":0,"rotation":0,"texture":"#0"}},"rotation":{"origin":[11.598125,12.111544,15.229458],"angle":-22.5,"axis":"x"}},{"from":[13.598125,10.111544,11.729459],"to":[22.598125,17.611544,14.729458],"faces":{"east":{"uv":[2.6875,10.8125,3.0625,11.75],"tintindex":0,"rotation":0,"texture":"#0"},"south":{"uv":[3.25,7.9375,4.375,8.875],"tintindex":0,"rotation":0,"texture":"#0"},"north":{"uv":[2.125,7.9375,3.25,8.875],"tintindex":0,"rotation":0,"texture":"#0"},"west":{"uv":[3.0625,10.8125,3.4375,11.75],"tintindex":0,"rotation":0,"texture":"#0"},"up":{"uv":[10.6875,5.25,9.5625,4.875],"tintindex":0,"rotation":0,"texture":"#0"},"down":{"uv":[10.375,9.5625,9.25,9.9375],"tintindex":0,"rotation":0,"texture":"#0"}}},{"from":[17.598125,17.611544,6.229459],"to":[26.098125,20.611544,9.229459],"faces":{"east":{"uv":[11.8125,1.5625,12.1875,1.9375],"tintindex":0,"rotation":0,"texture":"#0"},"south":{"uv":[10.0,5.625,11.0625,6.0],"tintindex":0,"rotation":0,"texture":"#0"},"north":{"uv":[10.0,5.25,11.0625,5.625],"tintindex":0,"rotation":0,"texture":"#0"},"west":{"uv":[11.8125,1.9375,12.1875,2.3125],"tintindex":0,"rotation":0,"texture":"#0"},"up":{"uv":[11.0625,6.375,10.0,6.0],"tintindex":0,"rotation":0,"texture":"#0"},"down":{"uv":[7.1875,10.0,6.125,10.375],"tintindex":0,"rotation":0,"texture":"#0"}}},{"from":[4.0981236,7.1115437,2.7294583],"to":[12.098125,10.111544,11.729459],"faces":{"east":{"uv":[9.5625,4.125,10.6875,4.5],"tintindex":0,"rotation":0,"texture":"#0"},"south":{"uv":[10.6875,4.5,11.6875,4.875],"tintindex":0,"rotation":0,"texture":"#0"},"north":{"uv":[10.6875,4.125,11.6875,4.5],"tintindex":0,"rotation":0,"texture":"#0"},"west":{"uv":[9.5625,4.5,10.6875,4.875],"tintindex":0,"rotation":0,"texture":"#0"},"up":{"uv":[1.0,8.0625,0.0,6.9375],"tintindex":0,"rotation":0,"texture":"#0"},"down":{"uv":[8.0625,1.125,7.0625,2.25],"tintindex":0,"rotation":0,"texture":"#0"}}},{"from":[19.219618,7.028097,5.229459],"to":[23.719618,11.528097,10.729459],"faces":{"east":{"uv":[10.1875,9.9375,10.875,10.5],"tintindex":0,"rotation":0,"texture":"#0"},"south":{"uv":[10.25,10.875,10.8125,11.4375],"tintindex":0,"rotation":0,"texture":"#0"},"north":{"uv":[10.875,9.9375,11.4375,10.5],"tintindex":0,"rotation":0,"texture":"#0"},"west":{"uv":[4.25,10.3125,4.9375,10.875],"tintindex":0,"rotation":0,"texture":"#0"},"up":{"uv":[5.5,11.0,4.9375,10.3125],"tintindex":0,"rotation":0,"texture":"#0"},"down":{"uv":[9.6875,10.3125,9.125,11.0],"tintindex":0,"rotation":0,"texture":"#0"}},"rotation":{"origin":[15.219618,10.028097,7.229459],"angle":22.5,"axis":"z"}},{"from":[22.617073,12.384705,7.314825],"to":[27.117073,14.884705,9.314825],"faces":{"east":{"uv":[1.8125,12.125,2.0625,12.4375],"tintindex":0,"rotation":0,"texture":"#0"},"south":{"uv":[11.625,1.25,12.1875,1.5625],"tintindex":0,"rotation":0,"texture":"#0"},"north":{"uv":[11.625,0.9375,12.1875,1.25],"tintindex":0,"rotation":0,"texture":"#0"},"west":{"uv":[12.125,7.5625,12.375,7.875],"tintindex":0,"rotation":0,"texture":"#0"},"up":{"uv":[12.3125,9.5625,11.75,9.3125],"tintindex":0,"rotation":0,"texture":"#0"},"down":{"uv":[12.3125,9.5625,11.75,9.8125],"tintindex":0,"rotation":0,"texture":"#0"}},"rotation":{"origin":[24.867073,13.634705,8.314825],"angle":22.5,"axis":"z"}},{"from":[-0.90187645,12.111544,3.7294583],"to":[2.0981236,16.611544,5.729459],"faces":{"east":{"uv":[5.6875,11.75,5.9375,12.3125],"tintindex":0,"rotation":0,"texture":"#0"},"south":{"uv":[1.3125,11.5625,1.6875,12.125],"tintindex":0,"rotation":0,"texture":"#0"},"north":{"uv":[9.0625,11.5,9.4375,12.0625],"tintindex":0,"rotation":0,"texture":"#0"},"west":{"uv":[11.8125,9.8125,12.0625,10.375],"tintindex":0,"rotation":0,"texture":"#0"},"up":{"uv":[8.5,12.3125,8.125,12.0625],"tintindex":0,