{"textures":{"0":"modelengine:entity/kindletron2"},"elements":[{"from":[6.9560013,4.021753,-12.0],"to":[8.956001,11.978247,28.000002],"faces":{"east":{"uv":[5.0625,4.375,7.5625,4.875],"tintindex":0,"rotation":0,"texture":"#0"},"south":{"uv":[11.25,11.5,11.375,12.0],"tintindex":0,"rotation":0,"texture":"#0"},"north":{"uv":[11.125,11.5,11.25,12.0],"tintindex":0,"rotation":0,"texture":"#0"},"west":{"uv":[5.0625,4.875,7.5625,5.375],"tintindex":0,"rotation":0,"texture":"#0"},"up":{"uv":[2.75,12.1875,2.625,9.6875],"tintindex":0,"rotation":0,"texture":"#0"},"down":{"uv":[2.875,9.6875,2.75,12.1875],"tintindex":0,"rotation":0,"texture":"#0"}},"rotation":{"origin":[0.9560013,8.0,8.0],"angle":22.5,"axis":"x"}},{"from":[6.9560013,-12.0,4.0217524],"to":[8.956001,28.0,11.978247],"faces":{"east":{"uv":[5.0625,5.375,5.5625,7.875],"tintindex":0,"rotation":0,"texture":"#0"},"south":{"uv":[5.1875,9.875,5.3125,12.375],"tintindex":0,"rotation":0,"texture":"#0"},"north":{"uv":[5.0625,9.875,5.1875,12.375],"tintindex":0,"rotation":0,"texture":"#0"},"west":{"uv":[3.625,5.4375,4.125,7.9375],"tintindex":0,"rotation":0,"texture":"#0"},"up":{"uv":[11.6875,2.3125,11.5625,1.8125],"tintindex":0,"rotation":0,"texture":"#0"},"down":{"uv":[2.25,11.5625,2.125,12.0625],"tintindex":0,"rotation":0,"texture":"#0"}},"rotation":{"origin":[0.9560013,8.0,8.0],"angle":-22.5,"axis":"x"}},{"from":[7.4560013,-11.978249,-3.0],"to":[8.456001,-9.021753,4.0],"faces":{"east":{"uv":[11.25,3.0625,11.6875,3.25],"tintindex":0,"rotation":0,"texture":"#0"},"south":{"uv":[6.875,7.1875,6.9375,7.375],"tintindex":0,"rotation":0,"texture":"#0"},"north":{"uv":[2.4375,5.5,2.5,5.6875],"tintindex":0,"rotation":0,"texture":"#0"},"west":{"uv":[11.25,10.3125,11.6875,10.5],"tintindex":0,"rotation":0,"texture":"#0"},"up":{"uv":[6.9375,6.25,6.875,5.8125],"tintindex":0,"rotation":0,"texture":"#0"},"down":{"uv":[5.0625,7.0,5.0,7.4375],"tintindex":0,"rotation":0,"texture":"#0"}},"rotation":{"origin":[0.9560013,8.0,8.0],"angle":-45.0,"axis":"x"}},{"from":[7.4560013,-3.0,25.021753],"to":[8.456001,4.0,27.978247],"faces":{"east":{"uv":[1.4375,11.3125,1.625,11.75],"tintindex":0,"rotation":0,"texture":"#0"},"south":{"uv":[11.5625,4.875,11.625,5.3125],"tintindex":0,"rotation":0,"texture":"#0"},"north":{"uv":[8.6875,11.5,8.75,11.9375],"tintindex":0,"rotation":0,"texture":"#0"},"west":{"uv":[3.3125,11.3125,3.5,11.75],"tintindex":0,"rotation":0,"texture":"#0"},"up":{"uv":[6.6875,11.75,6.625,11.5625],"tintindex":0,"rotation":0,"texture":"#0"},"down":{"uv":[7.4375,11.5625,7.375,11.75],"tintindex":0,"rotation":0,"texture":"#0"}},"rotation":{"origin":[0.9560013,8.0,8.0],"angle":-22.5,"axis":"x"}},{"from":[6.9560013,4.021753,-12.0],"to":[8.956001,11.978247,28.000002],"faces":{"east":{"uv":[5.0625,3.375,7.5625,3.875],"tintindex":0,"rotation":0,"texture":"#0"},"south":{"uv":[11.0,11.5,11.125,12.0],"tintindex":0,"rotation":0,"texture":"#0"},"north":{"uv":[10.875,11.5,11.0,12.0],"tintindex":0,"rotation":0,"texture":"#0"},"west":{"uv":[5.0625,3.875,7.5625,4.375],"tintindex":0,"rotation":0,"texture":"#0"},"up":{"uv":[8.0625,12.0,7.9375,9.5],"tintindex":0,"rotation":0,"texture":"#0"},"down":{"uv":[3.6875,9.5625,3.5625,12.0625],"tintindex":0,"rotation":0,"texture":"#0"}}},{"from":[6.9560013,4.021753,-12.0],"to":[8.956001,11.978247,28.000002],"faces":{"east":{"uv":[0.0,5.0,2.5,5.5],"tintindex":0,"rotation":0,"texture":"#0"},"south":{"uv":[4.9375,10.4375,5.0625,10.9375],"tintindex":0,"rotation":0,"texture":"#0"},"north":{"uv":[4.5,9.25,4.625,9.75],"tintindex":0,"rotation":0,"texture":"#0"},"west":{"uv":[5.0625,1.875,7.5625,2.375],"tintindex":0,"rotation":0,"texture":"#0"},"up":{"uv":[4.1875,11.5625,4.0625,9.0625],"tintindex":0,"rotation":0,"texture":"#0"},"down":{"uv":[4.3125,9.0625,4.1875,11.5625],"tintindex":0,"rotation":0,"texture":"#0"}},"rotation":{"origin":[0.9560013,8.0,8.0],"angle":-45.0,"axis":"x"}},{"from":[7.4560013,-11.978249,-3.0],"to":[8.456001,-9.021753,4.0],"faces":{"east":{"uv":[11.375,11.125,11.8125,11.3125],"tintindex":0,"rotation":0,"texture":"#0"},"south":{"uv":[0.8125,11.3125,0.875,11.5],"tintindex":0,"rotation":0,"texture":"#0"},"north":{"uv":[10.6875,11.25,10.75,11.4375],"tintindex":0,"rotation":0,"texture":"#0"},"west":{"uv":[11.375,11.3125,11.8125,11.5],"tintindex":0,"rotation":0,"texture":"#0"},"up":{"uv":[2.625,11.4375,2.5625,11.0],"tintindex":0,"rotation":0,"texture":"#0"},"down":{"uv":[9.5,11.0,9.4375,11.4375],"tintindex":0,"rotation":0,"texture":"#0"}},"rotation":{"origin":[0.9560013,8.0,8.0],"angle":45.0,"axis":"x"}},{"from":[6.9560013,-12.0,4.0217524],"to":[8.956001,28.0,11.978247],"faces":{"east":{"uv":[4.125,5.4375,4.625,7.9375],"tintindex":0,"rotation":0,"texture":"#0"},"south":{"uv":[0.0,9.9375,0.125,12.4375],"tintindex":0,"rotation":0,"texture":"#0"},"north":{"uv":[9.5,9.875,9.625,12.375],"tintindex":0,"rotation":0,"texture":"#0"},"west":{"uv":[0.0,5.5,0.5,8.0],"tintindex":0,"rotation":0,"texture":"#0"},"up":{"uv":[2.375,12.0625,2.25,11.5625],"tintindex":0,"rotation":0,"texture":"#0"},"down":{"uv":[11.6875,2.3125,11.5625,2.8125],"tintindex":0,"rotation":0,"texture":"#0"}}},{"from":[7.4560013,25.021751,12.0],"to":[8.456001,27.978247,19.0],"faces":{"east":{"uv":[11.25,10.5,11.6875,10.6875],"tintindex":0,"rotation":0,"texture":"#0"},"south":{"uv":[8.9375,1.375,9.0,1.5625],"tintindex":0,"rotation":0,"texture":"#0"},"north":{"uv":[7.5,1.625,7.5625,1.8125],"tintindex":0,"rotation":0,"texture":"#0"},"west":{"uv":[11.25,10.9375,11.6875,11.125],"tintindex":0,"rotation":0,"texture":"#0"},"up":{"uv":[3.5625,7.75,3.5,7.3125],"tintindex":0,"rotation":0,"texture":"#0"},"down":{"uv":[3.625,7.3125,3.5625,7.75],"tintindex":0,"rotation":0,"texture":"#0"}},"rotation":{"origin":[0.9560013,8.0,8.0],"angle":-45.0,"axis":"x"}},{"from":[7.4560013,25.021751,12.0],"to":[8.456001,27.978247,19.0],"faces":{"east":{"uv":[11.375,4.6875,11.8125,4.875],"tintindex":0,"rotation":0,"texture":"#0"},"south":{"uv":[10.625,11.25,10.6875,11.4375],"tintindex":0,"rotation":0,"texture":"#0"},"north":{"uv":[8.375,11.25,8.4375,11.4375],"tintindex":0,"rotation":0,"texture":"#0"},"west":{"uv":[11.375,10.0,11.8125,10.1875],"tintindex":0,"rotation":0,"texture":"#0"},"up":{"uv":[2.625,11.0,2.5625,10.5625],"tintindex":0,"rotation":0,"texture":"#0"},"down":{"uv":[3.5625,10.75,3.5,11.1875],"tintindex":0,"rotation":0,"texture":"#0"}},"rotation":{"origin":[0.9560013,8.0,8.0],"angle":22.5,"axis":"x"}},{"from":[7.4560013,-3.0,25.021753],"to":[8.456001,4.0,27.978247],"faces":{"east":{"uv":[2.375,11.4375,2.5625,11.875],"tintindex":0,"rotation":0,"texture":"#0"},"south":{"uv":[6.125,11.5625,6.1875,12.0],"tintindex":0,"rotation":0,"texture":"#0"},"north":{"uv":[6.0625,11.5625,6.125,12.0],"tintindex":0,"rotation":0,"texture":"#0"},"west":{"uv":[11.5,0.0,11.6875,0.4375],"tintindex":0,"rotation":0,"texture":"#0"},"up":{"uv":[7.625,11.75,7.5625,11.5625],"tintindex":0,"rotation":0,"texture":"#0"},"down":{"uv":[7.6875,11.5625,7.625,11.75],"tintindex":0,"rotation":0,"texture":"#0"}}},{"from":[7.4560013,12.0,-11.978247],"to":[8.456001,19.0,-9.021751],"faces":{"east":{"uv":[8.75,11.1875,8.9375,11.625],"tintindex":0,"rotation":0,"texture":"#0"},"south":{"uv":[9.4375,11.4375,9.5,11.875],"tintindex":0,"rotation":0,"texture":"#0"},"north":{"uv":[2.5625,11.4375,2.625,11.875],"tintindex":0,"rotation":0,"texture":"#0"},"west":{"uv":[7.1875,11.25,7.375,11.6875],"tintindex":0,"rotation":0,"texture":"#0"},"up":{"uv":[6.5625,11.75,6.5,11.5625],"tintindex":0,"rotation":0,"texture":"#0"},"down":{"uv":[6.625,11.5625,6.5625,11.75],"tintindex":0,"rotation":0,"texture":"#0"}},"rotation":{"origin":[0.9560013,8.0,8.0],"angle":-22.5,"axis":"x"}},{"from":[9.056,-12.0,-12.0],"to":[9.056,28.0,28.000002],"faces":{"east":{"uv":[0.0,0.0,2.5,2.5],"tintindex":0,"rotation":0,"texture":"#0"},"west":{"uv":[0.0,0.0,2.5,2.5],"tintindex":0,"rotation":0,"texture":"#0"}}},{"from":[7.4560013,-11.978249,-3.0],"to":[8.456001,-9.021753,4.0],"faces":{"east":{"uv":[11.375,4.3125,11.8125,4.5],"tintindex":0,"rotation":0,