{"textures":{"0":"modelengine:entity/kindletron2"},"elements":[{"from":[14.145756,3.0688705,1.7794933],"to":[16.145756,13.068871,12.779493],"faces":{"east":{"uv":[8.75,6.0,9.4375,6.625],"tintindex":0,"rotation":0,"texture":"#0"},"south":{"uv":[4.5,8.625,4.625,9.25],"tintindex":0,"rotation":0,"texture":"#0"},"north":{"uv":[2.875,8.4375,3.0,9.0625],"tintindex":0,"rotation":0,"texture":"#0"},"west":{"uv":[8.75,7.8125,9.4375,8.4375],"tintindex":0,"rotation":0,"texture":"#0"},"up":{"uv":[3.625,7.3125,3.5,6.625],"tintindex":0,"rotation":0,"texture":"#0"},"down":{"uv":[4.625,7.9375,4.5,8.625],"tintindex":0,"rotation":0,"texture":"#0"}}},{"from":[9.145756,-8.931129,1.7794933],"to":[13.145756,-0.93112946,9.779493],"faces":{"east":{"uv":[10.125,5.125,10.625,5.625],"tintindex":0,"rotation":0,"texture":"#0"},"south":{"uv":[11.0,5.9375,11.25,6.4375],"tintindex":0,"rotation":0,"texture":"#0"},"north":{"uv":[11.0,5.4375,11.25,5.9375],"tintindex":0,"rotation":0,"texture":"#0"},"west":{"uv":[10.125,6.125,10.625,6.625],"tintindex":0,"rotation":0,"texture":"#0"},"up":{"uv":[11.25,6.9375,11.0,6.4375],"tintindex":0,"rotation":0,"texture":"#0"},"down":{"uv":[9.1875,11.0625,8.9375,11.5625],"tintindex":0,"rotation":0,"texture":"#0"}},"rotation":{"origin":[11.145756,-3.9311295,6.7794933],"angle":-45.0,"axis":"x"}},{"from":[8.145756,-3.9311295,1.7794933],"to":[14.145756,14.068871,12.779493],"faces":{"east":{"uv":[7.9375,2.25,8.625,3.375],"tintindex":0,"rotation":0,"texture":"#0"},"south":{"uv":[9.0,0.9375,9.375,2.0625],"tintindex":0,"rotation":0,"texture":"#0"},"north":{"uv":[5.0,8.75,5.375,9.875],"tintindex":0,"rotation":0,"texture":"#0"},"west":{"uv":[3.0,7.9375,3.6875,9.0625],"tintindex":0,"rotation":0,"texture":"#0"},"up":{"uv":[3.25,10.75,2.875,10.0625],"tintindex":0,"rotation":0,"texture":"#0"},"down":{"uv":[7.3125,10.0625,6.9375,10.75],"tintindex":0,"rotation":0,"texture":"#0"}}}],"display":{"gui":{"rotation":[30,225,0]}}}