{"textures":{"0":"modelengine:entity/ghoul1"},"elements":[{"from":[4.7835,6.7355194,6.9416],"to":[11.0835,9.95552,10.233],"faces":{"east":{"uv":[3.375,9.375,3.9375,9.9375],"tintindex":0,"rotation":0,"texture":"#0"},"south":{"uv":[7.25,0.0,8.375,0.5625],"tintindex":0,"rotation":0,"texture":"#0"},"north":{"uv":[7.125,3.25,8.25,3.8125],"tintindex":0,"rotation":0,"texture":"#0"},"west":{"uv":[9.375,9.0,9.9375,9.5625],"tintindex":0,"rotation":0,"texture":"#0"},"up":{"uv":[2.0,7.9375,0.875,7.375],"tintindex":0,"rotation":0,"texture":"#0"},"down":{"uv":[7.125,7.375,6.0,7.9375],"tintindex":0,"rotation":0,"texture":"#0"}}},{"from":[11.393166,6.9245524,6.943],"to":[14.805666,10.144552,10.2316],"faces":{"east":{"uv":[9.5,1.625,10.0625,2.1875],"tintindex":0,"rotation":0,"texture":"#0"},"south":{"uv":[5.5,9.0,6.125,9.5625],"tintindex":0,"rotation":0,"texture":"#0"},"north":{"uv":[8.875,2.875,9.5,3.4375],"tintindex":0,"rotation":0,"texture":"#0"},"west":{"uv":[9.5,2.25,10.0625,2.8125],"tintindex":0,"rotation":0,"texture":"#0"},"up":{"uv":[9.375,9.5625,8.75,9.0],"tintindex":0,"rotation":0,"texture":"#0"},"down":{"uv":[9.75,3.5,9.125,4.0625],"tintindex":0,"rotation":0,"texture":"#0"}},"rotation":{"origin":[7.613166,23.444553,8.062428],"angle":-22.5,"axis":"z"}},{"from":[1.2211871,6.1209173,6.9424286],"to":[4.6336875,9.340918,10.232429],"faces":{"east":{"uv":[9.5,2.875,10.0625,3.4375],"tintindex":0,"rotation":0,"texture":"#0"},"south":{"uv":[9.125,4.125,9.75,4.6875],"tintindex":0,"rotation":0,"texture":"#0"},"north":{"uv":[4.125,9.125,4.75,9.6875],"tintindex":0,"rotation":0,"texture":"#0"},"west":{"uv":[9.625,5.375,10.1875,5.9375],"tintindex":0,"rotation":0,"texture":"#0"},"up":{"uv":[9.75,5.3125,9.125,4.75],"tintindex":0,"rotation":0,"texture":"#0"},"down":{"uv":[9.75,7.75,9.125,8.3125],"tintindex":0,"rotation":0,"texture":"#0"}},"rotation":{"origin":[6.3136873,22.640917,8.062428],"angle":22.5,"axis":"z"}}],"display":{"gui":{"rotation":[30,225,0]}}}