{"textures":{"1":"modelengine:entity/soul_knight_horse"},"elements":[{"from":[6.3476,18.741203,5.1724014],"to":[9.6524,22.706963,8.4772],"faces":{"east":{"uv":[4.8125,11.9375,5.0,12.1875],"tintindex":0,"rotation":0,"texture":"#1"},"south":{"uv":[5.0,11.9375,5.1875,12.1875],"tintindex":0,"rotation":0,"texture":"#1"},"north":{"uv":[2.9375,11.9375,3.125,12.1875],"tintindex":0,"rotation":0,"texture":"#1"},"west":{"uv":[6.25,11.9375,6.4375,12.1875],"tintindex":0,"rotation":0,"texture":"#1"},"up":{"uv":[9.9375,7.5,9.75,7.3125],"tintindex":0,"rotation":0,"texture":"#1"},"down":{"uv":[5.625,11.5625,5.4375,11.75],"tintindex":0,"rotation":0,"texture":"#1"}},"rotation":{"origin":[8.83592,9.021202,7.893999],"angle":-45.0,"axis":"x"}},{"from":[7.4168,16.408401,-6.2971992],"to":[8.5832,20.37416,-4.9364014],"faces":{"east":{"uv":[1.25,9.25,1.3125,9.5],"tintindex":0,"rotation":0,"texture":"#1"},"south":{"uv":[7.8125,9.375,7.875,9.625],"tintindex":0,"rotation":0,"texture":"#1"},"north":{"uv":[7.8125,9.125,7.875,9.375],"tintindex":0,"rotation":0,"texture":"#1"},"west":{"uv":[8.9375,9.375,9.0,9.625],"tintindex":0,"rotation":0,"texture":"#1"},"up":{"uv":[7.625,1.6875,7.5625,1.625],"tintindex":0,"rotation":0,"texture":"#1"},"down":{"uv":[8.5625,6.9375,8.5,7.0],"tintindex":0,"rotation":0,"texture":"#1"}},"rotation":{"origin":[9.12752,9.021202,7.893999],"angle":-22.5,"axis":"x"}},{"from":[5.75,14.809998,-1.0699997],"to":[10.25,18.482002,9.190001],"faces":{"east":{"uv":[10.875,7.0625,11.5,7.3125],"tintindex":0,"rotation":0,"texture":"#1"},"south":{"uv":[8.8125,11.6875,9.125,11.9375],"tintindex":0,"rotation":0,"texture":"#1"},"north":{"uv":[6.25,11.6875,6.5625,11.9375],"tintindex":0,"rotation":0,"texture":"#1"},"west":{"uv":[10.9375,6.25,11.5625,6.5],"tintindex":0,"rotation":0,"texture":"#1"},"up":{"uv":[6.3125,9.375,6.0,8.75],"tintindex":0,"rotation":0,"texture":"#1"},"down":{"uv":[10.4375,0.9375,10.125,1.5625],"tintindex":0,"rotation":0,"texture":"#1"}},"rotation":{"origin":[8.774,9.230003,8.469999],"angle":-22.5,"axis":"x"}},{"from":[7.3268,22.096329,8.678293],"to":[8.6732,27.502083,10.579094],"faces":{"east":{"uv":[3.3125,9.0625,3.4375,9.375],"tintindex":0,"rotation":0,"texture":"#1"},"south":{"uv":[0.5625,6.75,0.625,7.0625],"tintindex":0,"rotation":0,"texture":"#1"},"north":{"uv":[5.125,6.0,5.1875,6.3125],"tintindex":0,"rotation":0,"texture":"#1"},"west":{"uv":[3.3125,9.375,3.4375,9.6875],"tintindex":0,"rotation":0,"texture":"#1"},"up":{"uv":[4.0625,8.0625,4.0,7.9375],"tintindex":0,"rotation":0,"texture":"#1"},"down":{"uv":[8.0,4.9375,7.9375,5.0625],"tintindex":0,"rotation":0,"texture":"#1"}},"rotation":{"origin":[9.21752,22.161201,12.034],"angle":45.0,"axis":"x"}},{"from":[6.3476,14.961197,6.9724007],"to":[9.6524,20.546959,10.9972],"faces":{"east":{"uv":[5.625,0.75,5.875,1.125],"tintindex":0,"rotation":0,"texture":"#1"},"south":{"uv":[9.375,7.5,9.5625,7.875],"tintindex":0,"rotation":0,"texture":"#1"},"north":{"uv":[7.25,7.6875,7.4375,8.0625],"tintindex":0,"rotation":0,"texture":"#1"},"west":{"uv":[10.0625,11.5625,10.3125,11.9375],"tintindex":0,"rotation":0,"texture":"#1"},"up":{"uv":[10.3125,5.875,10.125,5.625],"tintindex":0,"rotation":0,"texture":"#1"},"down":{"uv":[1.1875,11.9375,1.0,12.1875],"tintindex":0,"rotation":0,"texture":"#1"}}},{"from":[5.7320004,4.7300034,-8.810001],"to":[10.268,7.0699997,0.54999924],"faces":{"east":{"uv":[9.5625,5.4375,10.125,5.5625],"tintindex":0,"rotation":0,"texture":"#1"},"south":{"uv":[10.1875,8.0625,10.5,8.1875],"tintindex":0,"rotation":0,"texture":"#1"},"north":{"uv":[9.5625,9.0,9.875,9.125],"tintindex":0,"rotation":0,"texture":"#1"},"west":{"uv":[10.3125,6.25,10.875,6.375],"tintindex":0,"rotation":0,"texture":"#1"},"up":{"uv":[11.0,0.5625,10.6875,0.0],"tintindex":0,"rotation":0,"texture":"#1"},"down":{"uv":[11.0,0.5625,10.6875,1.125],"tintindex":0,"rotation":0,"texture":"#1"}},"rotation":{"origin":[8.756,9.230003,8.469999],"angle":-22.5,"axis":"x"}},{"from":[6.4700003,14.629997,-11.509998],"to":[9.53,18.410004,-9.709999],"faces":{"east":{"uv":[3.0,10.875,3.125,11.125],"tintindex":0,"rotation":0,"texture":"#1"},"south":{"uv":[9.4375,11.9375,9.625,12.1875],"tintindex":0,"rotation":0,"texture":"#1"},"north":{"uv":[8.8125,11.9375,9.0,12.1875],"tintindex":0,"rotation":0,"texture":"#1"},"west":{"uv":[3.5625,11.125,3.6875,11.375],"tintindex":0,"rotation":0,"texture":"#1"},"up":{"uv":[7.4375,8.1875,7.25,8.0625],"tintindex":0,"rotation":0,"texture":"#1"},"down":{"uv":[11.125,9.0,10.9375,9.125],"tintindex":0,"rotation":0,"texture":"#1"}},"rotation":{"origin":[8.774,9.230003,8.469999],"angle":-45.0,"axis":"x"}},{"from":[7.028,20.685204,0.31240082],"to":[8.972,24.650963,2.4508018],"faces":{"east":{"uv":[6.75,6.375,6.875,6.625],"tintindex":0,"rotation":0,"texture":"#1"},"south":{"uv":[1.5625,7.625,1.6875,7.875],"tintindex":0,"rotation":0,"texture":"#1"},"north":{"uv":[3.5625,5.75,3.6875,6.0],"tintindex":0,"rotation":0,"texture":"#1"},"west":{"uv":[5.0,9.375,5.125,9.625],"tintindex":0,"rotation":0,"texture":"#1"},"up":{"uv":[1.5625,3.5625,1.4375,3.4375],"tintindex":0,"rotation":0,"texture":"#1"},"down":{"uv":[7.4375,6.25,7.3125,6.375],"tintindex":0,"rotation":0,"texture":"#1"}},"rotation":{"origin":[9.12752,9.021202,7.893999],"angle":-22.5,"axis":"x"}},{"from":[6.236,-0.8499985,-2.5099983],"to":[9.764,1.4899979,3.0699997],"faces":{"east":{"uv":[1.0625,3.4375,1.4375,3.5625],"tintindex":0,"rotation":0,"texture":"#1"},"south":{"uv":[11.125,1.875,11.375,2.0],"tintindex":0,"rotation":0,"texture":"#1"},"north":{"uv":[10.125,1.5625,10.375,1.6875],"tintindex":0,"rotation":0,"texture":"#1"},"west":{"uv":[0.0,9.125,0.375,9.25],"tintindex":0,"rotation":0,"texture":"#1"},"up":{"uv":[2.4375,12.0,2.1875,11.625],"tintindex":0,"rotation":0,"texture":"#1"},"down":{"uv":[11.875,2.8125,11.625,3.1875],"tintindex":0,"rotation":0,"texture":"#1"}},"rotation":{"origin":[8.036,1.3099976,-2.3300018],"angle":-22.5,"axis":"x"}},{"from":[5.012,6.3499985,-5.5699997],"to":[10.988,10.129997,3.0699997],"faces":{"east":{"uv":[11.0,0.8125,11.5625,1.0625],"tintindex":0,"rotation":0,"texture":"#1"},"south":{"uv":[1.8125,11.625,2.1875,11.875],"tintindex":0,"rotation":0,"texture":"#1"},"north":{"uv":[11.1875,0.5625,11.5625,0.8125],"tintindex":0,"rotation":0,"texture":"#1"},"west":{"uv":[11.0625,8.0625,11.625,8.3125],"tintindex":0,"rotation":0,"texture":"#1"},"up":{"uv":[10.4375,0.9375,10.0625,0.375],"tintindex":0,"rotation":0,"texture":"#1"},"down":{"uv":[3.125,10.0625,2.75,10.625],"tintindex":0,"rotation":0,"texture":"#1"}},"rotation":{"origin":[8.756,9.230003,8.469999],"angle":-22.5,"axis":"x"}},{"from":[6.4700003,18.769997,-6.470001],"to":[9.53,19.489998,2.5299988],"faces":{"east":{"uv":[2.875,2.1875,3.4375,2.25],"tintindex":0,"rotation":0,"texture":"#1"},"south":{"uv":[6.4375,9.4375,6.625,9.5],"tintindex":0,"rotation":0,"texture":"#1"},"north":{"uv":[4.4375,8.0625,4.625,8.125],"tintindex":0,"rotation":0,"texture":"#1"},"west":{"uv":[4.5625,4.375,5.125,4.4375],"tintindex":0,"rotation":0,"texture":"#1"},"up":{"uv":[7.5625,12.0,7.375,11.4375],"tintindex":0,"rotation":0,"texture":"#1"},"down":{"uv":[5.4375,11.5625,5.25,12.125],"tintindex":0,"rotation":0,"texture":"#1"}},"rotation":{"origin":[8.774,9.230003,8.469999],"angle":-45.0,"axis":"x"}},{"from":[7.028,17.9636,-2.7980003],"to":[8.972,21.92936,-0.6595993],"faces":{"east":{"uv":[3.0,10.625,3.125,10.875],"tintindex":0,"rotation":0,"texture":"#1"},"south":{"uv":[9.25,10.75,9.375,11.0],"tintindex":0,"rotation":0,"texture":"#1"},"north":{"uv":[5.875,9.9375,6.0,10.1875],"tintindex":0,"rotation":0,"texture":"#1"},"west":{"uv":[5.75,10.8125,5.875,11.0625],"tintindex":0,"rotation":0,"texture":"#1"},"up":{"uv":[0.5625,8.1875,0.4375,8.0625],"tintindex":0,"rotation":0,"texture":"#1"},"down":{"uv":[8.75,1.875,8.625,2.0],"tintindex":0,"rotation":0,"texture":"#1"}},"rotation":{"origin":[9.12752,9.021202,7.893999],"angle":-45.0,"axis":"x"}},{"from":[7.4168,24.184402,0.89559937],"to":[8.5832,28.150162,2.256401],