{"textures":{"1":"modelengine:entity/soul_knight_horse"},"elements":[{"from":[5.76,-2.6200008,3.1399994],"to":[10.08,11.779999,13.219999],"faces":{"east":{"uv":[7.9375,3.1875,8.5625,4.0625],"tintindex":0,"rotation":0,"texture":"#1"},"south":{"uv":[0.0,9.9375,0.25,10.8125],"tintindex":0,"rotation":0,"texture":"#1"},"north":{"uv":[9.875,9.875,10.125,10.75],"tintindex":0,"rotation":0,"texture":"#1"},"west":{"uv":[7.9375,4.0625,8.5625,4.9375],"tintindex":0,"rotation":0,"texture":"#1"},"up":{"uv":[11.1875,9.0,10.9375,8.375],"tintindex":0,"rotation":0,"texture":"#1"},"down":{"uv":[10.3125,10.9375,10.0625,11.5625],"tintindex":0,"rotation":0,"texture":"#1"}}},{"from":[4.3199997,-11.98,6.0200005],"to":[10.08,3.8600006,12.5],"faces":{"east":{"uv":[7.0625,8.875,7.4375,9.875],"tintindex":0,"rotation":0,"texture":"#1"},"south":{"uv":[7.4375,8.875,7.8125,9.875],"tintindex":0,"rotation":0,"texture":"#1"},"north":{"uv":[4.625,8.8125,5.0,9.8125],"tintindex":0,"rotation":0,"texture":"#1"},"west":{"uv":[8.9375,1.875,9.3125,2.875],"tintindex":0,"rotation":0,"texture":"#1"},"up":{"uv":[11.5625,0.5625,11.1875,0.1875],"tintindex":0,"rotation":0,"texture":"#1"},"down":{"uv":[0.9375,11.1875,0.5625,11.5625],"tintindex":0,"rotation":0,"texture":"#1"}}},{"from":[6.075,-11.98,13.58],"to":[10.035,-2.6200008,17.36],"faces":{"east":{"uv":[1.3125,8.1875,1.5625,8.75],"tintindex":0,"rotation":0,"texture":"#1"},"south":{"uv":[8.375,0.0,8.625,0.5625],"tintindex":0,"rotation":0,"texture":"#1"},"north":{"uv":[7.625,1.125,7.875,1.6875],"tintindex":0,"rotation":0,"texture":"#1"},"west":{"uv":[11.1875,3.4375,11.4375,4.0],"tintindex":0,"rotation":0,"texture":"#1"},"up":{"uv":[11.625,12.0625,11.375,11.8125],"tintindex":0,"rotation":0,"texture":"#1"},"down":{"uv":[12.0625,11.4375,11.8125,11.6875],"tintindex":0,"rotation":0,"texture":"#1"}},"rotation":{"origin":[18.0,19.7,10.34],"angle":-45.0,"axis":"y"}}],"display":{"gui":{"rotation":[30,225,0]}}}