{"textures":{"1":"modelengine:entity/soul_knight_horse"},"elements":[{"from":[5.92,-2.6200008,3.1399994],"to":[10.24,11.779999,13.219999],"faces":{"east":{"uv":[7.9375,7.0,8.5625,7.875],"tintindex":0,"rotation":0,"texture":"#1"},"south":{"uv":[0.5,9.9375,0.75,10.8125],"tintindex":0,"rotation":0,"texture":"#1"},"north":{"uv":[0.25,9.9375,0.5,10.8125],"tintindex":0,"rotation":0,"texture":"#1"},"west":{"uv":[7.9375,7.875,8.5625,8.75],"tintindex":0,"rotation":0,"texture":"#1"},"up":{"uv":[11.1875,10.75,10.9375,10.125],"tintindex":0,"rotation":0,"texture":"#1"},"down":{"uv":[11.1875,10.75,10.9375,11.375],"tintindex":0,"rotation":0,"texture":"#1"}}},{"from":[5.965,-11.98,13.58],"to":[9.925,-2.6200008,17.36],"faces":{"east":{"uv":[9.625,11.1875,9.875,11.75],"tintindex":0,"rotation":0,"texture":"#1"},"south":{"uv":[11.1875,10.75,11.4375,11.3125],"tintindex":0,"rotation":0,"texture":"#1"},"north":{"uv":[5.625,11.1875,5.875,11.75],"tintindex":0,"rotation":0,"texture":"#1"},"west":{"uv":[1.1875,11.25,1.4375,11.8125],"tintindex":0,"rotation":0,"texture":"#1"},"up":{"uv":[0.5,12.125,0.25,11.875],"tintindex":0,"rotation":0,"texture":"#1"},"down":{"uv":[0.75,11.875,0.5,12.125],"tintindex":0,"rotation":0,"texture":"#1"}},"rotation":{"origin":[-2.0,19.7,10.34],"angle":45.0,"axis":"y"}},{"from":[5.92,-11.98,6.0200005],"to":[11.68,3.8600006,12.5],"faces":{"east":{"uv":[8.9375,3.875,9.3125,4.875],"tintindex":0,"rotation":0,"texture":"#1"},"south":{"uv":[9.0,5.875,9.375,6.875],"tintindex":0,"rotation":0,"texture":"#1"},"north":{"uv":[8.9375,2.875,9.3125,3.875],"tintindex":0,"rotation":0,"texture":"#1"},"west":{"uv":[9.0,6.875,9.375,7.875],"tintindex":0,"rotation":0,"texture":"#1"},"up":{"uv":[11.5625,10.375,11.1875,10.0],"tintindex":0,"rotation":0,"texture":"#1"},"down":{"uv":[11.5625,10.375,11.1875,10.75],"tintindex":0,"rotation":0,"texture":"#1"}}}],"display":{"gui":{"rotation":[30,225,0]}}}