{"textures":{"1":"modelengine:entity/soul_knight_horse"},"elements":[{"from":[4.67,12.940001,3.1975002],"to":[11.33,14.200001,11.2975],"faces":{"east":{"uv":[10.3125,6.0625,11.3125,6.25],"tintindex":0,"rotation":0,"texture":"#1"},"south":{"uv":[10.75,5.875,11.5625,6.0625],"tintindex":0,"rotation":0,"texture":"#1"},"north":{"uv":[5.5625,3.8125,6.375,4.0],"tintindex":0,"rotation":0,"texture":"#1"},"west":{"uv":[10.375,2.0,11.375,2.1875],"tintindex":0,"rotation":0,"texture":"#1"},"up":{"uv":[6.6875,2.6875,5.875,1.6875],"tintindex":0,"rotation":0,"texture":"#1"},"down":{"uv":[4.0625,6.0,3.25,7.0],"tintindex":0,"rotation":0,"texture":"#1"}}},{"from":[6.38,4.75,3.4],"to":[7.8199997,11.77,5.1099997],"faces":{"east":{"uv":[9.875,10.75,10.0625,11.625],"tintindex":0,"rotation":0,"texture":"#1"},"south":{"uv":[10.75,10.125,10.9375,11.0],"tintindex":0,"rotation":0,"texture":"#1"},"north":{"uv":[9.0625,10.75,9.25,11.625],"tintindex":0,"rotation":0,"texture":"#1"},"west":{"uv":[10.3125,10.75,10.5,11.625],"tintindex":0,"rotation":0,"texture":"#1"},"up":{"uv":[7.5625,12.1875,7.375,12.0],"tintindex":0,"rotation":0,"texture":"#1"},"down":{"uv":[6.625,12.0625,6.4375,12.25],"tintindex":0,"rotation":0,"texture":"#1"}},"rotation":{"origin":[5.48,8.530001,-0.8299999],"angle":-22.5,"axis":"y"}},{"from":[6.9254,4.1091995,-6.2426004],"to":[9.0746,13.1362,2.0014],"faces":{"east":{"uv":[4.5625,2.875,5.5625,4.0],"tintindex":0,"rotation":0,"texture":"#1"},"south":{"uv":[8.6875,9.375,8.9375,10.5],"tintindex":0,"rotation":0,"texture":"#1"},"north":{"uv":[1.0,9.25,1.25,10.375],"tintindex":0,"rotation":0,"texture":"#1"},"west":{"uv":[1.0625,4.625,2.0625,5.75],"tintindex":0,"rotation":0,"texture":"#1"},"up":{"uv":[4.0,8.0,3.75,7.0],"tintindex":0,"rotation":0,"texture":"#1"},"down":{"uv":[7.625,9.875,7.375,10.875],"tintindex":0,"rotation":0,"texture":"#1"}},"rotation":{"origin":[8.5382,11.9032,-6.2552004],"angle":22.5,"axis":"x"}},{"from":[5.21,3.9400005,0.25],"to":[6.65,12.309999,1.96],"faces":{"east":{"uv":[3.125,10.0625,3.3125,11.125],"tintindex":0,"rotation":0,"texture":"#1"},"south":{"uv":[3.3125,10.0625,3.5,11.125],"tintindex":0,"rotation":0,"texture":"#1"},"north":{"uv":[7.625,9.875,7.8125,10.9375],"tintindex":0,"rotation":0,"texture":"#1"},"west":{"uv":[3.5,10.0625,3.6875,11.125],"tintindex":0,"rotation":0,"texture":"#1"},"up":{"uv":[12.25,6.625,12.0625,6.4375],"tintindex":0,"rotation":0,"texture":"#1"},"down":{"uv":[6.8125,12.0625,6.625,12.25],"tintindex":0,"rotation":0,"texture":"#1"}},"rotation":{"origin":[5.48,8.530001,-0.8299999],"angle":-22.5,"axis":"y"}},{"from":[8.18,4.75,3.4],"to":[9.62,11.77,5.1099997],"faces":{"east":{"uv":[0.0,10.8125,0.1875,11.6875],"tintindex":0,"rotation":0,"texture":"#1"},"south":{"uv":[0.1875,10.8125,0.375,11.6875],"tintindex":0,"rotation":0,"texture":"#1"},"north":{"uv":[10.5,10.75,10.6875,11.625],"tintindex":0,"rotation":0,"texture":"#1"},"west":{"uv":[0.375,10.8125,0.5625,11.6875],"tintindex":0,"rotation":0,"texture":"#1"},"up":{"uv":[8.125,12.25,7.9375,12.0625],"tintindex":0,"rotation":0,"texture":"#1"},"down":{"uv":[12.25,8.0625,12.0625,8.25],"tintindex":0,"rotation":0,"texture":"#1"}},"rotation":{"origin":[10.52,8.530001,-0.8299999],"angle":22.5,"axis":"y"}},{"from":[5.12,1.6899996,-1.1899996],"to":[10.88,12.85,11.41],"faces":{"east":{"uv":[0.0,0.0,1.5625,1.375],"tintindex":0,"rotation":0,"texture":"#1"},"south":{"uv":[2.8125,4.625,3.5625,6.0],"tintindex":0,"rotation":0,"texture":"#1"},"north":{"uv":[2.0625,4.625,2.8125,6.0],"tintindex":0,"rotation":0,"texture":"#1"},"west":{"uv":[0.0,1.375,1.5625,2.75],"tintindex":0,"rotation":0,"texture":"#1"},"up":{"uv":[4.4375,6.0,3.6875,4.4375],"tintindex":0,"rotation":0,"texture":"#1"},"down":{"uv":[5.1875,4.4375,4.4375,6.0],"tintindex":0,"rotation":0,"texture":"#1"}}},{"from":[3.8653998,0.6892004,-3.7226],"to":[12.1346,6.926201,6.6094],"faces":{"east":{"uv":[5.0,0.0,6.3125,0.75],"tintindex":0,"rotation":0,"texture":"#1"},"south":{"uv":[6.3125,0.0,7.375,0.75],"tintindex":0,"rotation":0,"texture":"#1"},"north":{"uv":[4.0625,6.0,5.125,6.75],"tintindex":0,"rotation":0,"texture":"#1"},"west":{"uv":[5.1875,4.0,6.5,4.75],"tintindex":0,"rotation":0,"texture":"#1"},"up":{"uv":[2.625,3.5625,1.5625,2.25],"tintindex":0,"rotation":0,"texture":"#1"},"down":{"uv":[3.6875,2.25,2.625,3.5625],"tintindex":0,"rotation":0,"texture":"#1"}}},{"from":[14.93,4.66,2.77],"to":[16.369999,6.370001,8.889999],"faces":{"east":{"uv":[11.125,9.1875,11.875,9.375],"tintindex":0,"rotation":0,"texture":"#1"},"south":{"uv":[12.0625,8.4375,12.25,8.625],"tintindex":0,"rotation":0,"texture":"#1"},"north":{"uv":[8.3125,12.0625,8.5,12.25],"tintindex":0,"rotation":0,"texture":"#1"},"west":{"uv":[11.1875,0.0,11.9375,0.1875],"tintindex":0,"rotation":0,"texture":"#1"},"up":{"uv":[7.1875,11.875,7.0,11.125],"tintindex":0,"rotation":0,"texture":"#1"},"down":{"uv":[7.375,11.125,7.1875,11.875],"tintindex":0,"rotation":0,"texture":"#1"}},"rotation":{"origin":[10.52,8.530001,-0.8299999],"angle":-22.5,"axis":"y"}},{"from":[3.6799998,7.450001,-1.1899996],"to":[5.12,9.969999,6.1],"faces":{"east":{"uv":[5.0,9.625,5.9375,9.9375],"tintindex":0,"rotation":0,"texture":"#1"},"south":{"uv":[6.875,9.5,7.0625,9.8125],"tintindex":0,"rotation":0,"texture":"#1"},"north":{"uv":[7.0625,8.5625,7.25,8.875],"tintindex":0,"rotation":0,"texture":"#1"},"west":{"uv":[9.75,2.3125,10.6875,2.625],"tintindex":0,"rotation":0,"texture":"#1"},"up":{"uv":[10.875,3.125,10.6875,2.1875],"tintindex":0,"rotation":0,"texture":"#1"},"down":{"uv":[10.875,3.125,10.6875,4.0625],"tintindex":0,"rotation":0,"texture":"#1"}},"rotation":{"origin":[5.48,8.530001,-0.8299999],"angle":-22.5,"axis":"y"}},{"from":[9.35,3.9400005,0.25],"to":[10.79,12.309999,1.96],"faces":{"east":{"uv":[6.0625,10.1875,6.25,11.25],"tintindex":0,"rotation":0,"texture":"#1"},"south":{"uv":[6.25,10.1875,6.4375,11.25],"tintindex":0,"rotation":0,"texture":"#1"},"north":{"uv":[5.875,10.1875,6.0625,11.25],"tintindex":0,"rotation":0,"texture":"#1"},"west":{"uv":[10.1875,6.5625,10.375,7.625],"tintindex":0,"rotation":0,"texture":"#1"},"up":{"uv":[12.25,7.5625,12.0625,7.375],"tintindex":0,"rotation":0,"texture":"#1"},"down":{"uv":[12.25,7.5625,12.0625,7.75],"tintindex":0,"rotation":0,"texture":"#1"}},"rotation":{"origin":[10.52,8.530001,-0.8299999],"angle":22.5,"axis":"y"}},{"from":[6.56,4.120001,5.83],"to":[8.0,10.6,7.54],"faces":{"east":{"uv":[7.875,11.0625,8.0625,11.875],"tintindex":0,"rotation":0,"texture":"#1"},"south":{"uv":[1.0,11.125,1.1875,11.9375],"tintindex":0,"rotation":0,"texture":"#1"},"north":{"uv":[7.6875,11.0625,7.875,11.875],"tintindex":0,"rotation":0,"texture":"#1"},"west":{"uv":[3.0,11.125,3.1875,11.9375],"tintindex":0,"rotation":0,"texture":"#1"},"up":{"uv":[8.3125,12.25,8.125,12.0625],"tintindex":0,"rotation":0,"texture":"#1"},"down":{"uv":[12.25,8.25,12.0625,8.4375],"tintindex":0,"rotation":0,"texture":"#1"}},"rotation":{"origin":[10.52,8.530001,-0.8299999],"angle":22.5,"axis":"y"}},{"from":[3.6799998,3.4899998,-1.1899996],"to":[5.12,6.01,6.1],"faces":{"east":{"uv":[9.75,2.625,10.6875,2.9375],"tintindex":0,"rotation":0,"texture":"#1"},"south":{"uv":[11.875,5.875,12.0625,6.1875],"tintindex":0,"rotation":0,"texture":"#1"},"north":{"uv":[4.0,11.875,4.1875,12.1875],"tintindex":0,"rotation":0,"texture":"#1"},"west":{"uv":[2.8125,9.75,3.75,10.0625],"tintindex":0,"rotation":0,"texture":"#1"},"up":{"uv":[8.25,11.625,8.0625,10.6875],"tintindex":0,"rotation":0,"texture":"#1"},"down":{"uv":[8.4375,10.6875,8.25,11.625],"tintindex":0,"rotation":0,"texture":"#1"}},"rotation":{"origin":[5.48,8.530001,-0.8299999],"angle":-22.5,"axis":"y"}},{"from":[14.93,7.0,2.77],"to":[16.369999,9.52,11.5],"faces":{"east":{"uv":[9.3125,1.6875,10.375,2.0],"tintindex":0,"rotation":0,"texture":"#1"},"south":{"uv":[11.875,6.8125,12.0625,7.125],"tintindex":0,"rotation":0,"texture":"#1"},"north":{"uv":[6.8125,11.875,7.0,12.1875],"tintindex":0,"rotation":0,"texture":"#1"},"west":{"uv":[9.3125,2.0,10.375,2.3125],"tintindex":0,"rotation":0,