{"textures":{"1":"modelengine:entity/soul_knight_horse"},"elements":[{"from":[5.84,-4.5199986,5.9400005],"to":[10.16,7.720001,10.26],"faces":{"east":{"uv":[8.625,10.5,8.875,11.25],"tintindex":0,"rotation":0,"texture":"#1"},"south":{"uv":[2.75,10.625,3.0,11.375],"tintindex":0,"rotation":0,"texture":"#1"},"north":{"uv":[4.625,10.5,4.875,11.25],"tintindex":0,"rotation":0,"texture":"#1"},"west":{"uv":[10.625,6.5625,10.875,7.3125],"tintindex":0,"rotation":0,"texture":"#1"},"up":{"uv":[3.4375,12.125,3.1875,11.875],"tintindex":0,"rotation":0,"texture":"#1"},"down":{"uv":[3.6875,11.875,3.4375,12.125],"tintindex":0,"rotation":0,"texture":"#1"}}},{"from":[8.54,-4.879999,5.220001],"to":[11.42,7.3600006,8.460001],"faces":{"east":{"uv":[2.75,11.375,2.9375,12.125],"tintindex":0,"rotation":0,"texture":"#1"},"south":{"uv":[10.875,11.375,11.0625,12.125],"tintindex":0,"rotation":0,"texture":"#1"},"north":{"uv":[8.625,11.25,8.8125,12.0],"tintindex":0,"rotation":0,"texture":"#1"},"west":{"uv":[11.4375,2.8125,11.625,3.5625],"tintindex":0,"rotation":0,"texture":"#1"},"up":{"uv":[9.1875,12.25,9.0,12.0625],"tintindex":0,"rotation":0,"texture":"#1"},"down":{"uv":[9.375,12.0625,9.1875,12.25],"tintindex":0,"rotation":0,"texture":"#1"}},"rotation":{"origin":[8.0,-0.9199991,8.82],"angle":45.0,"axis":"y"}}],"display":{"gui":{"rotation":[30,225,0]}}}