{"textures":{"1":"modelengine:entity/soul_knight_horse"},"elements":[{"from":[7.04,-4.2199993,6.459999],"to":[11.36,8.02,10.780001],"faces":{"east":{"uv":[7.8125,10.3125,8.0625,11.0625],"tintindex":0,"rotation":0,"texture":"#1"},"south":{"uv":[1.0,10.375,1.25,11.125],"tintindex":0,"rotation":0,"texture":"#1"},"north":{"uv":[6.625,10.25,6.875,11.0],"tintindex":0,"rotation":0,"texture":"#1"},"west":{"uv":[4.125,10.375,4.375,11.125],"tintindex":0,"rotation":0,"texture":"#1"},"up":{"uv":[11.875,12.0625,11.625,11.8125],"tintindex":0,"rotation":0,"texture":"#1"},"down":{"uv":[0.25,11.875,0.0,12.125],"tintindex":0,"rotation":0,"texture":"#1"}}},{"from":[5.42,-4.58,5.379999],"to":[8.74,7.66,9.42],"faces":{"east":{"uv":[10.375,6.5625,10.625,7.3125],"tintindex":0,"rotation":0,"texture":"#1"},"south":{"uv":[5.0625,11.1875,5.25,11.9375],"tintindex":0,"rotation":0,"texture":"#1"},"north":{"uv":[4.875,11.1875,5.0625,11.9375],"tintindex":0,"rotation":0,"texture":"#1"},"west":{"uv":[6.875,10.375,7.125,11.125],"tintindex":0,"rotation":0,"texture":"#1"},"up":{"uv":[9.8125,12.1875,9.625,11.9375],"tintindex":0,"rotation":0,"texture":"#1"},"down":{"uv":[10.0,11.9375,9.8125,12.1875],"tintindex":0,"rotation":0,"texture":"#1"}},"rotation":{"origin":[9.2,-0.6199999,9.34],"angle":-45.0,"axis":"y"}}],"display":{"gui":{"rotation":[30,225,0]}}}