{"textures":{"1":"modelengine:entity/soul_knight_horse"},"elements":[{"from":[7.5699997,-9.359999,-2.7000008],"to":[14.33,7.200001,3.7799997],"faces":{"east":{"uv":[2.0625,8.75,2.4375,9.8125],"tintindex":0,"rotation":0,"texture":"#1"},"south":{"uv":[0.875,8.1875,1.3125,9.25],"tintindex":0,"rotation":0,"texture":"#1"},"north":{"uv":[0.4375,8.1875,0.875,9.25],"tintindex":0,"rotation":0,"texture":"#1"},"west":{"uv":[2.4375,8.75,2.8125,9.8125],"tintindex":0,"rotation":0,"texture":"#1"},"up":{"uv":[11.25,5.1875,10.8125,4.8125],"tintindex":0,"rotation":0,"texture":"#1"},"down":{"uv":[5.3125,10.8125,4.875,11.1875],"tintindex":0,"rotation":0,"texture":"#1"}},"rotation":{"origin":[-0.10000038,21.600002,11.519999],"angle":-22.5,"axis":"x"}},{"from":[7.8199997,-0.7199993,-3.7800007],"to":[12.139999,13.68,10.08],"faces":{"east":{"uv":[5.125,6.625,6.0,7.5],"tintindex":0,"rotation":0,"texture":"#1"},"south":{"uv":[5.625,9.9375,5.875,10.8125],"tintindex":0,"rotation":0,"texture":"#1"},"north":{"uv":[5.375,9.9375,5.625,10.8125],"tintindex":0,"rotation":0,"texture":"#1"},"west":{"uv":[6.0,6.625,6.875,7.5],"tintindex":0,"rotation":0,"texture":"#1"},"up":{"uv":[10.1875,8.1875,9.9375,7.3125],"tintindex":0,"rotation":0,"texture":"#1"},"down":{"uv":[10.1875,9.0,9.9375,9.875],"tintindex":0,"rotation":0,"texture":"#1"}},"rotation":{"origin":[-0.10000038,21.600002,11.519999],"angle":-22.5,"axis":"x"}},{"from":[6.2,0.5400009,15.84],"to":[13.58,14.580002,22.319998],"faces":{"east":{"uv":[9.5625,4.5625,9.9375,5.4375],"tintindex":0,"rotation":0,"texture":"#1"},"south":{"uv":[4.1875,8.8125,4.625,9.6875],"tintindex":0,"rotation":0,"texture":"#1"},"north":{"uv":[7.875,8.75,8.3125,9.625],"tintindex":0,"rotation":0,"texture":"#1"},"west":{"uv":[9.5625,7.5,9.9375,8.375],"tintindex":0,"rotation":0,"texture":"#1"},"up":{"uv":[5.75,11.1875,5.3125,10.8125],"tintindex":0,"rotation":0,"texture":"#1"},"down":{"uv":[11.3125,1.125,10.875,1.5],"tintindex":0,"rotation":0,"texture":"#1"}},"rotation":{"origin":[-0.10000038,21.600002,11.519999],"angle":45.0,"axis":"y"}},{"from":[5.8399997,-4.6799984,0.539999],"to":[13.04,7.200001,7.5599995],"faces":{"east":{"uv":[6.4375,9.5,6.875,10.25],"tintindex":0,"rotation":0,"texture":"#1"},"south":{"uv":[9.5,9.125,9.9375,9.875],"tintindex":0,"rotation":0,"texture":"#1"},"north":{"uv":[6.0,9.4375,6.4375,10.1875],"tintindex":0,"rotation":0,"texture":"#1"},"west":{"uv":[9.5625,0.0,10.0,0.75],"tintindex":0,"rotation":0,"texture":"#1"},"up":{"uv":[10.8125,2.0,10.375,1.5625],"tintindex":0,"rotation":0,"texture":"#1"},"down":{"uv":[10.8125,4.1875,10.375,4.625],"tintindex":0,"rotation":0,"texture":"#1"}},"rotation":{"origin":[-0.10000038,21.600002,11.519999],"angle":-22.5,"axis":"x"}}],"display":{"gui":{"rotation":[30,225,0]}}}