{"textures":{"1":"modelengine:entity/soul_knight_horse"},"elements":[{"from":[5.12,5.0699997,2.9099998],"to":[10.88,8.130001,8.490002],"faces":{"east":{"uv":[11.8125,2.0,12.1875,2.1875],"tintindex":0,"rotation":0,"texture":"#1"},"south":{"uv":[11.8125,3.4375,12.1875,3.625],"tintindex":0,"rotation":0,"texture":"#1"},"north":{"uv":[11.8125,1.8125,12.1875,2.0],"tintindex":0,"rotation":0,"texture":"#1"},"west":{"uv":[11.8125,3.625,12.1875,3.8125],"tintindex":0,"rotation":0,"texture":"#1"},"up":{"uv":[11.5,2.8125,11.125,2.4375],"tintindex":0,"rotation":0,"texture":"#1"},"down":{"uv":[3.5625,11.125,3.1875,11.5],"tintindex":0,"rotation":0,"texture":"#1"}},"rotation":{"origin":[8.0,8.309998,8.669998],"angle":-22.5,"axis":"x"}}],"display":{"gui":{"rotation":[30,225,0]}}}