{"textures":{"0":"modelengine:entity/soul_knight"},"elements":[{"from":[6.771572,1.6902008,9.6],"to":[10.571572,3.6902008,11.8],"faces":{"east":{"uv":[8.75,2.0625,8.875,2.1875],"tintindex":0,"rotation":0,"texture":"#0"},"south":{"uv":[5.8125,8.3125,6.0625,8.4375],"tintindex":0,"rotation":0,"texture":"#0"},"north":{"uv":[8.3125,5.6875,8.5625,5.8125],"tintindex":0,"rotation":0,"texture":"#0"},"west":{"uv":[2.5,8.75,2.625,8.875],"tintindex":0,"rotation":0,"texture":"#0"},"up":{"uv":[8.5625,5.9375,8.3125,5.8125],"tintindex":0,"rotation":0,"texture":"#0"},"down":{"uv":[8.5625,5.9375,8.3125,6.0625],"tintindex":0,"rotation":0,"texture":"#0"}},"rotation":{"origin":[8.799999,2.25,11.0],"angle":45.0,"axis":"z"}},{"from":[4.799999,3.8499985,5.8],"to":[7.2,9.449997,11.2],"faces":{"east":{"uv":[6.0625,1.0,6.375,1.375],"tintindex":0,"rotation":0,"texture":"#0"},"south":{"uv":[4.625,7.8125,4.75,8.1875],"tintindex":0,"rotation":0,"texture":"#0"},"north":{"uv":[1.5625,7.8125,1.6875,8.1875],"tintindex":0,"rotation":0,"texture":"#0"},"west":{"uv":[4.5,6.0625,4.8125,6.4375],"tintindex":0,"rotation":0,"texture":"#0"},"up":{"uv":[8.1875,1.875,8.0625,1.5625],"tintindex":0,"rotation":0,"texture":"#0"},"down":{"uv":[8.1875,1.875,8.0625,2.1875],"tintindex":0,"rotation":0,"texture":"#0"}},"rotation":{"origin":[6.3999996,7.049999,8.0],"angle":-22.5,"axis":"z"}},{"from":[7.011774,6.5872574,10.0],"to":[9.011774,9.787258,12.2],"faces":{"east":{"uv":[8.5625,6.75,8.6875,6.9375],"tintindex":0,"rotation":0,"texture":"#0"},"south":{"uv":[7.3125,8.5625,7.4375,8.75],"tintindex":0,"rotation":0,"texture":"#0"},"north":{"uv":[8.5625,6.5625,8.6875,6.75],"tintindex":0,"rotation":0,"texture":"#0"},"west":{"uv":[8.5625,7.625,8.6875,7.8125],"tintindex":0,"rotation":0,"texture":"#0"},"up":{"uv":[1.9375,8.875,1.8125,8.75],"tintindex":0,"rotation":0,"texture":"#0"},"down":{"uv":[8.875,1.9375,8.75,2.0625],"tintindex":0,"rotation":0,"texture":"#0"}},"rotation":{"origin":[12.799999,3.8499985,11.0],"angle":45.0,"axis":"z"}},{"from":[7.011774,6.5872574,5.4],"to":[9.011774,9.787258,7.6],"faces":{"east":{"uv":[8.5625,5.9375,8.6875,6.125],"tintindex":0,"rotation":0,"texture":"#0"},"south":{"uv":[8.5625,6.125,8.6875,6.3125],"tintindex":0,"rotation":0,"texture":"#0"},"north":{"uv":[8.5625,5.75,8.6875,5.9375],"tintindex":0,"rotation":0,"texture":"#0"},"west":{"uv":[6.3125,8.5625,6.4375,8.75],"tintindex":0,"rotation":0,"texture":"#0"},"up":{"uv":[0.375,8.875,0.25,8.75],"tintindex":0,"rotation":0,"texture":"#0"},"down":{"uv":[8.875,0.875,8.75,1.0],"tintindex":0,"rotation":0,"texture":"#0"}},"rotation":{"origin":[12.799999,3.8499985,6.4],"angle":45.0,"axis":"z"}},{"from":[7.2,5.8499985,7.2],"to":[10.599999,9.449997,11.2],"faces":{"east":{"uv":[6.0625,7.375,6.3125,7.625],"tintindex":0,"rotation":0,"texture":"#0"},"south":{"uv":[7.8125,5.1875,8.0,5.4375],"tintindex":0,"rotation":0,"texture":"#0"},"north":{"uv":[7.8125,4.9375,8.0,5.1875],"tintindex":0,"rotation":0,"texture":"#0"},"west":{"uv":[7.375,6.6875,7.625,6.9375],"tintindex":0,"rotation":0,"texture":"#0"},"up":{"uv":[8.0,5.6875,7.8125,5.4375],"tintindex":0,"rotation":0,"texture":"#0"},"down":{"uv":[8.0,6.0,7.8125,6.25],"tintindex":0,"rotation":0,"texture":"#0"}},"rotation":{"origin":[6.3999996,7.049999,8.0],"angle":-22.5,"axis":"z"}},{"from":[9.011774,4.987255,6.6],"to":[12.811775,7.187256,8.8],"faces":{"east":{"uv":[8.75,0.0,8.875,0.125],"tintindex":0,"rotation":0,"texture":"#0"},"south":{"uv":[8.3125,4.9375,8.5625,5.0625],"tintindex":0,"rotation":0,"texture":"#0"},"north":{"uv":[8.3125,4.4375,8.5625,4.5625],"tintindex":0,"rotation":0,"texture":"#0"},"west":{"uv":[0.125,8.75,0.25,8.875],"tintindex":0,"rotation":0,"texture":"#0"},"up":{"uv":[8.5625,5.1875,8.3125,5.0625],"tintindex":0,"rotation":0,"texture":"#0"},"down":{"uv":[8.5625,5.1875,8.3125,5.3125],"tintindex":0,"rotation":0,"texture":"#0"}},"rotation":{"origin":[12.799999,3.8499985,8.0],"angle":45.0,"axis":"z"}},{"from":[7.5999994,7.6499977,6.2],"to":[11.4,9.849998,8.4],"faces":{"east":{"uv":[8.6875,8.5625,8.8125,8.6875],"tintindex":0,"rotation":0,"texture":"#0"},"south":{"uv":[8.25,8.0625,8.5,8.1875],"tintindex":0,"rotation":0,"texture":"#0"},"north":{"uv":[8.25,7.9375,8.5,8.0625],"tintindex":0,"rotation":0,"texture":"#0"},"west":{"uv":[8.6875,8.6875,8.8125,8.8125],"tintindex":0,"rotation":0,"texture":"#0"},"up":{"uv":[8.5,8.3125,8.25,8.1875],"tintindex":0,"rotation":0,"texture":"#0"},"down":{"uv":[8.5625,2.6875,8.3125,2.8125],"tintindex":0,"rotation":0,"texture":"#0"}},"rotation":{"origin":[6.3999996,7.049999,8.0],"angle":-45.0,"axis":"z"}},{"from":[6.971573,1.2901993,5.6],"to":[10.771572,3.2901993,7.8],"faces":{"east":{"uv":[1.4375,8.75,1.5625,8.875],"tintindex":0,"rotation":0,"texture":"#0"},"south":{"uv":[8.3125,5.4375,8.5625,5.5625],"tintindex":0,"rotation":0,"texture":"#0"},"north":{"uv":[8.3125,5.3125,8.5625,5.4375],"tintindex":0,"rotation":0,"texture":"#0"},"west":{"uv":[1.5625,8.75,1.6875,8.875],"tintindex":0,"rotation":0,"texture":"#0"},"up":{"uv":[5.8125,8.4375,5.5625,8.3125],"tintindex":0,"rotation":0,"texture":"#0"},"down":{"uv":[8.5625,5.5625,8.3125,5.6875],"tintindex":0,"rotation":0,"texture":"#0"}},"rotation":{"origin":[8.799999,2.25,6.4],"angle":22.5,"axis":"z"}}],"display":{"gui":{"rotation":[30,225,0]}}}