{"textures":{"1":"modelengine:entity/soul_knight_horse"},"elements":[{"from":[6.28125,4.205,5.3389997],"to":[8.75625,15.2138,9.259399],"faces":{"east":{"uv":[4.625,6.75,5.125,8.125],"tintindex":0,"rotation":0,"texture":"#1"},"south":{"uv":[3.4375,8.375,3.75,9.75],"tintindex":0,"rotation":0,"texture":"#1"},"north":{"uv":[6.3125,8.0625,6.625,9.4375],"tintindex":0,"rotation":0,"texture":"#1"},"west":{"uv":[3.25,7.0,3.75,8.375],"tintindex":0,"rotation":0,"texture":"#1"},"up":{"uv":[7.6875,11.4375,7.375,10.9375],"tintindex":0,"rotation":0,"texture":"#1"},"down":{"uv":[11.25,7.5625,10.9375,8.0625],"tintindex":0,"rotation":0,"texture":"#1"}},"rotation":{"origin":[7.86525,13.412001,3.7549992],"angle":-22.5,"axis":"x"}},{"from":[5.3407497,4.205,2.1709995],"to":[9.69675,14.501001,6.9229994],"faces":{"east":{"uv":[2.0,6.0,2.625,7.3125],"tintindex":0,"rotation":0,"texture":"#1"},"south":{"uv":[4.0625,6.75,4.625,8.0625],"tintindex":0,"rotation":0,"texture":"#1"},"north":{"uv":[0.0,6.75,0.5625,8.0625],"tintindex":0,"rotation":0,"texture":"#1"},"west":{"uv":[2.625,6.0,3.25,7.3125],"tintindex":0,"rotation":0,"texture":"#1"},"up":{"uv":[9.5625,8.5,9.0,7.875],"tintindex":0,"rotation":0,"texture":"#1"},"down":{"uv":[9.5625,8.5,9.0,9.125],"tintindex":0,"rotation":0,"texture":"#1"}},"rotation":{"origin":[7.71675,13.412001,3.7549992],"angle":-22.5,"axis":"x"}},{"from":[7.14849,18.31048,10.7995615],"to":[7.88901,19.105646,13.528002],"faces":{"east":{"uv":[10.375,2.1875,10.6875,2.3125],"tintindex":0,"rotation":0,"texture":"#1"},"south":{"uv":[4.5,9.6875,4.5625,9.8125],"tintindex":0,"rotation":0,"texture":"#1"},"north":{"uv":[0.375,9.125,0.4375,9.25],"tintindex":0,"rotation":0,"texture":"#1"},"west":{"uv":[10.375,5.5,10.6875,5.625],"tintindex":0,"rotation":0,"texture":"#1"},"up":{"uv":[4.0625,7.3125,4.0,7.0],"tintindex":0,"rotation":0,"texture":"#1"},"down":{"uv":[7.375,2.3125,7.3125,2.625],"tintindex":0,"rotation":0,"texture":"#1"}}},{"from":[6.98415,17.413046,9.1032915],"to":[8.05335,18.901213,11.566411],"faces":{"east":{"uv":[11.8125,7.875,12.125,8.0625],"tintindex":0,"rotation":0,"texture":"#1"},"south":{"uv":[10.5,11.875,10.625,12.0625],"tintindex":0,"rotation":0,"texture":"#1"},"north":{"uv":[7.9375,11.875,8.0625,12.0625],"tintindex":0,"rotation":0,"texture":"#1"},"west":{"uv":[3.6875,11.875,4.0,12.0625],"tintindex":0,"rotation":0,"texture":"#1"},"up":{"uv":[8.3125,9.9375,8.1875,9.625],"tintindex":0,"rotation":0,"texture":"#1"},"down":{"uv":[8.3125,9.9375,8.1875,10.25],"tintindex":0,"rotation":0,"texture":"#1"}},"rotation":{"origin":[8.1388855,17.95016,9.7741995],"angle":-22.5,"axis":"x"}},{"from":[7.14849,14.152479,12.086561],"to":[7.88901,14.947645,14.8150015],"faces":{"east":{"uv":[10.8125,1.875,11.125,2.0],"tintindex":0,"rotation":0,"texture":"#1"},"south":{"uv":[4.875,9.8125,4.9375,9.9375],"tintindex":0,"rotation":0,"texture":"#1"},"north":{"uv":[4.5625,9.6875,4.625,9.8125],"tintindex":0,"rotation":0,"texture":"#1"},"west":{"uv":[10.875,3.9375,11.1875,4.0625],"tintindex":0,"rotation":0,"texture":"#1"},"up":{"uv":[4.0625,7.625,4.0,7.3125],"tintindex":0,"rotation":0,"texture":"#1"},"down":{"uv":[4.0625,7.625,4.0,7.9375],"tintindex":0,"rotation":0,"texture":"#1"}}},{"from":[6.60993,15.079161,12.73232],"to":[8.42757,17.260328,15.24296],"faces":{"east":{"uv":[11.0625,11.6875,11.375,11.9375],"tintindex":0,"rotation":0,"texture":"#1"},"south":{"uv":[11.8125,10.75,12.0625,11.0],"tintindex":0,"rotation":0,"texture":"#1"},"north":{"uv":[10.625,11.8125,10.875,12.0625],"tintindex":0,"rotation":0,"texture":"#1"},"west":{"uv":[5.4375,11.75,5.75,12.0],"tintindex":0,"rotation":0,"texture":"#1"},"up":{"uv":[6.75,4.75,6.5,4.4375],"tintindex":0,"rotation":0,"texture":"#1"},"down":{"uv":[9.5625,4.5625,9.3125,4.875],"tintindex":0,"rotation":0,"texture":"#1"}},"rotation":{"origin":[7.978506,9.73316,15.516199],"angle":-45.0,"axis":"x"}},{"from":[6.98415,13.255045,10.390291],"to":[8.05335,14.743212,12.853411],"faces":{"east":{"uv":[11.875,4.1875,12.1875,4.375],"tintindex":0,"rotation":0,"texture":"#1"},"south":{"uv":[4.6875,12.0,4.8125,12.1875],"tintindex":0,"rotation":0,"texture":"#1"},"north":{"uv":[1.6875,12.0,1.8125,12.1875],"tintindex":0,"rotation":0,"texture":"#1"},"west":{"uv":[11.875,4.375,12.1875,4.5625],"tintindex":0,"rotation":0,"texture":"#1"},"up":{"uv":[10.1875,8.6875,10.0625,8.375],"tintindex":0,"rotation":0,"texture":"#1"},"down":{"uv":[10.1875,8.6875,10.0625,9.0],"tintindex":0,"rotation":0,"texture":"#1"}},"rotation":{"origin":[8.1388855,13.792158,11.061199],"angle":-22.5,"axis":"x"}},{"from":[6.60993,18.54416,10.950319],"to":[8.42757,20.725328,14.05496],"faces":{"east":{"uv":[11.625,3.1875,12.0,3.4375],"tintindex":0,"rotation":0,"texture":"#1"},"south":{"uv":[8.3125,11.8125,8.5625,12.0625],"tintindex":0,"rotation":0,"texture":"#1"},"north":{"uv":[8.0625,11.8125,8.3125,12.0625],"tintindex":0,"rotation":0,"texture":"#1"},"west":{"uv":[11.625,3.9375,12.0,4.1875],"tintindex":0,"rotation":0,"texture":"#1"},"up":{"uv":[11.875,4.5625,11.625,4.1875],"tintindex":0,"rotation":0,"texture":"#1"},"down":{"uv":[4.5,11.625,4.25,12.0],"tintindex":0,"rotation":0,"texture":"#1"}},"rotation":{"origin":[7.978506,13.19816,13.7342],"angle":-45.0,"axis":"x"}}],"display":{"gui":{"rotation":[30,225,0]}}}