{"textures":{"1":"modelengine:entity/soul_knight_horse"},"elements":[{"from":[6.8120003,6.8600006,-1.5400009],"to":[14.732,17.948002,6.379999],"faces":{"east":{"uv":[9.0,9.125,9.5,9.8125],"tintindex":0,"rotation":0,"texture":"#1"},"south":{"uv":[0.0,9.25,0.5,9.9375],"tintindex":0,"rotation":0,"texture":"#1"},"north":{"uv":[9.0625,4.875,9.5625,5.5625],"tintindex":0,"rotation":0,"texture":"#1"},"west":{"uv":[0.5,9.25,1.0,9.9375],"tintindex":0,"rotation":0,"texture":"#1"},"up":{"uv":[9.4375,10.3125,8.9375,9.8125],"tintindex":0,"rotation":0,"texture":"#1"},"down":{"uv":[7.375,9.875,6.875,10.375],"tintindex":0,"rotation":0,"texture":"#1"}},"rotation":{"origin":[7.604,25.274002,-1.5400009],"angle":-22.5,"axis":"x"}},{"from":[6.9308,16.644093,13.314583],"to":[9.0692005,19.620426,18.240822],"faces":{"east":{"uv":[11.875,5.5,12.1875,5.6875],"tintindex":0,"rotation":0,"texture":"#1"},"south":{"uv":[12.0625,9.5625,12.1875,9.75],"tintindex":0,"rotation":0,"texture":"#1"},"north":{"uv":[12.0625,9.375,12.1875,9.5625],"tintindex":0,"rotation":0,"texture":"#1"},"west":{"uv":[11.875,5.6875,12.1875,5.875],"tintindex":0,"rotation":0,"texture":"#1"},"up":{"uv":[8.1875,10.625,8.0625,10.3125],"tintindex":0,"rotation":0,"texture":"#1"},"down":{"uv":[10.6875,0.0,10.5625,0.3125],"tintindex":0,"rotation":0,"texture":"#1"}},"rotation":{"origin":[9.2402725,17.322319,14.0624],"angle":-45.0,"axis":"x"}},{"from":[7.25948,19.824959,15.717124],"to":[8.7405205,21.613297,19.986004],"faces":{"east":{"uv":[11.5625,6.75,11.8125,6.875],"tintindex":0,"rotation":0,"texture":"#1"},"south":{"uv":[9.875,9.0,9.9375,9.125],"tintindex":0,"rotation":0,"texture":"#1"},"north":{"uv":[4.9375,9.8125,5.0,9.9375],"tintindex":0,"rotation":0,"texture":"#1"},"west":{"uv":[11.875,1.6875,12.125,1.8125],"tintindex":0,"rotation":0,"texture":"#1"},"up":{"uv":[1.3125,9.75,1.25,9.5],"tintindex":0,"rotation":0,"texture":"#1"},"down":{"uv":[6.0,9.625,5.9375,9.875],"tintindex":0,"rotation":0,"texture":"#1"}}},{"from":[3.2480001,-10.225601,-9.420399],"to":[12.752,14.5424,4.4396],"faces":{"east":{"uv":[3.6875,1.3125,4.5625,2.875],"tintindex":0,"rotation":0,"texture":"#1"},"south":{"uv":[5.1875,4.75,5.8125,6.3125],"tintindex":0,"rotation":0,"texture":"#1"},"north":{"uv":[0.0,5.1875,0.625,6.75],"tintindex":0,"rotation":0,"texture":"#1"},"west":{"uv":[3.6875,2.875,4.5625,4.4375],"tintindex":0,"rotation":0,"texture":"#1"},"up":{"uv":[2.1875,8.75,1.5625,7.875],"tintindex":0,"rotation":0,"texture":"#1"},"down":{"uv":[2.8125,7.875,2.1875,8.75],"tintindex":0,"rotation":0,"texture":"#1"}},"rotation":{"origin":[8.396,23.056396,-0.5104008],"angle":-45.0,"axis":"x"}},{"from":[7.01,1.6724014,-1.7703991],"to":[12.752,12.760399,9.555201],"faces":{"east":{"uv":[8.0625,2.0,8.75,2.6875],"tintindex":0,"rotation":0,"texture":"#1"},"south":{"uv":[4.125,9.6875,4.5,10.375],"tintindex":0,"rotation":0,"texture":"#1"},"north":{"uv":[7.8125,9.625,8.1875,10.3125],"tintindex":0,"rotation":0,"texture":"#1"},"west":{"uv":[3.75,8.0625,4.4375,8.75],"tintindex":0,"rotation":0,"texture":"#1"},"up":{"uv":[10.125,7.3125,9.75,6.625],"tintindex":0,"rotation":0,"texture":"#1"},"down":{"uv":[1.625,9.8125,1.25,10.5],"tintindex":0,"rotation":0,"texture":"#1"}},"rotation":{"origin":[8.396,24.442398,1.3976002],"angle":-22.5,"axis":"z"}},{"from":[3.2480001,1.6724014,-1.7703991],"to":[8.99,12.760399,9.555201],"faces":{"east":{"uv":[5.625,8.0625,6.3125,8.75],"tintindex":0,"rotation":0,"texture":"#1"},"south":{"uv":[2.0,9.8125,2.375,10.5],"tintindex":0,"rotation":0,"texture":"#1"},"north":{"uv":[1.625,9.8125,2.0,10.5],"tintindex":0,"rotation":0,"texture":"#1"},"west":{"uv":[4.4375,8.125,5.125,8.8125],"tintindex":0,"rotation":0,"texture":"#1"},"up":{"uv":[2.75,10.5,2.375,9.8125],"tintindex":0,"rotation":0,"texture":"#1"},"down":{"uv":[4.875,9.8125,4.5,10.5],"tintindex":0,"rotation":0,"texture":"#1"}},"rotation":{"origin":[7.604,24.442398,1.3976002],"angle":22.5,"axis":"z"}},{"from":[1.2680001,6.8600006,-1.5400009],"to":[9.188,17.948002,6.379999],"faces":{"east":{"uv":[9.0625,0.0,9.5625,0.6875],"tintindex":0,"rotation":0,"texture":"#1"},"south":{"uv":[9.0625,0.6875,9.5625,1.375],"tintindex":0,"rotation":0,"texture":"#1"},"north":{"uv":[1.0625,2.75,1.5625,3.4375],"tintindex":0,"rotation":0,"texture":"#1"},"west":{"uv":[2.8125,9.0625,3.3125,9.75],"tintindex":0,"rotation":0,"texture":"#1"},"up":{"uv":[8.5625,3.1875,8.0625,2.6875],"tintindex":0,"rotation":0,"texture":"#1"},"down":{"uv":[10.3125,5.875,9.8125,6.375],"tintindex":0,"rotation":0,"texture":"#1"}},"rotation":{"origin":[8.396,25.274002,-1.5400009],"angle":-22.5,"axis":"x"}},{"from":[2.9708,0.088401794,0.77479935],"to":[13.0292,14.5424,14.2388],"faces":{"east":{"uv":[2.875,1.3125,3.6875,2.1875],"tintindex":0,"rotation":0,"texture":"#1"},"south":{"uv":[7.875,1.125,8.5,2.0],"tintindex":0,"rotation":0,"texture":"#1"},"north":{"uv":[6.625,7.6875,7.25,8.5625],"tintindex":0,"rotation":0,"texture":"#1"},"west":{"uv":[6.8125,0.75,7.625,1.625],"tintindex":0,"rotation":0,"texture":"#1"},"up":{"uv":[8.625,5.75,8.0,4.9375],"tintindex":0,"rotation":0,"texture":"#1"},"down":{"uv":[8.625,5.75,8.0,6.5625],"tintindex":0,"rotation":0,"texture":"#1"}}}],"display":{"gui":{"rotation":[30,225,0]}}}