{"textures":{"0":"modelengine:entity/soul_knight"},"elements":[{"from":[5.2284274,1.2901993,5.6],"to":[9.028427,3.2901993,7.8],"faces":{"east":{"uv":[8.75,4.625,8.875,4.75],"tintindex":0,"rotation":0,"texture":"#0"},"south":{"uv":[8.0625,8.3125,8.3125,8.4375],"tintindex":0,"rotation":0,"texture":"#0"},"north":{"uv":[8.3125,7.8125,8.5625,7.9375],"tintindex":0,"rotation":0,"texture":"#0"},"west":{"uv":[8.75,4.75,8.875,4.875],"tintindex":0,"rotation":0,"texture":"#0"},"up":{"uv":[8.5625,8.4375,8.3125,8.3125],"tintindex":0,"rotation":0,"texture":"#0"},"down":{"uv":[0.25,8.375,0.0,8.5],"tintindex":0,"rotation":0,"texture":"#0"}},"rotation":{"origin":[7.200001,2.25,6.4],"angle":-22.5,"axis":"z"}},{"from":[4.6000004,7.6499977,6.2],"to":[8.400001,9.849998,8.4],"faces":{"east":{"uv":[8.75,3.6875,8.875,3.8125],"tintindex":0,"rotation":0,"texture":"#0"},"south":{"uv":[6.4375,8.3125,6.6875,8.4375],"tintindex":0,"rotation":0,"texture":"#0"},"north":{"uv":[8.3125,6.3125,8.5625,6.4375],"tintindex":0,"rotation":0,"texture":"#0"},"west":{"uv":[8.75,3.8125,8.875,3.9375],"tintindex":0,"rotation":0,"texture":"#0"},"up":{"uv":[8.5625,6.6875,8.3125,6.5625],"tintindex":0,"rotation":0,"texture":"#0"},"down":{"uv":[8.5625,6.6875,8.3125,6.8125],"tintindex":0,"rotation":0,"texture":"#0"}},"rotation":{"origin":[9.6,7.049999,8.0],"angle":45.0,"axis":"z"}},{"from":[6.988226,6.5872574,5.4],"to":[8.988226,9.787258,7.6],"faces":{"east":{"uv":[2.125,8.625,2.25,8.8125],"tintindex":0,"rotation":0,"texture":"#0"},"south":{"uv":[8.625,2.8125,8.75,3.0],"tintindex":0,"rotation":0,"texture":"#0"},"north":{"uv":[1.3125,8.625,1.4375,8.8125],"tintindex":0,"rotation":0,"texture":"#0"},"west":{"uv":[8.625,3.0,8.75,3.1875],"tintindex":0,"rotation":0,"texture":"#0"},"up":{"uv":[4.5625,8.875,4.4375,8.75],"tintindex":0,"rotation":0,"texture":"#0"},"down":{"uv":[8.875,4.5,8.75,4.625],"tintindex":0,"rotation":0,"texture":"#0"}},"rotation":{"origin":[3.2000003,3.8499985,6.4],"angle":-45.0,"axis":"z"}},{"from":[8.8,3.8499985,5.8],"to":[11.200001,9.449997,11.2],"faces":{"east":{"uv":[6.125,3.0625,6.4375,3.4375],"tintindex":0,"rotation":0,"texture":"#0"},"south":{"uv":[1.6875,7.875,1.8125,8.25],"tintindex":0,"rotation":0,"texture":"#0"},"north":{"uv":[7.5625,7.8125,7.6875,8.1875],"tintindex":0,"rotation":0,"texture":"#0"},"west":{"uv":[6.125,3.9375,6.4375,4.3125],"tintindex":0,"rotation":0,"texture":"#0"},"up":{"uv":[2.375,8.375,2.25,8.0625],"tintindex":0,"rotation":0,"texture":"#0"},"down":{"uv":[2.5,8.0625,2.375,8.375],"tintindex":0,"rotation":0,"texture":"#0"}},"rotation":{"origin":[9.6,7.049999,8.0],"angle":22.5,"axis":"z"}},{"from":[5.4284277,1.6902008,9.6],"to":[9.228428,3.6902008,11.8],"faces":{"east":{"uv":[4.9375,8.75,5.0625,8.875],"tintindex":0,"rotation":0,"texture":"#0"},"south":{"uv":[8.375,0.125,8.625,0.25],"tintindex":0,"rotation":0,"texture":"#0"},"north":{"uv":[8.375,0.0,8.625,0.125],"tintindex":0,"rotation":0,"texture":"#0"},"west":{"uv":[8.75,5.0,8.875,5.125],"tintindex":0,"rotation":0,"texture":"#0"},"up":{"uv":[0.5,8.5,0.25,8.375],"tintindex":0,"rotation":0,"texture":"#0"},"down":{"uv":[8.625,0.375,8.375,0.5],"tintindex":0,"rotation":0,"texture":"#0"}},"rotation":{"origin":[7.200001,2.25,11.0],"angle":-45.0,"axis":"z"}},{"from":[5.4000006,5.8499985,7.2],"to":[8.8,9.449997,11.2],"faces":{"east":{"uv":[0.125,7.4375,0.375,7.6875],"tintindex":0,"rotation":0,"texture":"#0"},"south":{"uv":[7.875,3.875,8.0625,4.125],"tintindex":0,"rotation":0,"texture":"#0"},"north":{"uv":[7.875,3.125,8.0625,3.375],"tintindex":0,"rotation":0,"texture":"#0"},"west":{"uv":[0.375,7.4375,0.625,7.6875],"tintindex":0,"rotation":0,"texture":"#0"},"up":{"uv":[5.75,8.125,5.5625,7.875],"tintindex":0,"rotation":0,"texture":"#0"},"down":{"uv":[6.0625,7.875,5.875,8.125],"tintindex":0,"rotation":0,"texture":"#0"}},"rotation":{"origin":[9.6,7.049999,8.0],"angle":22.5,"axis":"z"}},{"from":[6.988226,6.5872574,10.0],"to":[8.988226,9.787258,12.2],"faces":{"east":{"uv":[4.0,8.625,4.125,8.8125],"tintindex":0,"rotation":0,"texture":"#0"},"south":{"uv":[8.625,4.5625,8.75,4.75],"tintindex":0,"rotation":0,"texture":"#0"},"north":{"uv":[8.625,3.8125,8.75,4.0],"tintindex":0,"rotation":0,"texture":"#0"},"west":{"uv":[4.625,8.625,4.75,8.8125],"tintindex":0,"rotation":0,"texture":"#0"},"up":{"uv":[4.9375,8.875,4.8125,8.75],"tintindex":0,"rotation":0,"texture":"#0"},"down":{"uv":[8.875,4.875,8.75,5.0],"tintindex":0,"rotation":0,"texture":"#0"}},"rotation":{"origin":[3.2000003,3.8499985,11.0],"angle":-45.0,"axis":"z"}},{"from":[3.1882253,4.987255,6.6],"to":[6.988226,7.187256,8.8],"faces":{"east":{"uv":[4.1875,8.75,4.3125,8.875],"tintindex":0,"rotation":0,"texture":"#0"},"south":{"uv":[8.3125,7.3125,8.5625,7.4375],"tintindex":0,"rotation":0,"texture":"#0"},"north":{"uv":[8.3125,7.0625,8.5625,7.1875],"tintindex":0,"rotation":0,"texture":"#0"},"west":{"uv":[4.3125,8.75,4.4375,8.875],"tintindex":0,"rotation":0,"texture":"#0"},"up":{"uv":[7.75,8.4375,7.5,8.3125],"tintindex":0,"rotation":0,"texture":"#0"},"down":{"uv":[8.5625,7.6875,8.3125,7.8125],"tintindex":0,"rotation":0,"texture":"#0"}},"rotation":{"origin":[3.2000003,3.8499985,8.0],"angle":-45.0,"axis":"z"}}],"display":{"gui":{"rotation":[30,225,0]}}}