{"textures":{"1":"modelengine:entity/soul_knight_horse"},"elements":[{"from":[3.6799998,8.139999,7.9856606],"to":[12.32,8.139999,23.825657],"faces":{"up":{"uv":[0.5625,7.625,1.5625,8.1875],"tintindex":0,"rotation":270,"texture":"#1"},"down":{"uv":[7.625,0.5625,8.625,1.125],"tintindex":0,"rotation":270,"texture":"#1"}}},{"from":[8.0,3.475235,7.9856606],"to":[8.0,12.115234,23.825657],"faces":{"east":{"uv":[0.5625,7.625,1.5625,8.1875],"tintindex":0,"rotation":0,"texture":"#1"},"west":{"uv":[7.625,0.5625,8.625,1.125],"tintindex":0,"rotation":0,"texture":"#1"}}}],"display":{"gui":{"rotation":[30,225,0]}}}