{"textures":{"1":"modelengine:entity/soul_knight_horse"},"elements":[{"from":[8.0,3.0302544,7.5897484],"to":[8.0,11.670254,23.429749],"faces":{"east":{"uv":[7.375,0.0,8.375,0.5625],"tintindex":0,"rotation":0,"texture":"#1"},"west":{"uv":[5.625,7.5,6.625,8.0625],"tintindex":0,"rotation":0,"texture":"#1"}}},{"from":[4.8873553,7.5576096,7.5897484],"to":[13.527355,7.5576096,23.429749],"faces":{"up":{"uv":[7.375,0.0,8.375,0.5625],"tintindex":0,"rotation":270,"texture":"#1"},"down":{"uv":[5.625,7.5,6.625,8.0625],"tintindex":0,"rotation":270,"texture":"#1"}}}],"display":{"gui":{"rotation":[30,225,0]}}}