{"textures":{"1":"modelengine:entity/soul_knight_horse"},"elements":[{"from":[8.0,3.8600006,6.4800014],"to":[8.0,12.5,24.320002],"faces":{"east":{"uv":[0.5625,7.0625,1.6875,7.625],"tintindex":0,"rotation":0,"texture":"#1"},"west":{"uv":[1.6875,7.3125,2.8125,7.875],"tintindex":0,"rotation":0,"texture":"#1"}}},{"from":[3.7800002,8.029999,6.4800014],"to":[12.42,8.029999,24.320002],"faces":{"up":{"uv":[0.5625,7.0625,1.6875,7.625],"tintindex":0,"rotation":270,"texture":"#1"},"down":{"uv":[1.6875,7.3125,2.8125,7.875],"tintindex":0,"rotation":270,"texture":"#1"}}}],"display":{"gui":{"rotation":[30,225,0]}}}