{"textures":{"0":"modelengine:entity/soul_knight"},"elements":[{"from":[2.6,10.049999,4.2],"to":[4.6,12.849998,6.0],"faces":{"east":{"uv":[8.5,1.25,8.625,1.4375],"tintindex":0,"rotation":0,"texture":"#0"},"south":{"uv":[8.5,1.4375,8.625,1.625],"tintindex":0,"rotation":0,"texture":"#0"},"north":{"uv":[8.5,1.0625,8.625,1.25],"tintindex":0,"rotation":0,"texture":"#0"},"west":{"uv":[8.5,1.625,8.625,1.8125],"tintindex":0,"rotation":0,"texture":"#0"},"up":{"uv":[3.4375,8.8125,3.3125,8.6875],"tintindex":0,"rotation":0,"texture":"#0"},"down":{"uv":[3.5625,8.6875,3.4375,8.8125],"tintindex":0,"rotation":0,"texture":"#0"}},"rotation":{"origin":[3.6,8.25,4.0],"angle":-45.0,"axis":"x"}},{"from":[0.0,9.849998,8.8],"to":[2.4,14.449997,10.4],"faces":{"east":{"uv":[6.75,7.9375,6.875,8.25],"tintindex":0,"rotation":0,"texture":"#0"},"south":{"uv":[6.875,7.9375,7.0,8.25],"tintindex":0,"rotation":0,"texture":"#0"},"north":{"uv":[5.375,7.9375,5.5,8.25],"tintindex":0,"rotation":0,"texture":"#0"},"west":{"uv":[7.0,7.9375,7.125,8.25],"tintindex":0,"rotation":0,"texture":"#0"},"up":{"uv":[3.9375,8.8125,3.8125,8.6875],"tintindex":0,"rotation":0,"texture":"#0"},"down":{"uv":[8.8125,4.0,8.6875,4.125],"tintindex":0,"rotation":0,"texture":"#0"}},"rotation":{"origin":[1.1999998,9.849998,9.6],"angle":45.0,"axis":"z"}},{"from":[-0.8000002,13.849998,9.0],"to":[0.4000001,16.449997,10.2],"faces":{"east":{"uv":[8.75,7.9375,8.8125,8.125],"tintindex":0,"rotation":0,"texture":"#0"},"south":{"uv":[8.0625,8.75,8.125,8.9375],"tintindex":0,"rotation":0,"texture":"#0"},"north":{"uv":[7.875,8.75,7.9375,8.9375],"tintindex":0,"rotation":0,"texture":"#0"},"west":{"uv":[8.125,8.75,8.1875,8.9375],"tintindex":0,"rotation":0,"texture":"#0"},"up":{"uv":[5.25,8.75,5.1875,8.6875],"tintindex":0,"rotation":0,"texture":"#0"},"down":{"uv":[8.75,6.25,8.6875,6.3125],"tintindex":0,"rotation":0,"texture":"#0"}},"rotation":{"origin":[1.1999998,9.849998,9.6],"angle":22.5,"axis":"z"}},{"from":[11.6,11.793144,0.66862917],"to":[13.2,13.993145,1.868629],"faces":{"east":{"uv":[3.875,8.8125,3.9375,8.9375],"tintindex":0,"rotation":0,"texture":"#0"},"south":{"uv":[8.6875,3.1875,8.8125,3.3125],"tintindex":0,"rotation":0,"texture":"#0"},"north":{"uv":[3.1875,8.6875,3.3125,8.8125],"tintindex":0,"rotation":0,"texture":"#0"},"west":{"uv":[8.8125,4.0625,8.875,4.1875],"tintindex":0,"rotation":0,"texture":"#0"},"up":{"uv":[8.9375,4.25,8.8125,4.1875],"tintindex":0,"rotation":0,"texture":"#0"},"down":{"uv":[8.9375,4.25,8.8125,4.3125],"tintindex":0,"rotation":0,"texture":"#0"}},"rotation":{"origin":[12.4,13.049999,0.8000002],"angle":-22.5,"axis":"x"}},{"from":[13.6,9.849998,8.8],"to":[16.0,14.449997,10.4],"faces":{"east":{"uv":[7.9375,7.9375,8.0625,8.25],"tintindex":0,"rotation":0,"texture":"#0"},"south":{"uv":[8.0,4.9375,8.125,5.25],"tintindex":0,"rotation":0,"texture":"#0"},"north":{"uv":[7.8125,7.9375,7.9375,8.25],"tintindex":0,"rotation":0,"texture":"#0"},"west":{"uv":[8.0,5.25,8.125,5.5625],"tintindex":0,"rotation":0,"texture":"#0"},"up":{"uv":[8.8125,4.25,8.6875,4.125],"tintindex":0,"rotation":0,"texture":"#0"},"down":{"uv":[8.8125,4.25,8.6875,4.375],"tintindex":0,"rotation":0,"texture":"#0"}},"rotation":{"origin":[14.8,9.849998,9.6],"angle":-45.0,"axis":"z"}},{"from":[1.1999998,7.449997,4.0],"to":[14.8,9.849998,14.4],"faces":{"east":{"uv":[6.9375,6.4375,7.5625,6.5625],"tintindex":0,"rotation":0,"texture":"#0"},"south":{"uv":[6.125,3.4375,7.0,3.5625],"tintindex":0,"rotation":0,"texture":"#0"},"north":{"uv":[6.125,2.5625,7.0,2.6875],"tintindex":0,"rotation":0,"texture":"#0"},"west":{"uv":[7.0,0.25,7.625,0.375],"tintindex":0,"rotation":0,"texture":"#0"},"up":{"uv":[3.375,2.3125,2.5,1.6875],"tintindex":0,"rotation":0,"texture":"#0"},"down":{"uv":[3.375,2.3125,2.5,2.9375],"tintindex":0,"rotation":0,"texture":"#0"}}},{"from":[-0.39999962,5.8499985,8.0],"to":[2.8000002,12.049999,11.2],"faces":{"east":{"uv":[7.3125,1.9375,7.5,2.3125],"tintindex":0,"rotation":0,"texture":"#0"},"south":{"uv":[7.3125,2.3125,7.5,2.6875],"tintindex":0,"rotation":0,"texture":"#0"},"north":{"uv":[1.4375,7.3125,1.625,7.6875],"tintindex":0,"rotation":0,"texture":"#0"},"west":{"uv":[2.5625,7.3125,2.75,7.6875],"tintindex":0,"rotation":0,"texture":"#0"},"up":{"uv":[8.25,8.125,8.0625,7.9375],"tintindex":0,"rotation":0,"texture":"#0"},"down":{"uv":[8.3125,4.4375,8.125,4.625],"tintindex":0,"rotation":0,"texture":"#0"}},"rotation":{"origin":[1.1999998,9.849998,9.6],"angle":22.5,"axis":"z"}},{"from":[2.8000002,11.793144,0.66862917],"to":[4.4,13.993145,1.868629],"faces":{"east":{"uv":[8.8125,4.3125,8.875,4.4375],"tintindex":0,"rotation":0,"texture":"#0"},"south":{"uv":[3.6875,8.6875,3.8125,8.8125],"tintindex":0,"rotation":0,"texture":"#0"},"north":{"uv":[3.5625,8.6875,3.6875,8.8125],"tintindex":0,"rotation":0,"texture":"#0"},"west":{"uv":[4.625,8.8125,4.6875,8.9375],"tintindex":0,"rotation":0,"texture":"#0"},"up":{"uv":[8.9375,4.5,8.8125,4.4375],"tintindex":0,"rotation":0,"texture":"#0"},"down":{"uv":[5.1875,8.8125,5.0625,8.875],"tintindex":0,"rotation":0,"texture":"#0"}},"rotation":{"origin":[3.6,13.049999,0.8000002],"angle":-22.5,"axis":"x"}},{"from":[15.6,13.849998,9.0],"to":[16.8,16.449997,10.2],"faces":{"east":{"uv":[8.1875,8.75,8.25,8.9375],"tintindex":0,"rotation":0,"texture":"#0"},"south":{"uv":[8.25,8.75,8.3125,8.9375],"tintindex":0,"rotation":0,"texture":"#0"},"north":{"uv":[8.75,8.125,8.8125,8.3125],"tintindex":0,"rotation":0,"texture":"#0"},"west":{"uv":[8.3125,8.75,8.375,8.9375],"tintindex":0,"rotation":0,"texture":"#0"},"up":{"uv":[8.75,7.8125,8.6875,7.75],"tintindex":0,"rotation":0,"texture":"#0"},"down":{"uv":[8.9375,0.375,8.875,0.4375],"tintindex":0,"rotation":0,"texture":"#0"}},"rotation":{"origin":[14.8,9.849998,9.6],"angle":-22.5,"axis":"z"}},{"from":[4.4,8.25,12.4],"to":[11.6,11.049999,15.2],"faces":{"east":{"uv":[4.0625,8.0625,4.25,8.25],"tintindex":0,"rotation":0,"texture":"#0"},"south":{"uv":[6.9375,6.25,7.375,6.4375],"tintindex":0,"rotation":0,"texture":"#0"},"north":{"uv":[6.9375,6.0625,7.375,6.25],"tintindex":0,"rotation":0,"texture":"#0"},"west":{"uv":[4.25,8.0625,4.4375,8.25],"tintindex":0,"rotation":0,"texture":"#0"},"up":{"uv":[7.375,6.875,6.9375,6.6875],"tintindex":0,"rotation":0,"texture":"#0"},"down":{"uv":[7.375,6.875,6.9375,7.0625],"tintindex":0,"rotation":0,"texture":"#0"}}},{"from":[10.8,5.8499985,3.0],"to":[14.0,10.849998,6.2],"faces":{"east":{"uv":[7.5,0.625,7.6875,0.9375],"tintindex":0,"rotation":0,"texture":"#0"},"south":{"uv":[7.5,0.9375,7.6875,1.25],"tintindex":0,"rotation":0,"texture":"#0"},"north":{"uv":[0.625,7.4375,0.8125,7.75],"tintindex":0,"rotation":0,"texture":"#0"},"west":{"uv":[1.0625,7.5,1.25,7.8125],"tintindex":0,"rotation":0,"texture":"#0"},"up":{"uv":[8.25,4.4375,8.0625,4.25],"tintindex":0,"rotation":0,"texture":"#0"},"down":{"uv":[4.625,8.0625,4.4375,8.25],"tintindex":0,"rotation":0,"texture":"#0"}},"rotation":{"origin":[12.4,8.25,4.0],"angle":-22.5,"axis":"x"}},{"from":[13.2,5.8499985,8.0],"to":[16.4,12.049999,11.2],"faces":{"east":{"uv":[3.9375,7.3125,4.125,7.6875],"tintindex":0,"rotation":0,"texture":"#0"},"south":{"uv":[4.125,7.3125,4.3125,7.6875],"tintindex":0,"rotation":0,"texture":"#0"},"north":{"uv":[3.75,7.3125,3.9375,7.6875],"tintindex":0,"rotation":0,"texture":"#0"},"west":{"uv":[4.3125,7.3125,4.5,7.6875],"tintindex":0,"rotation":0,"texture":"#0"},"up":{"uv":[8.3125,5.125,8.125,4.9375],"tintindex":0,"rotation":0,"texture":"#0"},"down":{"uv":[8.3125,5.125,8.125,5.3125],"tintindex":0,"rotation":0,"texture":"#0"}},"rotation":{"origin":[14.8,9.849998,9.6],"angle":-22.5,"axis":"z"}},{"from":[2.0,5.8499985,3.0],"to":[5.2,10.849998,6.2],"faces":{"east":{"uv":[7.5,1.5625,7.6875,1.875],"tintindex":0,"rotation":0,"texture":"#0"},"south":{"uv":[7.5,1.875,7.6875,2.1875],"tintindex":0,"rotation":0,"texture":"#0"},"north":{"uv":[7.5,1.25,7.6875,1.5625],"tintindex":0,"rotation":0,"texture":"#0"},"west":{"uv":[7.5,2.1875,7.6875,2.5],"tintindex":0,"rotation":0,"texture":"#0"},"up":{"uv":[8.25,7.125,8.0625,6.9375],