{"textures":{"0":"modelengine:entity/soul_knight"},"elements":[{"from":[5.7999997,0.45000076,6.4],"to":[7.3999996,7.450001,8.6],"faces":{"east":{"uv":[7.625,3.25,7.75,3.6875],"tintindex":0,"rotation":0,"texture":"#0"},"south":{"uv":[3.375,7.625,3.5,8.0625],"tintindex":0,"rotation":0,"texture":"#0"},"north":{"uv":[3.25,7.625,3.375,8.0625],"tintindex":0,"rotation":0,"texture":"#0"},"west":{"uv":[3.5,7.625,3.625,8.0625],"tintindex":0,"rotation":0,"texture":"#0"},"up":{"uv":[8.875,3.0625,8.75,2.9375],"tintindex":0,"rotation":0,"texture":"#0"},"down":{"uv":[3.1875,8.75,3.0625,8.875],"tintindex":0,"rotation":0,"texture":"#0"}}},{"from":[10.2,-1.5499992,4.6],"to":[12.799999,7.049999,5.6],"faces":{"east":{"uv":[5.3125,8.0625,5.375,8.625],"tintindex":0,"rotation":0,"texture":"#0"},"south":{"uv":[4.5,6.4375,4.6875,7.0],"tintindex":0,"rotation":0,"texture":"#0"},"north":{"uv":[6.4375,2.875,6.625,3.4375],"tintindex":0,"rotation":0,"texture":"#0"},"west":{"uv":[6.0625,8.0625,6.125,8.625],"tintindex":0,"rotation":0,"texture":"#0"},"up":{"uv":[9.0,1.875,8.8125,1.8125],"tintindex":0,"rotation":0,"texture":"#0"},"down":{"uv":[9.0,1.875,8.8125,1.9375],"tintindex":0,"rotation":0,"texture":"#0"}},"rotation":{"origin":[9.599999,7.6500015,7.8],"angle":-22.5,"axis":"z"}},{"from":[10.2,-1.5499992,9.4],"to":[12.799999,7.049999,10.4],"faces":{"east":{"uv":[4.875,8.0625,4.9375,8.625],"tintindex":0,"rotation":0,"texture":"#0"},"south":{"uv":[2.6875,6.4375,2.875,7.0],"tintindex":0,"rotation":0,"texture":"#0"},"north":{"uv":[2.5,6.4375,2.6875,7.0],"tintindex":0,"rotation":0,"texture":"#0"},"west":{"uv":[5.25,8.0625,5.3125,8.625],"tintindex":0,"rotation":0,"texture":"#0"},"up":{"uv":[9.0,1.75,8.8125,1.6875],"tintindex":0,"rotation":0,"texture":"#0"},"down":{"uv":[9.0,1.75,8.8125,1.8125],"tintindex":0,"rotation":0,"texture":"#0"}},"rotation":{"origin":[9.599999,7.6500015,7.8],"angle":-22.5,"axis":"z"}},{"from":[7.5999994,9.049999,5.8],"to":[13.2,11.049999,10.8],"faces":{"east":{"uv":[8.0625,0.125,8.375,0.25],"tintindex":0,"rotation":0,"texture":"#0"},"south":{"uv":[7.875,3.0,8.25,3.125],"tintindex":0,"rotation":0,"texture":"#0"},"north":{"uv":[7.875,2.375,8.25,2.5],"tintindex":0,"rotation":0,"texture":"#0"},"west":{"uv":[1.9375,8.0625,2.25,8.1875],"tintindex":0,"rotation":0,"texture":"#0"},"up":{"uv":[6.3125,5.25,5.9375,4.9375],"tintindex":0,"rotation":0,"texture":"#0"},"down":{"uv":[6.4375,6.0625,6.0625,6.375],"tintindex":0,"rotation":0,"texture":"#0"}},"rotation":{"origin":[9.599999,7.6500015,7.8],"angle":-22.5,"axis":"z"}},{"from":[4.5999994,5.8499985,4.8],"to":[12.0,10.049999,10.0],"faces":{"east":{"uv":[5.5625,7.0625,5.875,7.3125],"tintindex":0,"rotation":0,"texture":"#0"},"south":{"uv":[6.375,2.1875,6.8125,2.4375],"tintindex":0,"rotation":0,"texture":"#0"},"north":{"uv":[6.375,1.1875,6.8125,1.4375],"tintindex":0,"rotation":0,"texture":"#0"},"west":{"uv":[6.4375,7.0625,6.75,7.3125],"tintindex":0,"rotation":0,"texture":"#0"},"up":{"uv":[6.125,2.75,5.6875,2.4375],"tintindex":0,"rotation":0,"texture":"#0"},"down":{"uv":[6.125,3.3125,5.6875,3.625],"tintindex":0,"rotation":0,"texture":"#0"}},"rotation":{"origin":[9.599999,7.6500015,7.8],"angle":-22.5,"axis":"z"}},{"from":[9.4,6.450001,10.0],"to":[15.6,8.049999,11.4],"faces":{"east":{"uv":[7.75,8.8125,7.8125,8.9375],"tintindex":0,"rotation":0,"texture":"#0"},"south":{"uv":[7.875,2.25,8.25,2.375],"tintindex":0,"rotation":0,"texture":"#0"},"north":{"uv":[7.875,0.25,8.25,0.375],"tintindex":0,"rotation":0,"texture":"#0"},"west":{"uv":[8.8125,7.8125,8.875,7.9375],"tintindex":0,"rotation":0,"texture":"#0"},"up":{"uv":[7.375,1.5625,7.0,1.5],"tintindex":0,"rotation":0,"texture":"#0"},"down":{"uv":[8.0625,7.1875,7.6875,7.25],"tintindex":0,"rotation":0,"texture":"#0"}},"rotation":{"origin":[9.599999,7.6500015,7.8],"angle":22.5,"axis":"z"}},{"from":[7.3999996,-4.3499985,5.6],"to":[10.799999,7.049999,9.4],"faces":{"east":{"uv":[0.25,5.125,0.5,5.8125],"tintindex":0,"rotation":0,"texture":"#0"},"south":{"uv":[0.0,5.8125,0.1875,6.5],"tintindex":0,"rotation":0,"texture":"#0"},"north":{"uv":[5.4375,5.75,5.625,6.4375],"tintindex":0,"rotation":0,"texture":"#0"},"west":{"uv":[5.125,0.4375,5.375,1.125],"tintindex":0,"rotation":0,"texture":"#0"},"up":{"uv":[8.0,7.9375,7.8125,7.6875],"tintindex":0,"rotation":0,"texture":"#0"},"down":{"uv":[8.0625,0.0,7.875,0.25],"tintindex":0,"rotation":0,"texture":"#0"}}},{"from":[7.0,7.049999,4.2],"to":[8.599999,13.650002,5.6],"faces":{"east":{"uv":[1.0,8.375,1.0625,8.8125],"tintindex":0,"rotation":0,"texture":"#0"},"south":{"uv":[6.0625,7.625,6.1875,8.0625],"tintindex":0,"rotation":0,"texture":"#0"},"north":{"uv":[5.25,7.625,5.375,8.0625],"tintindex":0,"rotation":0,"texture":"#0"},"west":{"uv":[1.0625,8.375,1.125,8.8125],"tintindex":0,"rotation":0,"texture":"#0"},"up":{"uv":[8.0625,8.875,7.9375,8.8125],"tintindex":0,"rotation":0,"texture":"#0"},"down":{"uv":[8.9375,7.9375,8.8125,8.0],"tintindex":0,"rotation":0,"texture":"#0"}},"rotation":{"origin":[9.599999,7.6500015,7.8],"angle":-22.5,"axis":"z"}},{"from":[10.799999,-2.75,6.2],"to":[12.599999,7.049999,9.0],"faces":{"east":{"uv":[6.0625,5.4375,6.25,6.0625],"tintindex":0,"rotation":0,"texture":"#0"},"south":{"uv":[6.875,7.0625,7.0,7.6875],"tintindex":0,"rotation":0,"texture":"#0"},"north":{"uv":[6.75,7.0625,6.875,7.6875],"tintindex":0,"rotation":0,"texture":"#0"},"west":{"uv":[5.875,6.0625,6.0625,6.6875],"tintindex":0,"rotation":0,"texture":"#0"},"up":{"uv":[8.75,0.1875,8.625,0.0],"tintindex":0,"rotation":0,"texture":"#0"},"down":{"uv":[8.75,0.875,8.625,1.0625],"tintindex":0,"rotation":0,"texture":"#0"}}},{"from":[9.0,5.8499985,4.2],"to":[10.599999,12.450001,5.6],"faces":{"east":{"uv":[0.6875,8.375,0.75,8.8125],"tintindex":0,"rotation":0,"texture":"#0"},"south":{"uv":[7.625,4.25,7.75,4.6875],"tintindex":0,"rotation":0,"texture":"#0"},"north":{"uv":[3.625,7.625,3.75,8.0625],"tintindex":0,"rotation":0,"texture":"#0"},"west":{"uv":[0.9375,8.375,1.0,8.8125],"tintindex":0,"rotation":0,"texture":"#0"},"up":{"uv":[8.9375,7.4375,8.8125,7.375],"tintindex":0,"rotation":0,"texture":"#0"},"down":{"uv":[8.9375,7.75,8.8125,7.8125],"tintindex":0,"rotation":0,"texture":"#0"}},"rotation":{"origin":[9.599999,7.6500015,7.8],"angle":-45.0,"axis":"z"}}],"display":{"gui":{"rotation":[30,225,0]}}}