{"textures":{"0":"modelengine:entity/soul_knight"},"elements":[{"from":[7.55,7.6166663,-8.983334],"to":[8.183333,8.166667,-1.9499998],"faces":{"east":{"uv":[4.625,1.5625,5.9375,1.6875],"tintindex":0,"rotation":0,"texture":"#0"},"south":{"uv":[8.75,5.5,8.875,5.625],"tintindex":0,"rotation":0,"texture":"#0"},"north":{"uv":[8.75,5.375,8.875,5.5],"tintindex":0,"rotation":0,"texture":"#0"},"west":{"uv":[5.0625,2.3125,6.375,2.4375],"tintindex":0,"rotation":0,"texture":"#0"},"up":{"uv":[3.875,6.3125,3.75,5.0],"tintindex":0,"rotation":0,"texture":"#0"},"down":{"uv":[1.0625,5.125,0.9375,6.4375],"tintindex":0,"rotation":0,"texture":"#0"}}},{"from":[7.3,7.6999993,-1.7333336],"to":[8.433333,9.0,-1.3666668],"faces":{"east":{"uv":[2.8125,8.6875,2.875,8.9375],"tintindex":0,"rotation":0,"texture":"#0"},"south":{"uv":[7.875,7.4375,8.0625,7.6875],"tintindex":0,"rotation":0,"texture":"#0"},"north":{"uv":[7.125,7.875,7.3125,8.125],"tintindex":0,"rotation":0,"texture":"#0"},"west":{"uv":[3.9375,8.6875,4.0,8.9375],"tintindex":0,"rotation":0,"texture":"#0"},"up":{"uv":[2.3125,8.875,2.125,8.8125],"tintindex":0,"rotation":0,"texture":"#0"},"down":{"uv":[9.0,2.1875,8.8125,2.25],"tintindex":0,"rotation":0,"texture":"#0"}}},{"from":[7.8,10.116667,-10.316668],"to":[7.9333334,10.916667,-7.866667],"faces":{"east":{"uv":[7.5625,7.3125,8.0,7.4375],"tintindex":0,"rotation":0,"texture":"#0"},"south":{"uv":[0.5,8.875,0.5625,9.0],"tintindex":0,"rotation":0,"texture":"#0"},"north":{"uv":[0.3125,8.875,0.375,9.0],"tintindex":0,"rotation":0,"texture":"#0"},"west":{"uv":[7.625,0.4375,8.0625,0.5625],"tintindex":0,"rotation":0,"texture":"#0"},"up":{"uv":[1.1875,8.8125,1.125,8.375],"tintindex":0,"rotation":0,"texture":"#0"},"down":{"uv":[1.25,8.375,1.1875,8.8125],"tintindex":0,"rotation":0,"texture":"#0"}},"rotation":{"origin":[7.6666665,9.349999,-5.666667],"angle":-22.5,"axis":"x"}},{"from":[7.7166667,4.783333,-11.400002],"to":[8.016666,5.583333,-9.450001],"faces":{"east":{"uv":[7.875,4.125,8.25,4.25],"tintindex":0,"rotation":0,"texture":"#0"},"south":{"uv":[8.75,8.8125,8.8125,8.9375],"tintindex":0,"rotation":0,"texture":"#0"},"north":{"uv":[8.6875,8.8125,8.75,8.9375],"tintindex":0,"rotation":0,"texture":"#0"},"west":{"uv":[7.875,6.5,8.25,6.625],"tintindex":0,"rotation":0,"texture":"#0"},"up":{"uv":[4.8125,8.875,4.75,8.5],"tintindex":0,"rotation":0,"texture":"#0"},"down":{"uv":[5.5625,8.5,5.5,8.875],"tintindex":0,"rotation":0,"texture":"#0"}},"rotation":{"origin":[7.6666665,9.349999,-5.666667],"angle":45.0,"axis":"x"}},{"from":[7.6333337,6.533333,-10.900002],"to":[8.1,7.5833335,-7.2],"faces":{"east":{"uv":[5.6875,3.625,6.375,3.8125],"tintindex":0,"rotation":0,"texture":"#0"},"south":{"uv":[1.75,8.8125,1.8125,9.0],"tintindex":0,"rotation":0,"texture":"#0"},"north":{"uv":[1.6875,8.8125,1.75,9.0],"tintindex":0,"rotation":0,"texture":"#0"},"west":{"uv":[5.75,0.375,6.4375,0.5625],"tintindex":0,"rotation":0,"texture":"#0"},"up":{"uv":[1.9375,8.5625,1.875,7.875],"tintindex":0,"rotation":0,"texture":"#0"},"down":{"uv":[5.1875,7.875,5.125,8.5625],"tintindex":0,"rotation":0,"texture":"#0"}},"rotation":{"origin":[7.6666665,9.349999,-5.666667],"angle":22.5,"axis":"x"}},{"from":[7.7166667,8.7,-0.0666666],"to":[8.016666,9.333333,3.6333332],"faces":{"east":{"uv":[6.75,6.5625,7.4375,6.6875],"tintindex":0,"rotation":0,"texture":"#0"},"south":{"uv":[8.875,0.0,8.9375,0.125],"tintindex":0,"rotation":0,"texture":"#0"},"north":{"uv":[8.8125,8.75,8.875,8.875],"tintindex":0,"rotation":0,"texture":"#0"},"west":{"uv":[6.8125,1.5625,7.5,1.6875],"tintindex":0,"rotation":0,"texture":"#0"},"up":{"uv":[5.25,8.5625,5.1875,7.875],"tintindex":0,"rotation":0,"texture":"#0"},"down":{"uv":[6.375,7.875,6.3125,8.5625],"tintindex":0,"rotation":0,"texture":"#0"}}},{"from":[7.7166667,7.6999993,14.6],"to":[8.016666,8.333333,19.966667],"faces":{"east":{"uv":[5.6875,3.8125,6.6875,3.9375],"tintindex":0,"rotation":0,"texture":"#0"},"south":{"uv":[0.1875,8.875,0.25,9.0],"tintindex":0,"rotation":0,"texture":"#0"},"north":{"uv":[0.125,8.875,0.1875,9.0],"tintindex":0,"rotation":0,"texture":"#0"},"west":{"uv":[5.75,0.5625,6.75,0.6875],"tintindex":0,"rotation":0,"texture":"#0"},"up":{"uv":[0.9375,8.25,0.875,7.25],"tintindex":0,"rotation":0,"texture":"#0"},"down":{"uv":[5.875,7.3125,5.8125,8.3125],"tintindex":0,"rotation":0,"texture":"#0"}}},{"from":[7.55,8.45,-9.400002],"to":[8.183333,9.25,-3.2833328],"faces":{"east":{"uv":[5.125,1.4375,6.25,1.5625],"tintindex":0,"rotation":0,"texture":"#0"},"south":{"uv":[5.3125,8.75,5.4375,8.875],"tintindex":0,"rotation":0,"texture":"#0"},"north":{"uv":[8.75,5.25,8.875,5.375],"tintindex":0,"rotation":0,"texture":"#0"},"west":{"uv":[5.1875,2.75,6.3125,2.875],"tintindex":0,"rotation":0,"texture":"#0"},"up":{"uv":[4.375,6.5625,4.25,5.4375],"tintindex":0,"rotation":0,"texture":"#0"},"down":{"uv":[4.5,5.4375,4.375,6.5625],"tintindex":0,"rotation":0,"texture":"#0"}}},{"from":[7.8,4.7,-12.400002],"to":[7.9333334,5.166666,-10.450001],"faces":{"east":{"uv":[8.625,0.1875,9.0,0.25],"tintindex":0,"rotation":0,"texture":"#0"},"south":{"uv":[2.25,8.875,2.3125,8.9375],"tintindex":0,"rotation":0,"texture":"#0"},"north":{"uv":[2.1875,8.875,2.25,8.9375],"tintindex":0,"rotation":0,"texture":"#0"},"west":{"uv":[5.5625,8.625,5.9375,8.6875],"tintindex":0,"rotation":0,"texture":"#0"},"up":{"uv":[2.5,8.9375,2.4375,8.5625],"tintindex":0,"rotation":0,"texture":"#0"},"down":{"uv":[2.9375,8.5625,2.875,8.9375],"tintindex":0,"rotation":0,"texture":"#0"}},"rotation":{"origin":[7.6666665,9.349999,-5.666667],"angle":45.0,"axis":"x"}},{"from":[7.4666667,7.9499993,-5.0666676],"to":[8.266666,8.75,16.800001],"faces":{"east":{"uv":[3.375,1.6875,7.5,1.8125],"tintindex":0,"rotation":0,"texture":"#0"},"south":{"uv":[5.1875,8.75,5.3125,8.875],"tintindex":0,"rotation":0,"texture":"#0"},"north":{"uv":[8.75,5.125,8.875,5.25],"tintindex":0,"rotation":0,"texture":"#0"},"west":{"uv":[3.375,1.8125,7.5,1.9375],"tintindex":0,"rotation":0,"texture":"#0"},"up":{"uv":[1.875,7.5625,1.75,3.4375],"tintindex":0,"rotation":0,"texture":"#0"},"down":{"uv":[2.0,3.4375,1.875,7.5625],"tintindex":0,"rotation":0,"texture":"#0"}}},{"from":[7.8,6.116666,-10.650002],"to":[7.9333334,6.583333,-6.116667],"faces":{"east":{"uv":[5.5,2.25,6.375,2.3125],"tintindex":0,"rotation":0,"texture":"#0"},"south":{"uv":[8.875,2.3125,8.9375,2.375],"tintindex":0,"rotation":0,"texture":"#0"},"north":{"uv":[8.875,2.25,8.9375,2.3125],"tintindex":0,"rotation":0,"texture":"#0"},"west":{"uv":[7.5625,7.25,8.4375,7.3125],"tintindex":0,"rotation":0,"texture":"#0"},"up":{"uv":[6.75,8.1875,6.6875,7.3125],"tintindex":0,"rotation":0,"texture":"#0"},"down":{"uv":[0.875,7.4375,0.8125,8.3125],"tintindex":0,"rotation":0,"texture":"#0"}},"rotation":{"origin":[7.6666665,9.349999,-5.666667],"angle":22.5,"axis":"x"}},{"from":[7.85,5.9499993,-14.400002],"to":[7.85,12.75,-0.9499998],"faces":{"east":{"uv":[2.5,1.25,0.0,2.5],"tintindex":0,"rotation":0,"texture":"#0"},"west":{"uv":[0.0,1.25,2.5,2.5],"tintindex":0,"rotation":0,"texture":"#0"}}},{"from":[7.7166667,8.7,-6.8166676],"to":[8.016666,9.5,-2.9499998],"faces":{"east":{"uv":[6.25,1.4375,7.0,1.5625],"tintindex":0,"rotation":0,"texture":"#0"},"south":{"uv":[8.8125,8.625,8.875,8.75],"tintindex":0,"rotation":0,"texture":"#0"},"north":{"uv":[8.625,8.8125,8.6875,8.9375],"tintindex":0,"rotation":0,"texture":"#0"},"west":{"uv":[6.625,3.25,7.375,3.375],"tintindex":0,"rotation":0,"texture":"#0"},"up":{"uv":[1.75,4.3125,1.6875,3.5625],"tintindex":0,"rotation":0,"texture":"#0"},"down":{"uv":[5.8125,7.5625,5.75,8.3125],"tintindex":0,"rotation":0,"texture":"#0"}},"rotation":{"origin":[7.6666665,9.349999,-5.666667],"angle":22.5,"axis":"x"}},{"from":[7.8,6.533333,-7.3166676],"to":[7.9333334,7.1666665,-3.7833328],"faces":{"east":{"uv":[6.875,4.1875,7.5625,4.3125],"tintindex":0,"rotation":0,"texture":"#0"},"south":{"uv":[8.875,0.25,8.9375,0.375],"tintindex":0,"rotation":0,"texture":"#0"},"north":{"uv":[0.25,8.875,0.3125,9.0],"tintindex":0,"rotation":0,"texture":"#0"},