{"textures":{"1":"modelengine:entity/wolfmob41"},"elements":[{"from":[4.6,7.799999,5.8],"to":[11.4,13.099998,10.4],"faces":{"east":{"uv":[1.5384616,7.5384617,2.2307694,8.384616],"tintindex":0,"rotation":0,"texture":"#1"},"south":{"uv":[2.6153846,5.3846154,3.6923077,6.230769],"tintindex":0,"rotation":0,"texture":"#1"},"north":{"uv":[1.5384616,5.3846154,2.6153846,6.230769],"tintindex":0,"rotation":0,"texture":"#1"},"west":{"uv":[2.3076925,7.5384617,3.0000002,8.384616],"tintindex":0,"rotation":0,"texture":"#1"},"up":{"uv":[7.3846154,3.7692308,6.3076925,3.0769231],"tintindex":0,"rotation":0,"texture":"#1"},"down":{"uv":[4.1538463,6.615385,3.0769231,7.3076925],"tintindex":0,"rotation":0,"texture":"#1"}}}],"display":{"gui":{"rotation":[30,225,0]}}}