{"textures":{"1":"modelengine:entity/wolfmob41"},"elements":[{"from":[5.46,12.0,6.38],"to":[10.54,13.0,9.62],"faces":{"east":{"uv":[6.3076925,3.846154,6.7692313,4.0],"tintindex":0,"rotation":0,"texture":"#1"},"south":{"uv":[13.384616,3.846154,14.153847,4.0],"tintindex":0,"rotation":0,"texture":"#1"},"north":{"uv":[13.384616,3.6923077,14.153847,3.846154],"tintindex":0,"rotation":0,"texture":"#1"},"west":{"uv":[8.923078,4.3076925,9.384616,4.461539],"tintindex":0,"rotation":0,"texture":"#1"},"up":{"uv":[10.615385,3.846154,9.846155,3.3846157],"tintindex":0,"rotation":0,"texture":"#1"},"down":{"uv":[10.615385,4.3076925,9.846155,4.7692313],"tintindex":0,"rotation":0,"texture":"#1"}}},{"from":[5.16,8.0,6.08],"to":[10.84,12.0,9.92],"faces":{"east":{"uv":[9.23077,3.0769231,9.846155,3.6923077],"tintindex":0,"rotation":0,"texture":"#1"},"south":{"uv":[8.461539,4.461539,9.307693,5.076923],"tintindex":0,"rotation":0,"texture":"#1"},"north":{"uv":[1.5384616,8.461539,2.3846157,9.076923],"tintindex":0,"rotation":0,"texture":"#1"},"west":{"uv":[9.692308,6.615385,10.307693,7.230769],"tintindex":0,"rotation":0,"texture":"#1"},"up":{"uv":[9.307693,5.692308,8.461539,5.076923],"tintindex":0,"rotation":0,"texture":"#1"},"down":{"uv":[4.384616,8.615385,3.5384617,9.23077],"tintindex":0,"rotation":0,"texture":"#1"}}},{"from":[5.46,7.0,6.38],"to":[10.54,8.0,9.62],"faces":{"east":{"uv":[10.769231,9.538463,11.23077,9.692308],"tintindex":0,"rotation":0,"texture":"#1"},"south":{"uv":[13.384616,12.307693,14.153847,12.461538],"tintindex":0,"rotation":0,"texture":"#1"},"north":{"uv":[13.384616,9.538463,14.153847,9.692308],"tintindex":0,"rotation":0,"texture":"#1"},"west":{"uv":[11.384616,5.3846154,11.846155,5.5384617],"tintindex":0,"rotation":0,"texture":"#1"},"up":{"uv":[10.615385,5.230769,9.846155,4.7692313],"tintindex":0,"rotation":0,"texture":"#1"},"down":{"uv":[10.769231,0.0,10.0,0.46153846],"tintindex":0,"rotation":0,"texture":"#1"}}}],"display":{"gui":{"rotation":[30,225,0]}}}