{"textures":{"1":"modelengine:entity/wolfmob41"},"elements":[{"from":[6.08,14.399998,6.64],"to":[9.92,15.200001,9.36],"faces":{"east":{"uv":[13.23077,14.615385,13.615385,14.769231],"tintindex":0,"rotation":0,"texture":"#1"},"south":{"uv":[13.692308,11.23077,14.3076935,11.384616],"tintindex":0,"rotation":0,"texture":"#1"},"north":{"uv":[13.692308,11.076923,14.3076935,11.23077],"tintindex":0,"rotation":0,"texture":"#1"},"west":{"uv":[14.615385,13.384616,15.000001,13.538463],"tintindex":0,"rotation":0,"texture":"#1"},"up":{"uv":[12.153846,10.076923,11.538463,9.692308],"tintindex":0,"rotation":0,"texture":"#1"},"down":{"uv":[12.153846,10.153846,11.538463,10.538463],"tintindex":0,"rotation":0,"texture":"#1"}}},{"from":[4.56,8.0,5.92],"to":[11.440001,13.599998,9.92],"faces":{"east":{"uv":[2.4615388,8.461539,3.0769231,9.307693],"tintindex":0,"rotation":0,"texture":"#1"},"south":{"uv":[4.615385,5.230769,5.692308,6.076923],"tintindex":0,"rotation":0,"texture":"#1"},"north":{"uv":[5.230769,3.0769231,6.3076925,3.923077],"tintindex":0,"rotation":0,"texture":"#1"},"west":{"uv":[4.461539,8.615385,5.076923,9.461538],"tintindex":0,"rotation":0,"texture":"#1"},"up":{"uv":[5.230769,7.230769,4.1538463,6.615385],"tintindex":0,"rotation":0,"texture":"#1"},"down":{"uv":[6.3076925,6.615385,5.230769,7.230769],"tintindex":0,"rotation":0,"texture":"#1"}}},{"from":[4.66,8.099998,3.52],"to":[11.34,11.700001,6.52],"faces":{"east":{"uv":[10.615385,11.23077,11.076923,11.769231],"tintindex":0,"rotation":0,"texture":"#1"},"south":{"uv":[7.846154,1.8461539,8.846154,2.3846157],"tintindex":0,"rotation":0,"texture":"#1"},"north":{"uv":[7.846154,1.2307694,8.846154,1.7692308],"tintindex":0,"rotation":0,"texture":"#1"},"west":{"uv":[11.076923,11.23077,11.538463,11.769231],"tintindex":0,"rotation":0,"texture":"#1"},"up":{"uv":[9.923078,4.3076925,8.923078,3.846154],"tintindex":0,"rotation":0,"texture":"#1"},"down":{"uv":[4.0769234,9.23077,3.0769231,9.692308],"tintindex":0,"rotation":0,"texture":"#1"}},"rotation":{"origin":[8.0,10.9,3.92],"angle":-22.5,"axis":"x"}},{"from":[6.08,13.599998,6.64],"to":[9.92,14.399998,9.36],"faces":{"east":{"uv":[14.615385,11.538463,15.000001,11.692308],"tintindex":0,"rotation":0,"texture":"#1"},"south":{"uv":[13.692308,10.923078,14.3076935,11.076923],"tintindex":0,"rotation":0,"texture":"#1"},"north":{"uv":[9.23077,3.6923077,9.846155,3.846154],"tintindex":0,"rotation":0,"texture":"#1"},"west":{"uv":[14.615385,11.692308,15.000001,11.846155],"tintindex":0,"rotation":0,"texture":"#1"},"up":{"uv":[12.153846,8.076923,11.538463,7.692308],"tintindex":0,"rotation":0,"texture":"#1"},"down":{"uv":[12.153846,8.153847,11.538463,8.538462],"tintindex":0,"rotation":0,"texture":"#1"}}}],"display":{"gui":{"rotation":[30,225,0]}}}