{"textures":{"1":"modelengine:entity/wolfmob41"},"elements":[{"from":[9.67353,6.714119,4.1558824],"to":[10.273529,8.7741165,4.6558824],"faces":{"east":{"uv":[14.769231,15.076923,14.846155,15.384616],"tintindex":0,"rotation":0,"texture":"#1"},"south":{"uv":[14.923078,15.076923,15.000001,15.384616],"tintindex":0,"rotation":0,"texture":"#1"},"north":{"uv":[15.076923,14.615385,15.153847,14.923078],"tintindex":0,"rotation":0,"texture":"#1"},"west":{"uv":[15.076923,14.923078,15.153847,15.23077],"tintindex":0,"rotation":0,"texture":"#1"},"up":{"uv":[7.0000005,15.3076935,6.9230776,15.23077],"tintindex":0,"rotation":0,"texture":"#1"},"down":{"uv":[15.3076935,6.9230776,15.23077,7.0000005],"tintindex":0,"rotation":0,"texture":"#1"}}},{"from":[3.5735292,6.714119,8.155882],"to":[4.1735296,8.7741165,8.655882],"faces":{"east":{"uv":[0.6153847,15.23077,0.6923077,15.538463],"tintindex":0,"rotation":0,"texture":"#1"},"south":{"uv":[0.7692308,15.23077,0.8461539,15.538463],"tintindex":0,"rotation":0,"texture":"#1"},"north":{"uv":[0.46153846,15.23077,0.53846157,15.538463],"tintindex":0,"rotation":0,"texture":"#1"},"west":{"uv":[15.23077,0.7692308,15.3076935,1.0769231],"tintindex":0,"rotation":0,"texture":"#1"},"up":{"uv":[7.3076925,15.3076935,7.230769,15.23077],"tintindex":0,"rotation":0,"texture":"#1"},"down":{"uv":[15.3076935,7.230769,15.23077,7.3076925],"tintindex":0,"rotation":0,"texture":"#1"}}},{"from":[9.17353,6.714119,12.555882],"to":[9.97353,9.574116,13.055882],"faces":{"east":{"uv":[15.076923,11.23077,15.153847,11.692308],"tintindex":0,"rotation":0,"texture":"#1"},"south":{"uv":[14.3076935,7.230769,14.461538,7.692308],"tintindex":0,"rotation":0,"texture":"#1"},"north":{"uv":[6.615385,14.3076935,6.7692313,14.769231],"tintindex":0,"rotation":0,"texture":"#1"},"west":{"uv":[11.384616,15.076923,11.461538,15.538463],"tintindex":0,"rotation":0,"texture":"#1"},"up":{"uv":[6.615385,15.3076935,6.461539,15.23077],"tintindex":0,"rotation":0,"texture":"#1"},"down":{"uv":[15.384616,6.461539,15.23077,6.5384617],"tintindex":0,"rotation":0,"texture":"#1"}}},{"from":[5.9735293,6.714119,12.555882],"to":[6.7735295,9.574116,13.055882],"faces":{"east":{"uv":[10.769231,15.076923,10.846155,15.538463],"tintindex":0,"rotation":0,"texture":"#1"},"south":{"uv":[6.1538463,14.3076935,6.3076925,14.769231],"tintindex":0,"rotation":0,"texture":"#1"},"north":{"uv":[6.0000005,14.3076935,6.1538463,14.769231],"tintindex":0,"rotation":0,"texture":"#1"},"west":{"uv":[11.23077,15.076923,11.307693,15.538463],"tintindex":0,"rotation":0,"texture":"#1"},"up":{"uv":[6.461539,15.3076935,6.3076925,15.23077],"tintindex":0,"rotation":0,"texture":"#1"},"down":{"uv":[15.384616,6.3076925,15.23077,6.3846154],"tintindex":0,"rotation":0,"texture":"#1"}}},{"from":[3.5735292,6.714119,6.1558824],"to":[4.1735296,8.074116,6.6558824],"faces":{"east":{"uv":[2.923077,15.23077,3.0000002,15.461538],"tintindex":0,"rotation":0,"texture":"#1"},"south":{"uv":[3.0769231,15.23077,3.1538463,15.461538],"tintindex":0,"rotation":0,"texture":"#1"},"north":{"uv":[15.23077,2.7692308,15.3076935,3.0000002],"tintindex":0,"rotation":0,"texture":"#1"},"west":{"uv":[15.23077,3.0769231,15.3076935,3.3076925],"tintindex":0,"rotation":0,"texture":"#1"},"up":{"uv":[6.692308,15.3076935,6.615385,15.23077],"tintindex":0,"rotation":0,"texture":"#1"},"down":{"uv":[15.3076935,6.615385,15.23077,6.692308],"tintindex":0,"rotation":0,"texture":"#1"}}},{"from":[4.0735292,6.714119,4.1558824],"to":[4.8735294,9.7741165,4.855882],"faces":{"east":{"uv":[9.846155,15.076923,9.923078,15.538463],"tintindex":0,"rotation":0,"texture":"#1"},"south":{"uv":[4.9230776,14.3076935,5.076923,14.769231],"tintindex":0,"rotation":0,"texture":"#1"},"north":{"uv":[4.7692313,14.3076935,4.9230776,14.769231],"tintindex":0,"rotation":0,"texture":"#1"},"west":{"uv":[10.153846,15.076923,10.23077,15.538463],"tintindex":0,"rotation":0,"texture":"#1"},"up":{"uv":[6.1538463,15.3076935,6.0000005,15.23077],"tintindex":0,"rotation":0,"texture":"#1"},"down":{"uv":[15.384616,6.0000005,15.23077,6.076923],"tintindex":0,"rotation":0,"texture":"#1"}}},{"from":[11.873529,6.714119,12.155882],"to":[12.47353,8.7741165,12.655882],"faces":{"east":{"uv":[1.8461539,15.23077,1.923077,15.538463],"tintindex":0,"rotation":0,"texture":"#1"},"south":{"uv":[2.0,15.23077,2.0769231,15.538463],"tintindex":0,"rotation":0,"texture":"#1"},"north":{"uv":[15.23077,1.6923078,15.3076935,2.0],"tintindex":0,"rotation":0,"texture":"#1"},"west":{"uv":[15.23077,2.0,15.3076935,2.3076925],"tintindex":0,"rotation":0,"texture":"#1"},"up":{"uv":[8.076923,15.3076935,8.0,15.23077],"tintindex":0,"rotation":0,"texture":"#1"},"down":{"uv":[15.3076935,8.0,15.23077,8.076923],"tintindex":0,"rotation":0,"texture":"#1"}}},{"from":[6.4735293,8.814117,3.9558825],"to":[9.47353,10.174118,4.5558825],"faces":{"east":{"uv":[15.23077,2.4615388,15.3076935,2.6923077],"tintindex":0,"rotation":0,"texture":"#1"},"south":{"uv":[6.9230776,13.692308,7.3846154,13.923078],"tintindex":0,"rotation":0,"texture":"#1"},"north":{"uv":[13.538463,11.846155,14.000001,12.076923],"tintindex":0,"rotation":0,"texture":"#1"},"west":{"uv":[2.7692308,15.23077,2.846154,15.461538],"tintindex":0,"rotation":0,"texture":"#1"},"up":{"uv":[15.384616,12.23077,14.923078,12.153846],"tintindex":0,"rotation":0,"texture":"#1"},"down":{"uv":[15.538463,0.6153847,15.076923,0.6923077],"tintindex":0,"rotation":0,"texture":"#1"}}},{"from":[11.073529,6.714119,4.1558824],"to":[11.873529,9.7741165,4.855882],"faces":{"east":{"uv":[10.307693,15.076923,10.384616,15.538463],"tintindex":0,"rotation":0,"texture":"#1"},"south":{"uv":[5.5384617,14.3076935,5.692308,14.769231],"tintindex":0,"rotation":0,"texture":"#1"},"north":{"uv":[5.3846154,14.3076935,5.5384617,14.769231],"tintindex":0,"rotation":0,"texture":"#1"},"west":{"uv":[10.615385,15.076923,10.692308,15.538463],"tintindex":0,"rotation":0,"texture":"#1"},"up":{"uv":[6.3076925,15.3076935,6.1538463,15.23077],"tintindex":0,"rotation":0,"texture":"#1"},"down":{"uv":[15.384616,6.1538463,15.23077,6.230769],"tintindex":0,"rotation":0,"texture":"#1"}}},{"from":[11.873529,6.914116,10.155882],"to":[12.47353,8.2741165,10.655882],"faces":{"east":{"uv":[4.3076925,15.23077,4.384616,15.461538],"tintindex":0,"rotation":0,"texture":"#1"},"south":{"uv":[15.23077,4.3076925,15.3076935,4.5384617],"tintindex":0,"rotation":0,"texture":"#1"},"north":{"uv":[4.1538463,15.23077,4.2307696,15.461538],"tintindex":0,"rotation":0,"texture":"#1"},"west":{"uv":[4.461539,15.23077,4.5384617,15.461538],"tintindex":0,"rotation":0,"texture":"#1"},"up":{"uv":[7.7692313,15.3076935,7.692308,15.23077],"tintindex":0,"rotation":0,"texture":"#1"},"down":{"uv":[15.3076935,7.692308,15.23077,7.7692313],"tintindex":0,"rotation":0,"texture":"#1"}}},{"from":[3.7735295,7.3141174,4.355882],"to":[12.273529,7.9741173,12.855883],"faces":{"east":{"uv":[13.538463,9.076923,14.846155,9.153846],"tintindex":0,"rotation":0,"texture":"#1"},"south":{"uv":[13.538463,12.153846,14.846155,12.23077],"tintindex":0,"rotation":0,"texture":"#1"},"north":{"uv":[13.538463,5.692308,14.846155,5.7692313],"tintindex":0,"rotation":0,"texture":"#1"},"west":{"uv":[13.692308,9.384616,15.000001,9.461538],"tintindex":0,"rotation":0,"texture":"#1"},"up":{"uv":[3.1538463,5.3076925,1.8461539,4.0],"tintindex":0,"rotation":0,"texture":"#1"},"down":{"uv":[4.5384617,4.0,3.2307694,5.3076925],"tintindex":0,"rotation":0,"texture":"#1"}}},{"from":[11.873529,6.714119,8.155882],"to":[12.47353,8.7741165,8.655882],"faces":{"east":{"uv":[1.0769231,15.23077,1.1538463,15.538463],"tintindex":0,"rotation":0,"texture":"#1"},"south":{"uv":[15.23077,1.0769231,15.3076935,1.3846154],"tintindex":0,"rotation":0,"texture":"#1"},"north":{"uv":[0.9230769,15.23077,1.0,15.538463],"tintindex":0,"rotation":0,"texture":"#1"},"west":{"uv":[1.2307694,15.23077,1.3076923,15.538463],"tintindex":0,"rotation":0,"texture":"#1"},"up":{"uv":[7.461539,15.3076935,7.3846154,15.23077],"tintindex":0,"rotation":0,"texture":"#1"},"down":{"uv":[15.3076935,7.3846154,15.23077,7.461539],