{"textures":{"1":"modelengine:entity/wolfmob41"},"elements":[{"from":[5.15,3.8999996,7.325],"to":[10.85,8.5,8.225],"faces":{"east":{"uv":[6.3076925,13.692308,6.461539,14.384616],"tintindex":0,"rotation":0,"texture":"#1"},"south":{"uv":[0.6153847,7.5384617,1.4615386,8.230769],"tintindex":0,"rotation":0,"texture":"#1"},"north":{"uv":[7.3846154,7.3846154,8.230769,8.076923],"tintindex":0,"rotation":0,"texture":"#1"},"west":{"uv":[6.461539,13.692308,6.615385,14.384616],"tintindex":0,"rotation":0,"texture":"#1"},"up":{"uv":[14.076923,9.384616,13.23077,9.23077],"tintindex":0,"rotation":0,"texture":"#1"},"down":{"uv":[2.0769231,13.384616,1.2307694,13.538463],"tintindex":0,"rotation":0,"texture":"#1"}}},{"from":[5.15,1.2999992,8.225],"to":[10.85,3.8999996,8.225],"faces":{"south":{"uv":[0.9230769,10.0,1.7692308,10.384616],"tintindex":0,"rotation":0,"texture":"#1"},"north":{"uv":[10.0,0.46153846,10.846155,0.8461539],"tintindex":0,"rotation":0,"texture":"#1"}}}],"display":{"gui":{"rotation":[30,225,0]}}}