{"textures":{"1":"modelengine:entity/wolfmob41"},"elements":[{"from":[5.1,2.0,7.725],"to":[10.9,9.0,8.625],"faces":{"east":{"uv":[8.461539,12.461538,8.615385,13.538463],"tintindex":0,"rotation":0,"texture":"#1"},"south":{"uv":[0.6153847,5.230769,1.5384616,6.3076925],"tintindex":0,"rotation":0,"texture":"#1"},"north":{"uv":[0.6153847,4.1538463,1.5384616,5.230769],"tintindex":0,"rotation":0,"texture":"#1"},"west":{"uv":[10.153846,12.461538,10.307693,13.538463],"tintindex":0,"rotation":0,"texture":"#1"},"up":{"uv":[13.846155,4.3076925,12.923078,4.1538463],"tintindex":0,"rotation":0,"texture":"#1"},"down":{"uv":[13.846155,12.615385,12.923078,12.769231],"tintindex":0,"rotation":0,"texture":"#1"}}},{"from":[10.9,1.2999992,7.625],"to":[11.7,8.299999,8.525],"faces":{"east":{"uv":[7.230769,12.615385,7.3846154,13.692308],"tintindex":0,"rotation":0,"texture":"#1"},"south":{"uv":[7.3846154,12.615385,7.5384617,13.692308],"tintindex":0,"rotation":0,"texture":"#1"},"north":{"uv":[7.0769234,12.615385,7.230769,13.692308],"tintindex":0,"rotation":0,"texture":"#1"},"west":{"uv":[7.5384617,12.615385,7.692308,13.692308],"tintindex":0,"rotation":0,"texture":"#1"},"up":{"uv":[15.23077,14.461538,15.076923,14.3076935],"tintindex":0,"rotation":0,"texture":"#1"},"down":{"uv":[14.615385,15.076923,14.461538,15.23077],"tintindex":0,"rotation":0,"texture":"#1"}}},{"from":[4.3,1.2999992,7.625],"to":[5.1,8.299999,8.525],"faces":{"east":{"uv":[6.461539,12.615385,6.615385,13.692308],"tintindex":0,"rotation":0,"texture":"#1"},"south":{"uv":[6.7692313,12.615385,6.9230776,13.692308],"tintindex":0,"rotation":0,"texture":"#1"},"north":{"uv":[6.3076925,12.615385,6.461539,13.692308],"tintindex":0,"rotation":0,"texture":"#1"},"west":{"uv":[6.9230776,12.615385,7.0769234,13.692308],"tintindex":0,"rotation":0,"texture":"#1"},"up":{"uv":[15.23077,14.3076935,15.076923,14.153847],"tintindex":0,"rotation":0,"texture":"#1"},"down":{"uv":[14.461538,15.076923,14.3076935,15.23077],"tintindex":0,"rotation":0,"texture":"#1"}}}],"display":{"gui":{"rotation":[30,225,0]}}}