{"textures":{"1":"modelengine:entity/wolfmob41"},"elements":[{"from":[6.52,2.4000015,6.6],"to":[9.12,5.6000004,9.5],"faces":{"east":{"uv":[11.538463,11.846155,12.000001,12.307693],"tintindex":0,"rotation":0,"texture":"#1"},"south":{"uv":[12.461538,3.3846157,12.846155,3.846154],"tintindex":0,"rotation":0,"texture":"#1"},"north":{"uv":[2.923077,12.461538,3.3076925,12.923078],"tintindex":0,"rotation":0,"texture":"#1"},"west":{"uv":[12.000001,1.8461539,12.461538,2.3076925],"tintindex":0,"rotation":0,"texture":"#1"},"up":{"uv":[12.846155,4.3076925,12.461538,3.846154],"tintindex":0,"rotation":0,"texture":"#1"},"down":{"uv":[5.3076925,12.461538,4.9230776,12.923078],"tintindex":0,"rotation":0,"texture":"#1"}}},{"from":[6.7200003,2.6000004,6.8],"to":[8.92,9.200001,9.2],"faces":{"east":{"uv":[9.692308,5.5384617,10.076923,6.5384617],"tintindex":0,"rotation":0,"texture":"#1"},"south":{"uv":[2.4615388,10.615385,2.7692308,11.615385],"tintindex":0,"rotation":0,"texture":"#1"},"north":{"uv":[2.1538463,10.615385,2.4615388,11.615385],"tintindex":0,"rotation":0,"texture":"#1"},"west":{"uv":[5.692308,9.692308,6.076923,10.692308],"tintindex":0,"rotation":0,"texture":"#1"},"up":{"uv":[8.769232,13.923078,8.461539,13.538463],"tintindex":0,"rotation":0,"texture":"#1"},"down":{"uv":[9.076923,13.538463,8.769232,13.923078],"tintindex":0,"rotation":0,"texture":"#1"}}}],"display":{"gui":{"rotation":[30,225,0]}}}