{"textures":{"1":"modelengine:entity/wolfmob41"},"elements":[{"from":[8.638476,0.19343376,6.55],"to":[10.138476,3.6934338,8.05],"faces":{"east":{"uv":[9.23077,13.384616,9.461538,13.923078],"tintindex":0,"rotation":0,"texture":"#1"},"south":{"uv":[9.538463,13.384616,9.769231,13.923078],"tintindex":0,"rotation":0,"texture":"#1"},"north":{"uv":[8.0,13.384616,8.230769,13.923078],"tintindex":0,"rotation":0,"texture":"#1"},"west":{"uv":[9.846155,13.384616,10.076923,13.923078],"tintindex":0,"rotation":0,"texture":"#1"},"up":{"uv":[0.6923077,15.153847,0.46153846,14.923078],"tintindex":0,"rotation":0,"texture":"#1"},"down":{"uv":[15.153847,0.7692308,14.923078,1.0],"tintindex":0,"rotation":0,"texture":"#1"}},"rotation":{"origin":[7.5384765,0.14343262,8.45],"angle":-22.5,"axis":"z"}},{"from":[7.1,4.3999996,10.3],"to":[8.9,6.199999,13.2],"faces":{"east":{"uv":[13.23077,8.461539,13.692308,8.769232],"tintindex":0,"rotation":0,"texture":"#1"},"south":{"uv":[13.846155,4.9230776,14.153847,5.230769],"tintindex":0,"rotation":0,"texture":"#1"},"north":{"uv":[13.846155,4.615385,14.153847,4.9230776],"tintindex":0,"rotation":0,"texture":"#1"},"west":{"uv":[8.615385,13.23077,9.076923,13.538463],"tintindex":0,"rotation":0,"texture":"#1"},"up":{"uv":[8.0,13.692308,7.692308,13.23077],"tintindex":0,"rotation":0,"texture":"#1"},"down":{"uv":[13.538463,8.769232,13.23077,9.23077],"tintindex":0,"rotation":0,"texture":"#1"}},"rotation":{"origin":[7.9,3.0999985,13.2],"angle":-22.5,"axis":"x"}},{"from":[9.3,2.0,6.3],"to":[10.8,5.799999,10.1],"faces":{"east":{"uv":[9.692308,8.461539,10.307693,9.076923],"tintindex":0,"rotation":0,"texture":"#1"},"south":{"uv":[10.307693,13.23077,10.538463,13.846155],"tintindex":0,"rotation":0,"texture":"#1"},"north":{"uv":[13.23077,9.692308,13.461538,10.307693],"tintindex":0,"rotation":0,"texture":"#1"},"west":{"uv":[9.692308,9.076923,10.307693,9.692308],"tintindex":0,"rotation":0,"texture":"#1"},"up":{"uv":[13.461538,10.923078,13.23077,10.307693],"tintindex":0,"rotation":0,"texture":"#1"},"down":{"uv":[10.846155,13.23077,10.615385,13.846155],"tintindex":0,"rotation":0,"texture":"#1"}},"rotation":{"origin":[10.1,3.1999989,8.2],"angle":22.5,"axis":"z"}},{"from":[6.2,-0.5,7.2],"to":[8.2,3.1999989,9.2],"faces":{"east":{"uv":[3.5384617,12.769231,3.846154,13.307693],"tintindex":0,"rotation":0,"texture":"#1"},"south":{"uv":[3.846154,12.769231,4.1538463,13.307693],"tintindex":0,"rotation":0,"texture":"#1"},"north":{"uv":[2.3076925,12.769231,2.6153846,13.307693],"tintindex":0,"rotation":0,"texture":"#1"},"west":{"uv":[4.1538463,12.769231,4.461539,13.307693],"tintindex":0,"rotation":0,"texture":"#1"},"up":{"uv":[14.153847,6.615385,13.846155,6.3076925],"tintindex":0,"rotation":0,"texture":"#1"},"down":{"uv":[14.153847,6.615385,13.846155,6.9230776],"tintindex":0,"rotation":0,"texture":"#1"}}},{"from":[6.6,-2.4000015,7.3],"to":[8.2,0.19999886,9.1],"faces":{"east":{"uv":[6.0000005,13.538463,6.3076925,13.923078],"tintindex":0,"rotation":0,"texture":"#1"},"south":{"uv":[11.23077,14.153847,11.461538,14.538463],"tintindex":0,"rotation":0,"texture":"#1"},"north":{"uv":[10.923078,14.153847,11.153846,14.538463],"tintindex":0,"rotation":0,"texture":"#1"},"west":{"uv":[13.538463,6.0000005,13.846155,6.3846154],"tintindex":0,"rotation":0,"texture":"#1"},"up":{"uv":[8.230769,14.615385,8.0,14.3076935],"tintindex":0,"rotation":0,"texture":"#1"},"down":{"uv":[14.538463,8.0,14.3076935,8.307693],"tintindex":0,"rotation":0,"texture":"#1"}},"rotation":{"origin":[7.9,0.14999962,8.8],"angle":22.5,"axis":"z"}},{"from":[6.4,1.2999992,6.2],"to":[9.6,9.199999,10.2],"faces":{"east":{"uv":[1.8461539,6.3076925,2.4615388,7.5384617],"tintindex":0,"rotation":0,"texture":"#1"},"south":{"uv":[7.846154,0.0,8.307693,1.2307694],"tintindex":0,"rotation":0,"texture":"#1"},"north":{"uv":[7.5384617,4.9230776,8.0,6.1538463],"tintindex":0,"rotation":0,"texture":"#1"},"west":{"uv":[2.4615388,6.3076925,3.0769231,7.5384617],"tintindex":0,"rotation":0,"texture":"#1"},"up":{"uv":[11.076923,10.615385,10.615385,10.0],"tintindex":0,"rotation":0,"texture":"#1"},"down":{"uv":[11.076923,10.615385,10.615385,11.23077],"tintindex":0,"rotation":0,"texture":"#1"}}},{"from":[7.1,6.996353,9.270732],"to":[8.9,8.796352,14.170732],"faces":{"east":{"uv":[11.538463,11.538463,12.307693,11.846155],"tintindex":0,"rotation":0,"texture":"#1"},"south":{"uv":[13.846155,6.0000005,14.153847,6.3076925],"tintindex":0,"rotation":0,"texture":"#1"},"north":{"uv":[13.846155,5.230769,14.153847,5.5384617],"tintindex":0,"rotation":0,"texture":"#1"},"west":{"uv":[11.692308,1.5384616,12.461538,1.8461539],"tintindex":0,"rotation":0,"texture":"#1"},"up":{"uv":[0.30769235,12.461538,0.0,11.692308],"tintindex":0,"rotation":0,"texture":"#1"},"down":{"uv":[12.000001,1.8461539,11.692308,2.6153846],"tintindex":0,"rotation":0,"texture":"#1"}},"rotation":{"origin":[8.0,7.496353,11.270732],"angle":-45.0,"axis":"x"}},{"from":[8.1,0.19999886,9.1],"to":[9.6,3.6999989,10.6],"faces":{"east":{"uv":[4.461539,13.384616,4.692308,13.923078],"tintindex":0,"rotation":0,"texture":"#1"},"south":{"uv":[4.7692313,13.384616,5.0,13.923078],"tintindex":0,"rotation":0,"texture":"#1"},"north":{"uv":[4.1538463,13.384616,4.384616,13.923078],"tintindex":0,"rotation":0,"texture":"#1"},"west":{"uv":[5.076923,13.384616,5.3076925,13.923078],"tintindex":0,"rotation":0,"texture":"#1"},"up":{"uv":[15.000001,14.384616,14.769231,14.153847],"tintindex":0,"rotation":0,"texture":"#1"},"down":{"uv":[15.000001,14.461538,14.769231,14.692308],"tintindex":0,"rotation":0,"texture":"#1"}},"rotation":{"origin":[7.0,0.14999962,9.0],"angle":-22.5,"axis":"z"}}],"display":{"gui":{"rotation":[30,225,0]}}}