{"textures":{"2":"modelengine:entity/wolfmob41weapon"},"elements":[{"from":[5.245075,17.174261,6.25],"to":[10.745075,19.124262,9.75],"faces":{"east":{"uv":[8.428572,1.1428572,9.428572,1.7142859],"tintindex":0,"rotation":0,"texture":"#2"},"south":{"uv":[8.285715,7.571429,9.857143,8.142858],"tintindex":0,"rotation":0,"texture":"#2"},"north":{"uv":[7.8571434,4.1428576,9.428572,4.714286],"tintindex":0,"rotation":0,"texture":"#2"},"west":{"uv":[8.285715,8.714286,9.285715,9.285715],"tintindex":0,"rotation":0,"texture":"#2"},"up":{"uv":[9.428572,3.1428573,7.8571434,2.1428573],"tintindex":0,"rotation":0,"texture":"#2"},"down":{"uv":[9.428572,3.1428573,7.8571434,4.1428576],"tintindex":0,"rotation":0,"texture":"#2"}}},{"from":[5.6077085,3.7981687,7.2495003],"to":[7.6087084,5.2991686,8.7505],"faces":{"east":{"uv":[8.571429,10.428572,9.0,10.857143],"tintindex":0,"rotation":0,"texture":"#2"},"south":{"uv":[10.142858,6.714286,10.714286,7.1428576],"tintindex":0,"rotation":0,"texture":"#2"},"north":{"uv":[10.142858,6.2857146,10.714286,6.714286],"tintindex":0,"rotation":0,"texture":"#2"},"west":{"uv":[9.0,10.428572,9.428572,10.857143],"tintindex":0,"rotation":0,"texture":"#2"},"up":{"uv":[10.714286,7.571429,10.142858,7.1428576],"tintindex":0,"rotation":0,"texture":"#2"},"down":{"uv":[10.714286,7.571429,10.142858,8.0],"tintindex":0,"rotation":0,"texture":"#2"}},"rotation":{"origin":[6.608208,4.548669,8.0],"angle":22.5,"axis":"z"}},{"from":[2.2450752,19.174261,4.25],"to":[13.745075,26.674261,11.75],"faces":{"east":{"uv":[3.2857144,6.0000005,5.4285717,8.142858],"tintindex":0,"rotation":0,"texture":"#2"},"south":{"uv":[3.2857144,3.857143,6.571429,6.0000005],"tintindex":0,"rotation":0,"texture":"#2"},"north":{"uv":[0.0,3.857143,3.2857144,6.0000005],"tintindex":0,"rotation":0,"texture":"#2"},"west":{"uv":[5.4285717,6.0000005,7.571429,8.142858],"tintindex":0,"rotation":0,"texture":"#2"},"up":{"uv":[8.428572,2.1428573,5.1428576,0.0],"tintindex":0,"rotation":0,"texture":"#2"},"down":{"uv":[3.2857144,6.0000005,0.0,8.142858],"tintindex":0,"rotation":0,"texture":"#2"}}},{"from":[3.6779313,13.910774,7.1995],"to":[6.678931,15.411774,8.800501],"faces":{"east":{"uv":[10.571429,2.0,11.000001,2.4285715],"tintindex":0,"rotation":0,"texture":"#2"},"south":{"uv":[9.428572,3.4285717,10.285715,3.857143],"tintindex":0,"rotation":0,"texture":"#2"},"north":{"uv":[9.428572,3.0000002,10.285715,3.4285717],"tintindex":0,"rotation":0,"texture":"#2"},"west":{"uv":[10.571429,2.4285715,11.000001,2.857143],"tintindex":0,"rotation":0,"texture":"#2"},"up":{"uv":[10.285715,4.2857146,9.428572,3.857143],"tintindex":0,"rotation":0,"texture":"#2"},"down":{"uv":[10.285715,4.2857146,9.428572,4.714286],"tintindex":0,"rotation":0,"texture":"#2"}},"rotation":{"origin":[4.9284315,14.661274,8.0],"angle":-22.5,"axis":"z"}},{"from":[6.2582083,13.298669,7.2],"to":[9.758208,14.79867,8.8],"faces":{"east":{"uv":[10.571429,1.1428572,11.000001,1.5714287],"tintindex":0,"rotation":0,"texture":"#2"},"south":{"uv":[8.857143,6.714286,9.857143,7.1428576],"tintindex":0,"rotation":0,"texture":"#2"},"north":{"uv":[8.857143,6.2857146,9.857143,6.714286],"tintindex":0,"rotation":0,"texture":"#2"},"west":{"uv":[10.571429,1.5714287,11.000001,2.0],"tintindex":0,"rotation":0,"texture":"#2"},"up":{"uv":[9.857143,7.571429,8.857143,7.1428576],"tintindex":0,"rotation":0,"texture":"#2"},"down":{"uv":[9.285715,9.285715,8.285715,9.714286],"tintindex":0,"rotation":0,"texture":"#2"}}},{"from":[9.337484,13.910774,7.1995],"to":[12.338485,15.411774,8.800501],"faces":{"east":{"uv":[9.428572,10.428572,9.857143,10.857143],"tintindex":0,"rotation":0,"texture":"#2"},"south":{"uv":[9.428572,1.1428572,10.285715,1.5714287],"tintindex":0,"rotation":0,"texture":"#2"},"north":{"uv":[5.714286,9.285715,6.571429,9.714286],"tintindex":0,"rotation":0,"texture":"#2"},"west":{"uv":[9.857143,10.428572,10.285715,10.857143],"tintindex":0,"rotation":0,"texture":"#2"},"up":{"uv":[10.285715,2.5714288,9.428572,2.1428573],"tintindex":0,"rotation":0,"texture":"#2"},"down":{"uv":[10.285715,2.5714288,9.428572,3.0000002],"tintindex":0,"rotation":0,"texture":"#2"}},"rotation":{"origin":[11.087985,14.661274,8.0],"angle":22.5,"axis":"z"}},{"from":[8.305321,3.4154854,7.2495003],"to":[10.306322,4.916486,8.7505],"faces":{"east":{"uv":[10.428572,0.0,10.857143,0.42857146],"tintindex":0,"rotation":0,"texture":"#2"},"south":{"uv":[9.142858,10.0,9.714286,10.428572],"tintindex":0,"rotation":0,"texture":"#2"},"north":{"uv":[8.571429,10.0,9.142858,10.428572],"tintindex":0,"rotation":0,"texture":"#2"},"west":{"uv":[10.428572,0.42857146,10.857143,0.8571429],"tintindex":0,"rotation":0,"texture":"#2"},"up":{"uv":[10.285715,10.428572,9.714286,10.0],"tintindex":0,"rotation":0,"texture":"#2"},"down":{"uv":[10.714286,5.857143,10.142858,6.2857146],"tintindex":0,"rotation":0,"texture":"#2"}},"rotation":{"origin":[10.305821,4.1659856,8.0],"angle":-22.5,"axis":"z"}},{"from":[7.245075,4.174262,7.25],"to":[8.745075,17.124262,8.75],"faces":{"east":{"uv":[2.2857144,8.142858,2.7142859,11.857143],"tintindex":0,"rotation":0,"texture":"#2"},"south":{"uv":[2.7142859,8.142858,3.1428573,11.857143],"tintindex":0,"rotation":0,"texture":"#2"},"north":{"uv":[1.8571429,8.142858,2.2857144,11.857143],"tintindex":0,"rotation":0,"texture":"#2"},"west":{"uv":[3.1428573,8.142858,3.5714288,11.857143],"tintindex":0,"rotation":0,"texture":"#2"},"up":{"uv":[10.714286,10.285715,10.285715,9.857143],"tintindex":0,"rotation":0,"texture":"#2"},"down":{"uv":[10.714286,10.285715,10.285715,10.714286],"tintindex":0,"rotation":0,"texture":"#2"}}},{"from":[5.745075,26.674261,6.25],"to":[10.245075,28.124262,9.75],"faces":{"east":{"uv":[9.285715,8.714286,10.285715,9.142858],"tintindex":0,"rotation":0,"texture":"#2"},"south":{"uv":[8.857143,5.857143,10.142858,6.2857146],"tintindex":0,"rotation":0,"texture":"#2"},"north":{"uv":[8.428572,1.7142859,9.714286,2.1428573],"tintindex":0,"rotation":0,"texture":"#2"},"west":{"uv":[9.285715,9.142858,10.285715,9.571429],"tintindex":0,"rotation":0,"texture":"#2"},"up":{"uv":[6.4285717,3.1428573,5.1428576,2.1428573],"tintindex":0,"rotation":0,"texture":"#2"},"down":{"uv":[4.857143,8.142858,3.5714288,9.142858],"tintindex":0,"rotation":0,"texture":"#2"}}}],"display":{"gui":{"rotation":[30,225,0]}}}