{"textures":{"2":"modelengine:entity/wolfmob41weapon"},"elements":[{"from":[4.72,9.820001,7.41],"to":[5.12,11.02,8.610001],"faces":{"east":{"uv":[11.000001,9.714286,11.285715,10.0],"tintindex":0,"rotation":0,"texture":"#2"},"south":{"uv":[7.4285717,5.4285717,7.571429,5.714286],"tintindex":0,"rotation":0,"texture":"#2"},"north":{"uv":[7.4285717,5.1428576,7.571429,5.4285717],"tintindex":0,"rotation":0,"texture":"#2"},"west":{"uv":[11.000001,10.0,11.285715,10.285715],"tintindex":0,"rotation":0,"texture":"#2"},"up":{"uv":[7.571429,6.0000005,7.4285717,5.714286],"tintindex":0,"rotation":0,"texture":"#2"},"down":{"uv":[7.571429,8.142858,7.4285717,8.428572],"tintindex":0,"rotation":0,"texture":"#2"}},"rotation":{"origin":[4.92,10.42,8.01],"angle":-45.0,"axis":"x"}},{"from":[6.42,9.58,7.41],"to":[8.42,11.58,8.610001],"faces":{"east":{"uv":[10.714286,7.0000005,11.000001,7.571429],"tintindex":0,"rotation":0,"texture":"#2"},"south":{"uv":[5.714286,9.714286,6.2857146,10.285715],"tintindex":0,"rotation":0,"texture":"#2"},"north":{"uv":[9.714286,1.5714287,10.285715,2.1428573],"tintindex":0,"rotation":0,"texture":"#2"},"west":{"uv":[10.714286,9.857143,11.000001,10.428572],"tintindex":0,"rotation":0,"texture":"#2"},"up":{"uv":[11.142858,4.571429,10.571429,4.2857146],"tintindex":0,"rotation":0,"texture":"#2"},"down":{"uv":[11.285715,0.8571429,10.714286,1.1428572],"tintindex":0,"rotation":0,"texture":"#2"}},"rotation":{"origin":[8.02,11.18,8.01],"angle":45.0,"axis":"z"}},{"from":[5.12,9.9800005,7.61],"to":[7.12,10.78,8.41],"faces":{"east":{"uv":[11.000001,6.1428576,11.285715,6.4285717],"tintindex":0,"rotation":0,"texture":"#2"},"south":{"uv":[10.285715,10.714286,10.857143,11.000001],"tintindex":0,"rotation":0,"texture":"#2"},"north":{"uv":[10.714286,7.571429,11.285715,7.8571434],"tintindex":0,"rotation":0,"texture":"#2"},"west":{"uv":[11.000001,6.4285717,11.285715,6.714286],"tintindex":0,"rotation":0,"texture":"#2"},"up":{"uv":[11.285715,10.714286,10.714286,10.428572],"tintindex":0,"rotation":0,"texture":"#2"},"down":{"uv":[11.428572,0.0,10.857143,0.2857143],"tintindex":0,"rotation":0,"texture":"#2"}}},{"from":[10.92,9.820001,7.41],"to":[11.32,11.02,8.610001],"faces":{"east":{"uv":[11.000001,7.2857146,11.285715,7.571429],"tintindex":0,"rotation":0,"texture":"#2"},"south":{"uv":[6.4285717,2.4285715,6.571429,2.7142859],"tintindex":0,"rotation":0,"texture":"#2"},"north":{"uv":[6.4285717,2.1428573,6.571429,2.4285715],"tintindex":0,"rotation":0,"texture":"#2"},"west":{"uv":[11.000001,9.428572,11.285715,9.714286],"tintindex":0,"rotation":0,"texture":"#2"},"up":{"uv":[6.571429,3.0000002,6.4285717,2.7142859],"tintindex":0,"rotation":0,"texture":"#2"},"down":{"uv":[7.571429,4.857143,7.4285717,5.1428576],"tintindex":0,"rotation":0,"texture":"#2"}},"rotation":{"origin":[11.12,10.42,8.01],"angle":-45.0,"axis":"x"}},{"from":[7.2200003,5.58,7.29],"to":[8.82,6.38,8.889999],"faces":{"east":{"uv":[11.000001,1.1428572,11.428572,1.4285715],"tintindex":0,"rotation":0,"texture":"#2"},"south":{"uv":[11.000001,1.4285715,11.428572,1.7142859],"tintindex":0,"rotation":0,"texture":"#2"},"north":{"uv":[10.857143,10.714286,11.285715,11.000001],"tintindex":0,"rotation":0,"texture":"#2"},"west":{"uv":[11.000001,1.7142859,11.428572,2.0],"tintindex":0,"rotation":0,"texture":"#2"},"up":{"uv":[11.000001,3.2857144,10.571429,2.857143],"tintindex":0,"rotation":0,"texture":"#2"},"down":{"uv":[11.000001,3.2857144,10.571429,3.7142859],"tintindex":0,"rotation":0,"texture":"#2"}},"rotation":{"origin":[8.02,5.9800005,8.09],"angle":-45.0,"axis":"y"}},{"from":[8.92,9.9800005,7.61],"to":[10.92,10.78,8.41],"faces":{"east":{"uv":[11.000001,6.714286,11.285715,7.0000005],"tintindex":0,"rotation":0,"texture":"#2"},"south":{"uv":[10.857143,0.5714286,11.428572,0.8571429],"tintindex":0,"rotation":0,"texture":"#2"},"north":{"uv":[10.857143,0.2857143,11.428572,0.5714286],"tintindex":0,"rotation":0,"texture":"#2"},"west":{"uv":[11.000001,7.0000005,11.285715,7.2857146],"tintindex":0,"rotation":0,"texture":"#2"},"up":{"uv":[11.428572,5.857143,10.857143,5.571429],"tintindex":0,"rotation":0,"texture":"#2"},"down":{"uv":[8.857143,10.857143,8.285715,11.142858],"tintindex":0,"rotation":0,"texture":"#2"}}},{"from":[7.2200003,10.78,7.61],"to":[8.82,21.18,8.41],"faces":{"east":{"uv":[6.571429,8.142858,6.8571434,11.142858],"tintindex":0,"rotation":0,"texture":"#2"},"south":{"uv":[5.2857146,8.142858,5.714286,11.142858],"tintindex":0,"rotation":0,"texture":"#2"},"north":{"uv":[4.857143,8.142858,5.2857146,11.142858],"tintindex":0,"rotation":0,"texture":"#2"},"west":{"uv":[6.8571434,8.142858,7.1428576,11.142858],"tintindex":0,"rotation":0,"texture":"#2"},"up":{"uv":[11.428572,2.2857144,11.000001,2.0],"tintindex":0,"rotation":0,"texture":"#2"},"down":{"uv":[11.428572,2.2857144,11.000001,2.5714288],"tintindex":0,"rotation":0,"texture":"#2"}}},{"from":[7.62,6.38,7.61],"to":[8.42,9.58,8.41],"faces":{"east":{"uv":[10.285715,2.0,10.571429,2.857143],"tintindex":0,"rotation":0,"texture":"#2"},"south":{"uv":[10.285715,2.857143,10.571429,3.7142859],"tintindex":0,"rotation":0,"texture":"#2"},"north":{"uv":[10.285715,1.1428572,10.571429,2.0],"tintindex":0,"rotation":0,"texture":"#2"},"west":{"uv":[10.285715,3.7142859,10.571429,4.571429],"tintindex":0,"rotation":0,"texture":"#2"},"up":{"uv":[11.285715,6.1428576,11.000001,5.857143],"tintindex":0,"rotation":0,"texture":"#2"},"down":{"uv":[6.2857146,11.000001,6.0000005,11.285715],"tintindex":0,"rotation":0,"texture":"#2"}}},{"from":[6.7200003,10.78,8.04],"to":[9.32,23.18,8.04],"faces":{"south":{"uv":[0.0,8.142858,0.71428573,11.714286],"tintindex":0,"rotation":0,"texture":"#2"},"north":{"uv":[7.571429,7.571429,8.285715,11.142858],"tintindex":0,"rotation":0,"texture":"#2"}}}],"display":{"gui":{"rotation":[30,225,0]}}}