{"textures":{"1":"modelengine:entity/wolfmob41"},"elements":[{"from":[6.1800003,6.8754044,12.151382],"to":[7.42,14.275405,14.651382],"faces":{"east":{"uv":[0.0,9.538463,0.3846154,10.692308],"tintindex":0,"rotation":0,"texture":"#1"},"south":{"uv":[3.3846157,12.461538,3.5384617,13.615385],"tintindex":0,"rotation":0,"texture":"#1"},"north":{"uv":[6.615385,12.307693,6.7692313,13.461538],"tintindex":0,"rotation":0,"texture":"#1"},"west":{"uv":[9.538463,0.0,9.923078,1.1538463],"tintindex":0,"rotation":0,"texture":"#1"},"up":{"uv":[1.0769231,15.153847,0.9230769,14.769231],"tintindex":0,"rotation":0,"texture":"#1"},"down":{"uv":[1.2307694,14.769231,1.0769231,15.153847],"tintindex":0,"rotation":0,"texture":"#1"}},"rotation":{"origin":[10.32,13.275405,10.831383],"angle":45.0,"axis":"x"}},{"from":[6.38,1.8834815,2.199841],"to":[9.62,4.583482,6.1998415],"faces":{"east":{"uv":[2.1538463,11.692308,2.7692308,12.076923],"tintindex":0,"rotation":0,"texture":"#1"},"south":{"uv":[0.9230769,12.615385,1.3846154,13.000001],"tintindex":0,"rotation":0,"texture":"#1"},"north":{"uv":[0.46153846,12.615385,0.9230769,13.000001],"tintindex":0,"rotation":0,"texture":"#1"},"west":{"uv":[11.692308,2.6153846,12.307693,3.0000002],"tintindex":0,"rotation":0,"texture":"#1"},"up":{"uv":[5.5384617,11.384616,5.076923,10.769231],"tintindex":0,"rotation":0,"texture":"#1"},"down":{"uv":[6.0000005,10.769231,5.5384617,11.384616],"tintindex":0,"rotation":0,"texture":"#1"}}},{"from":[6.58,9.875404,4.8513823],"to":[9.42,10.875404,5.8513823],"faces":{"east":{"uv":[2.3076925,15.23077,2.4615388,15.384616],"tintindex":0,"rotation":0,"texture":"#1"},"south":{"uv":[12.307693,14.3076935,12.769231,14.461538],"tintindex":0,"rotation":0,"texture":"#1"},"north":{"uv":[11.846155,14.3076935,12.307693,14.461538],"tintindex":0,"rotation":0,"texture":"#1"},"west":{"uv":[15.23077,2.3076925,15.384616,2.4615388],"tintindex":0,"rotation":0,"texture":"#1"},"up":{"uv":[13.846155,14.461538,13.384616,14.3076935],"tintindex":0,"rotation":0,"texture":"#1"},"down":{"uv":[14.769231,14.153847,14.3076935,14.3076935],"tintindex":0,"rotation":0,"texture":"#1"}},"rotation":{"origin":[8.0,7.2254047,5.0513825],"angle":22.5,"axis":"x"}},{"from":[6.381,0.75629956,1.678063],"to":[9.6189995,3.2542996,2.676063],"faces":{"east":{"uv":[0.7692308,14.769231,0.9230769,15.153847],"tintindex":0,"rotation":0,"texture":"#1"},"south":{"uv":[1.8461539,12.615385,2.3076925,13.000001],"tintindex":0,"rotation":0,"texture":"#1"},"north":{"uv":[1.3846154,12.615385,1.8461539,13.000001],"tintindex":0,"rotation":0,"texture":"#1"},"west":{"uv":[14.769231,0.7692308,14.923078,1.1538463],"tintindex":0,"rotation":0,"texture":"#1"},"up":{"uv":[14.769231,14.461538,14.3076935,14.3076935],"tintindex":0,"rotation":0,"texture":"#1"},"down":{"uv":[3.0769231,14.461538,2.6153846,14.615385],"tintindex":0,"rotation":0,"texture":"#1"}},"rotation":{"origin":[8.0,2.6052995,5.2770634],"angle":22.5,"axis":"x"}},{"from":[6.48,3.2834816,5.7998414],"to":[9.52,7.583482,7.7998414],"faces":{"east":{"uv":[3.5384617,12.000001,3.846154,12.692308],"tintindex":0,"rotation":0,"texture":"#1"},"south":{"uv":[10.153846,5.230769,10.615385,5.9230776],"tintindex":0,"rotation":0,"texture":"#1"},"north":{"uv":[10.153846,1.6923078,10.615385,2.3846157],"tintindex":0,"rotation":0,"texture":"#1"},"west":{"uv":[12.000001,8.615385,12.307693,9.307693],"tintindex":0,"rotation":0,"texture":"#1"},"up":{"uv":[13.692308,11.538463,13.23077,11.23077],"tintindex":0,"rotation":0,"texture":"#1"},"down":{"uv":[11.846155,13.23077,11.384616,13.538463],"tintindex":0,"rotation":0,"texture":"#1"}}},{"from":[6.58,3.8754044,4.8513823],"to":[9.42,9.875404,7.0513825],"faces":{"east":{"uv":[3.0769231,10.769231,3.3846157,11.692308],"tintindex":0,"rotation":0,"texture":"#1"},"south":{"uv":[9.692308,2.1538463,10.153846,3.0769231],"tintindex":0,"rotation":0,"texture":"#1"},"north":{"uv":[8.769232,9.538463,9.23077,10.461538],"tintindex":0,"rotation":0,"texture":"#1"},"west":{"uv":[3.3846157,10.769231,3.6923077,11.692308],"tintindex":0,"rotation":0,"texture":"#1"},"up":{"uv":[12.307693,13.538463,11.846155,13.23077],"tintindex":0,"rotation":0,"texture":"#1"},"down":{"uv":[12.769231,13.23077,12.307693,13.538463],"tintindex":0,"rotation":0,"texture":"#1"}},"rotation":{"origin":[8.0,7.2254047,5.0513825],"angle":22.5,"axis":"x"}},{"from":[6.38,1.8754044,7.4513826],"to":[9.62,9.275405,10.251383],"faces":{"east":{"uv":[0.0,8.307693,0.46153846,9.461538],"tintindex":0,"rotation":0,"texture":"#1"},"south":{"uv":[8.307693,0.0,8.769232,1.1538463],"tintindex":0,"rotation":0,"texture":"#1"},"north":{"uv":[7.846154,8.153847,8.307693,9.307693],"tintindex":0,"rotation":0,"texture":"#1"},"west":{"uv":[0.46153846,8.307693,0.9230769,9.461538],"tintindex":0,"rotation":0,"texture":"#1"},"up":{"uv":[9.846155,12.461538,9.384616,12.000001],"tintindex":0,"rotation":0,"texture":"#1"},"down":{"uv":[10.307693,12.000001,9.846155,12.461538],"tintindex":0,"rotation":0,"texture":"#1"}}}],"display":{"gui":{"rotation":[30,225,0]}}}