{"textures":{"1":"modelengine:entity/wolfmob41"},"elements":[{"from":[6.7799997,0.59032345,6.531106],"to":[9.22,8.090323,9.031106],"faces":{"east":{"uv":[7.3846154,9.384616,7.7692313,10.538463],"tintindex":0,"rotation":0,"texture":"#1"},"south":{"uv":[7.846154,9.384616,8.230769,10.538463],"tintindex":0,"rotation":0,"texture":"#1"},"north":{"uv":[9.384616,4.3076925,9.769231,5.461539],"tintindex":0,"rotation":0,"texture":"#1"},"west":{"uv":[9.23077,9.384616,9.615385,10.538463],"tintindex":0,"rotation":0,"texture":"#1"},"up":{"uv":[11.153846,13.153846,10.769231,12.769231],"tintindex":0,"rotation":0,"texture":"#1"},"down":{"uv":[13.153846,11.076923,12.769231,11.461538],"tintindex":0,"rotation":0,"texture":"#1"}}}],"display":{"gui":{"rotation":[30,225,0]}}}