{"textures":{"1":"modelengine:entity/wolfmob41"},"elements":[{"from":[6.379,6.107164,7.4638343],"to":[9.621,9.409163,10.505835],"faces":{"east":{"uv":[11.384616,7.0769234,11.846155,7.615385],"tintindex":0,"rotation":0,"texture":"#1"},"south":{"uv":[9.384616,11.384616,9.846155,11.923078],"tintindex":0,"rotation":0,"texture":"#1"},"north":{"uv":[11.384616,6.461539,11.846155,7.0000005],"tintindex":0,"rotation":0,"texture":"#1"},"west":{"uv":[9.846155,11.384616,10.307693,11.923078],"tintindex":0,"rotation":0,"texture":"#1"},"up":{"uv":[5.846154,12.461538,5.3846154,12.000001],"tintindex":0,"rotation":0,"texture":"#1"},"down":{"uv":[8.615385,12.000001,8.153847,12.461538],"tintindex":0,"rotation":0,"texture":"#1"}},"rotation":{"origin":[10.32,7.608164,6.484834],"angle":-22.5,"axis":"x"}},{"from":[6.479,10.308068,6.551191],"to":[9.521001,12.910069,9.093191],"faces":{"east":{"uv":[10.307693,12.769231,10.692308,13.153846],"tintindex":0,"rotation":0,"texture":"#1"},"south":{"uv":[9.692308,12.461538,10.153846,12.846155],"tintindex":0,"rotation":0,"texture":"#1"},"north":{"uv":[9.23077,12.461538,9.692308,12.846155],"tintindex":0,"rotation":0,"texture":"#1"},"west":{"uv":[12.769231,10.615385,13.153846,11.000001],"tintindex":0,"rotation":0,"texture":"#1"},"up":{"uv":[12.923078,12.692308,12.461538,12.307693],"tintindex":0,"rotation":0,"texture":"#1"},"down":{"uv":[0.46153846,12.615385,0.0,13.000001],"tintindex":0,"rotation":0,"texture":"#1"}},"rotation":{"origin":[8.0,10.85907,3.772191],"angle":22.5,"axis":"x"}},{"from":[6.48,0.5839062,5.6262746],"to":[9.52,9.683907,8.666275],"faces":{"east":{"uv":[7.3846154,0.0,7.846154,1.3846154],"tintindex":0,"rotation":0,"texture":"#1"},"south":{"uv":[7.3846154,1.3846154,7.846154,2.7692308],"tintindex":0,"rotation":0,"texture":"#1"},"north":{"uv":[5.5384617,7.230769,6.0000005,8.615385],"tintindex":0,"rotation":0,"texture":"#1"},"west":{"uv":[3.0769231,7.3846154,3.5384617,8.769232],"tintindex":0,"rotation":0,"texture":"#1"},"up":{"uv":[3.5384617,12.461538,3.0769231,12.000001],"tintindex":0,"rotation":0,"texture":"#1"},"down":{"uv":[5.3846154,12.000001,4.9230776,12.461538],"tintindex":0,"rotation":0,"texture":"#1"}}},{"from":[6.58,2.783907,7.1262746],"to":[9.42,8.883907,9.166275],"faces":{"east":{"uv":[8.0,10.615385,8.307693,11.538463],"tintindex":0,"rotation":0,"texture":"#1"},"south":{"uv":[8.307693,9.538463,8.769232,10.461538],"tintindex":0,"rotation":0,"texture":"#1"},"north":{"uv":[6.3076925,9.538463,6.7692313,10.461538],"tintindex":0,"rotation":0,"texture":"#1"},"west":{"uv":[0.0,10.769231,0.30769235,11.692308],"tintindex":0,"rotation":0,"texture":"#1"},"up":{"uv":[11.384616,13.538463,10.923078,13.23077],"tintindex":0,"rotation":0,"texture":"#1"},"down":{"uv":[13.692308,10.923078,13.23077,11.23077],"tintindex":0,"rotation":0,"texture":"#1"}},"rotation":{"origin":[10.32,4.283907,7.1462746],"angle":22.5,"axis":"x"}}],"display":{"gui":{"rotation":[30,225,0]}}}