{"textures":{"1":"modelengine:entity/wolfmob41"},"elements":[{"from":[6.88,2.4000015,6.6],"to":[9.48,5.6000004,9.5],"faces":{"east":{"uv":[10.615385,11.846155,11.076923,12.307693],"tintindex":0,"rotation":0,"texture":"#1"},"south":{"uv":[11.538463,12.307693,11.923078,12.769231],"tintindex":0,"rotation":0,"texture":"#1"},"north":{"uv":[11.076923,12.307693,11.461538,12.769231],"tintindex":0,"rotation":0,"texture":"#1"},"west":{"uv":[11.076923,11.846155,11.538463,12.307693],"tintindex":0,"rotation":0,"texture":"#1"},"up":{"uv":[12.384616,12.769231,12.000001,12.307693],"tintindex":0,"rotation":0,"texture":"#1"},"down":{"uv":[12.846155,1.5384616,12.461538,2.0],"tintindex":0,"rotation":0,"texture":"#1"}}},{"from":[7.08,2.6000004,6.8],"to":[9.28,9.200001,9.2],"faces":{"east":{"uv":[3.0769231,9.692308,3.4615388,10.692308],"tintindex":0,"rotation":0,"texture":"#1"},"south":{"uv":[1.8461539,9.846155,2.1538463,10.846155],"tintindex":0,"rotation":0,"texture":"#1"},"north":{"uv":[1.5384616,4.1538463,1.8461539,5.1538463],"tintindex":0,"rotation":0,"texture":"#1"},"west":{"uv":[3.5384617,9.692308,3.923077,10.692308],"tintindex":0,"rotation":0,"texture":"#1"},"up":{"uv":[13.846155,5.1538463,13.538463,4.7692313],"tintindex":0,"rotation":0,"texture":"#1"},"down":{"uv":[13.846155,5.230769,13.538463,5.615385],"tintindex":0,"rotation":0,"texture":"#1"}}}],"display":{"gui":{"rotation":[30,225,0]}}}