{"textures":{"1":"modelengine:entity/wolfmob41"},"elements":[{"from":[5.8615236,0.19343376,6.55],"to":[7.3615236,3.6934338,8.05],"faces":{"east":{"uv":[13.384616,6.615385,13.615385,7.1538467],"tintindex":0,"rotation":0,"texture":"#1"},"south":{"uv":[13.384616,7.230769,13.615385,7.7692313],"tintindex":0,"rotation":0,"texture":"#1"},"north":{"uv":[5.3846154,13.384616,5.615385,13.923078],"tintindex":0,"rotation":0,"texture":"#1"},"west":{"uv":[13.384616,7.846154,13.615385,8.384616],"tintindex":0,"rotation":0,"texture":"#1"},"up":{"uv":[15.000001,15.000001,14.769231,14.769231],"tintindex":0,"rotation":0,"texture":"#1"},"down":{"uv":[15.153847,0.15384617,14.923078,0.3846154],"tintindex":0,"rotation":0,"texture":"#1"}},"rotation":{"origin":[8.461523,0.14343262,8.45],"angle":22.5,"axis":"z"}},{"from":[7.1000004,6.996353,9.270732],"to":[8.9,8.796352,14.170732],"faces":{"east":{"uv":[6.7692313,4.9230776,7.5384617,5.230769],"tintindex":0,"rotation":0,"texture":"#1"},"south":{"uv":[12.461538,0.0,12.769231,0.30769235],"tintindex":0,"rotation":0,"texture":"#1"},"north":{"uv":[9.846155,5.230769,10.153846,5.5384617],"tintindex":0,"rotation":0,"texture":"#1"},"west":{"uv":[11.538463,3.0769231,12.307693,3.3846157],"tintindex":0,"rotation":0,"texture":"#1"},"up":{"uv":[10.615385,12.153846,10.307693,11.384616],"tintindex":0,"rotation":0,"texture":"#1"},"down":{"uv":[3.0769231,11.538463,2.7692308,12.307693],"tintindex":0,"rotation":0,"texture":"#1"}},"rotation":{"origin":[8.0,7.496353,11.270732],"angle":-45.0,"axis":"x"}},{"from":[6.4,1.2999992,6.2],"to":[9.6,9.199999,10.2],"faces":{"east":{"uv":[0.6153847,6.3076925,1.2307694,7.5384617],"tintindex":0,"rotation":0,"texture":"#1"},"south":{"uv":[3.5384617,7.3846154,4.0,8.615385],"tintindex":0,"rotation":0,"texture":"#1"},"north":{"uv":[6.9230776,0.0,7.3846154,1.2307694],"tintindex":0,"rotation":0,"texture":"#1"},"west":{"uv":[1.2307694,6.3076925,1.8461539,7.5384617],"tintindex":0,"rotation":0,"texture":"#1"},"up":{"uv":[11.076923,3.0769231,10.615385,2.4615388],"tintindex":0,"rotation":0,"texture":"#1"},"down":{"uv":[9.692308,10.615385,9.23077,11.23077],"tintindex":0,"rotation":0,"texture":"#1"}}},{"from":[7.1000004,4.3999996,10.3],"to":[8.9,6.199999,13.2],"faces":{"east":{"uv":[13.076923,6.0000005,13.538463,6.3076925],"tintindex":0,"rotation":0,"texture":"#1"},"south":{"uv":[4.1538463,9.23077,4.461539,9.538463],"tintindex":0,"rotation":0,"texture":"#1"},"north":{"uv":[2.1538463,9.076923,2.4615388,9.384616],"tintindex":0,"rotation":0,"texture":"#1"},"west":{"uv":[13.076923,6.3076925,13.538463,6.615385],"tintindex":0,"rotation":0,"texture":"#1"},"up":{"uv":[8.615385,9.538463,8.307693,9.076923],"tintindex":0,"rotation":0,"texture":"#1"},"down":{"uv":[2.923077,13.076923,2.6153846,13.538463],"tintindex":0,"rotation":0,"texture":"#1"}},"rotation":{"origin":[8.1,3.0999985,13.2],"angle":-22.5,"axis":"x"}},{"from":[7.8,-2.4000015,7.3],"to":[9.4,0.19999886,9.1],"faces":{"east":{"uv":[2.6153846,13.538463,2.923077,13.923078],"tintindex":0,"rotation":0,"texture":"#1"},"south":{"uv":[10.615385,14.153847,10.846155,14.538463],"tintindex":0,"rotation":0,"texture":"#1"},"north":{"uv":[10.307693,14.153847,10.538463,14.538463],"tintindex":0,"rotation":0,"texture":"#1"},"west":{"uv":[13.538463,4.3076925,13.846155,4.692308],"tintindex":0,"rotation":0,"texture":"#1"},"up":{"uv":[14.538463,6.615385,14.3076935,6.3076925],"tintindex":0,"rotation":0,"texture":"#1"},"down":{"uv":[14.538463,7.692308,14.3076935,8.0],"tintindex":0,"rotation":0,"texture":"#1"}},"rotation":{"origin":[8.1,0.14999962,8.8],"angle":-22.5,"axis":"z"}},{"from":[5.2,2.0,6.3],"to":[6.7,5.799999,10.1],"faces":{"east":{"uv":[9.692308,7.230769,10.307693,7.846154],"tintindex":0,"rotation":0,"texture":"#1"},"south":{"uv":[13.076923,7.230769,13.307693,7.846154],"tintindex":0,"rotation":0,"texture":"#1"},"north":{"uv":[13.076923,6.615385,13.307693,7.230769],"tintindex":0,"rotation":0,"texture":"#1"},"west":{"uv":[9.692308,7.846154,10.307693,8.461539],"tintindex":0,"rotation":0,"texture":"#1"},"up":{"uv":[13.307693,8.461539,13.076923,7.846154],"tintindex":0,"rotation":0,"texture":"#1"},"down":{"uv":[13.307693,12.769231,13.076923,13.384616],"tintindex":0,"rotation":0,"texture":"#1"}},"rotation":{"origin":[5.9,3.1999989,8.2],"angle":-22.5,"axis":"z"}},{"from":[7.8,-0.5,7.2],"to":[9.8,3.1999989,9.2],"faces":{"east":{"uv":[12.615385,11.692308,12.923078,12.23077],"tintindex":0,"rotation":0,"texture":"#1"},"south":{"uv":[12.769231,0.0,13.076923,0.53846157],"tintindex":0,"rotation":0,"texture":"#1"},"north":{"uv":[8.923078,12.615385,9.23077,13.153846],"tintindex":0,"rotation":0,"texture":"#1"},"west":{"uv":[12.769231,0.6153847,13.076923,1.1538463],"tintindex":0,"rotation":0,"texture":"#1"},"up":{"uv":[14.153847,4.3076925,13.846155,4.0],"tintindex":0,"rotation":0,"texture":"#1"},"down":{"uv":[14.153847,4.3076925,13.846155,4.615385],"tintindex":0,"rotation":0,"texture":"#1"}}},{"from":[6.4,0.19999886,9.1],"to":[7.9,3.6999989,10.6],"faces":{"east":{"uv":[13.384616,3.0769231,13.615385,3.6153846],"tintindex":0,"rotation":0,"texture":"#1"},"south":{"uv":[3.5384617,13.384616,3.7692308,13.923078],"tintindex":0,"rotation":0,"texture":"#1"},"north":{"uv":[2.923077,13.384616,3.1538463,13.923078],"tintindex":0,"rotation":0,"texture":"#1"},"west":{"uv":[3.846154,13.384616,4.0769234,13.923078],"tintindex":0,"rotation":0,"texture":"#1"},"up":{"uv":[13.461538,15.000001,13.23077,14.769231],"tintindex":0,"rotation":0,"texture":"#1"},"down":{"uv":[15.000001,13.538463,14.769231,13.769231],"tintindex":0,"rotation":0,"texture":"#1"}},"rotation":{"origin":[9.0,0.14999962,9.0],"angle":22.5,"axis":"z"}}],"display":{"gui":{"rotation":[30,225,0]}}}