{"textures":{"1":"modelengine:entity/wolfmob41"},"elements":[{"from":[6.381,0.75629956,1.678063],"to":[9.6189995,3.2542996,2.676063],"faces":{"east":{"uv":[14.769231,0.15384617,14.923078,0.53846157],"tintindex":0,"rotation":0,"texture":"#1"},"south":{"uv":[8.0,12.461538,8.461539,12.846155],"tintindex":0,"rotation":0,"texture":"#1"},"north":{"uv":[5.3846154,12.461538,5.846154,12.846155],"tintindex":0,"rotation":0,"texture":"#1"},"west":{"uv":[0.30769235,14.769231,0.46153846,15.153847],"tintindex":0,"rotation":0,"texture":"#1"},"up":{"uv":[14.769231,8.461539,14.3076935,8.307693],"tintindex":0,"rotation":0,"texture":"#1"},"down":{"uv":[10.307693,14.3076935,9.846155,14.461538],"tintindex":0,"rotation":0,"texture":"#1"}},"rotation":{"origin":[8.0,2.6052995,5.2770634],"angle":22.5,"axis":"x"}},{"from":[6.58,3.8754044,4.8513823],"to":[9.42,9.875404,7.0513825],"faces":{"east":{"uv":[2.7692308,10.615385,3.0769231,11.538463],"tintindex":0,"rotation":0,"texture":"#1"},"south":{"uv":[9.538463,1.2307694,10.0,2.1538463],"tintindex":0,"rotation":0,"texture":"#1"},"north":{"uv":[0.46153846,9.538463,0.9230769,10.461538],"tintindex":0,"rotation":0,"texture":"#1"},"west":{"uv":[10.615385,4.9230776,10.923078,5.846154],"tintindex":0,"rotation":0,"texture":"#1"},"up":{"uv":[2.3076925,13.384616,1.8461539,13.076923],"tintindex":0,"rotation":0,"texture":"#1"},"down":{"uv":[13.538463,4.3076925,13.076923,4.615385],"tintindex":0,"rotation":0,"texture":"#1"}},"rotation":{"origin":[8.0,7.2254047,5.0513825],"angle":22.5,"axis":"x"}},{"from":[6.38,1.8754044,7.4513826],"to":[9.62,9.275405,10.251383],"faces":{"east":{"uv":[6.9230776,8.0,7.3846154,9.153846],"tintindex":0,"rotation":0,"texture":"#1"},"south":{"uv":[8.153847,6.1538463,8.615385,7.3076925],"tintindex":0,"rotation":0,"texture":"#1"},"north":{"uv":[8.0,4.9230776,8.461539,6.076923],"tintindex":0,"rotation":0,"texture":"#1"},"west":{"uv":[7.3846154,8.153847,7.846154,9.307693],"tintindex":0,"rotation":0,"texture":"#1"},"up":{"uv":[4.9230776,12.307693,4.461539,11.846155],"tintindex":0,"rotation":0,"texture":"#1"},"down":{"uv":[12.307693,4.615385,11.846155,5.076923],"tintindex":0,"rotation":0,"texture":"#1"}}},{"from":[6.48,3.2834816,5.7998414],"to":[9.52,7.583482,7.7998414],"faces":{"east":{"uv":[11.846155,6.0000005,12.153846,6.692308],"tintindex":0,"rotation":0,"texture":"#1"},"south":{"uv":[9.692308,10.0,10.153846,10.692308],"tintindex":0,"rotation":0,"texture":"#1"},"north":{"uv":[10.0,0.9230769,10.461538,1.6153847],"tintindex":0,"rotation":0,"texture":"#1"},"west":{"uv":[6.3076925,11.846155,6.615385,12.538463],"tintindex":0,"rotation":0,"texture":"#1"},"up":{"uv":[13.538463,4.9230776,13.076923,4.615385],"tintindex":0,"rotation":0,"texture":"#1"},"down":{"uv":[13.538463,4.9230776,13.076923,5.230769],"tintindex":0,"rotation":0,"texture":"#1"}}},{"from":[6.38,1.8834815,2.199841],"to":[9.62,4.583482,6.1998415],"faces":{"east":{"uv":[11.538463,10.615385,12.153846,11.000001],"tintindex":0,"rotation":0,"texture":"#1"},"south":{"uv":[12.307693,6.7692313,12.769231,7.1538467],"tintindex":0,"rotation":0,"texture":"#1"},"north":{"uv":[12.307693,4.615385,12.769231,5.0],"tintindex":0,"rotation":0,"texture":"#1"},"west":{"uv":[11.538463,11.076923,12.153846,11.461538],"tintindex":0,"rotation":0,"texture":"#1"},"up":{"uv":[10.615385,3.0769231,10.153846,2.4615388],"tintindex":0,"rotation":0,"texture":"#1"},"down":{"uv":[10.769231,9.076923,10.307693,9.692308],"tintindex":0,"rotation":0,"texture":"#1"}}},{"from":[8.58,6.8754044,12.151382],"to":[9.82,14.275405,14.651382],"faces":{"east":{"uv":[2.1538463,9.384616,2.5384614,10.538463],"tintindex":0,"rotation":0,"texture":"#1"},"south":{"uv":[5.846154,12.000001,6.0000005,13.153846],"tintindex":0,"rotation":0,"texture":"#1"},"north":{"uv":[4.0,7.3846154,4.1538463,8.538462],"tintindex":0,"rotation":0,"texture":"#1"},"west":{"uv":[2.6153846,9.384616,3.0000002,10.538463],"tintindex":0,"rotation":0,"texture":"#1"},"up":{"uv":[0.15384617,15.153847,0.0,14.769231],"tintindex":0,"rotation":0,"texture":"#1"},"down":{"uv":[0.30769235,14.769231,0.15384617,15.153847],"tintindex":0,"rotation":0,"texture":"#1"}},"rotation":{"origin":[5.6800003,13.275405,10.831383],"angle":45.0,"axis":"x"}},{"from":[6.58,9.875404,4.8513823],"to":[9.42,10.875404,5.8513823],"faces":{"east":{"uv":[15.23077,0.46153846,15.384616,0.6153847],"tintindex":0,"rotation":0,"texture":"#1"},"south":{"uv":[14.3076935,11.076923,14.769231,11.23077],"tintindex":0,"rotation":0,"texture":"#1"},"north":{"uv":[14.3076935,10.923078,14.769231,11.076923],"tintindex":0,"rotation":0,"texture":"#1"},"west":{"uv":[2.1538463,15.23077,2.3076925,15.384616],"tintindex":0,"rotation":0,"texture":"#1"},"up":{"uv":[14.769231,11.384616,14.3076935,11.23077],"tintindex":0,"rotation":0,"texture":"#1"},"down":{"uv":[14.769231,11.384616,14.3076935,11.538463],"tintindex":0,"rotation":0,"texture":"#1"}},"rotation":{"origin":[8.0,7.2254047,5.0513825],"angle":22.5,"axis":"x"}}],"display":{"gui":{"rotation":[30,225,0]}}}