{"textures":{"1":"modelengine:entity/wolfmob41"},"elements":[{"from":[6.7799997,0.59032345,6.531106],"to":[9.22,8.090323,9.031106],"faces":{"east":{"uv":[6.9230776,9.23077,7.3076925,10.384616],"tintindex":0,"rotation":0,"texture":"#1"},"south":{"uv":[9.23077,6.9230776,9.615385,8.076923],"tintindex":0,"rotation":0,"texture":"#1"},"north":{"uv":[9.23077,5.692308,9.615385,6.846154],"tintindex":0,"rotation":0,"texture":"#1"},"west":{"uv":[9.23077,8.153847,9.615385,9.307693],"tintindex":0,"rotation":0,"texture":"#1"},"up":{"uv":[13.153846,8.846154,12.769231,8.461539],"tintindex":0,"rotation":0,"texture":"#1"},"down":{"uv":[13.153846,8.923078,12.769231,9.307693],"tintindex":0,"rotation":0,"texture":"#1"}}}],"display":{"gui":{"rotation":[30,225,0]}}}