{"textures":{"1":"modelengine:entity/wolfmob41"},"elements":[{"from":[6.379,6.107164,7.4638343],"to":[9.621,9.409163,10.505835],"faces":{"east":{"uv":[5.076923,11.384616,5.5384617,11.923078],"tintindex":0,"rotation":0,"texture":"#1"},"south":{"uv":[5.5384617,11.384616,6.0000005,11.923078],"tintindex":0,"rotation":0,"texture":"#1"},"north":{"uv":[11.384616,4.7692313,11.846155,5.3076925],"tintindex":0,"rotation":0,"texture":"#1"},"west":{"uv":[11.384616,5.846154,11.846155,6.3846154],"tintindex":0,"rotation":0,"texture":"#1"},"up":{"uv":[12.307693,7.230769,11.846155,6.7692313],"tintindex":0,"rotation":0,"texture":"#1"},"down":{"uv":[12.307693,7.230769,11.846155,7.692308],"tintindex":0,"rotation":0,"texture":"#1"}},"rotation":{"origin":[5.6800003,7.608164,6.484834],"angle":-22.5,"axis":"x"}},{"from":[6.58,2.783907,7.1262746],"to":[9.42,8.883907,9.166275],"faces":{"east":{"uv":[7.3846154,10.615385,7.692308,11.538463],"tintindex":0,"rotation":0,"texture":"#1"},"south":{"uv":[4.615385,9.538463,5.076923,10.461538],"tintindex":0,"rotation":0,"texture":"#1"},"north":{"uv":[4.1538463,9.538463,4.615385,10.461538],"tintindex":0,"rotation":0,"texture":"#1"},"west":{"uv":[7.692308,10.615385,8.0,11.538463],"tintindex":0,"rotation":0,"texture":"#1"},"up":{"uv":[13.538463,5.5384617,13.076923,5.230769],"tintindex":0,"rotation":0,"texture":"#1"},"down":{"uv":[13.538463,5.5384617,13.076923,5.846154],"tintindex":0,"rotation":0,"texture":"#1"}},"rotation":{"origin":[5.6800003,4.283907,7.1462746],"angle":22.5,"axis":"x"}},{"from":[6.38,2.5839062,5.5262747],"to":[9.62,3.6839066,8.966274],"faces":{"east":{"uv":[14.3076935,4.615385,14.846155,4.7692313],"tintindex":0,"rotation":0,"texture":"#1"},"south":{"uv":[11.384616,14.615385,11.846155,14.769231],"tintindex":0,"rotation":0,"texture":"#1"},"north":{"uv":[10.923078,14.615385,11.384616,14.769231],"tintindex":0,"rotation":0,"texture":"#1"},"west":{"uv":[14.3076935,4.7692313,14.846155,4.9230776],"tintindex":0,"rotation":0,"texture":"#1"},"up":{"uv":[7.692308,12.076923,7.230769,11.538463],"tintindex":0,"rotation":0,"texture":"#1"},"down":{"uv":[8.153847,11.538463,7.692308,12.076923],"tintindex":0,"rotation":0,"texture":"#1"}}},{"from":[6.48,0.5839062,5.6262746],"to":[9.52,9.683907,8.666275],"faces":{"east":{"uv":[4.1538463,7.230769,4.615385,8.615385],"tintindex":0,"rotation":0,"texture":"#1"},"south":{"uv":[4.615385,7.230769,5.076923,8.615385],"tintindex":0,"rotation":0,"texture":"#1"},"north":{"uv":[6.9230776,6.615385,7.3846154,8.0],"tintindex":0,"rotation":0,"texture":"#1"},"west":{"uv":[5.076923,7.230769,5.5384617,8.615385],"tintindex":0,"rotation":0,"texture":"#1"},"up":{"uv":[3.5384617,9.23077,3.0769231,8.769232],"tintindex":0,"rotation":0,"texture":"#1"},"down":{"uv":[12.307693,1.0769231,11.846155,1.5384616],"tintindex":0,"rotation":0,"texture":"#1"}}},{"from":[6.479,10.308068,6.551191],"to":[9.521001,12.910069,9.093191],"faces":{"east":{"uv":[12.769231,9.692308,13.153846,10.076923],"tintindex":0,"rotation":0,"texture":"#1"},"south":{"uv":[12.307693,8.615385,12.769231,9.0],"tintindex":0,"rotation":0,"texture":"#1"},"north":{"uv":[12.307693,7.230769,12.769231,7.615385],"tintindex":0,"rotation":0,"texture":"#1"},"west":{"uv":[12.769231,10.153846,13.153846,10.538463],"tintindex":0,"rotation":0,"texture":"#1"},"up":{"uv":[12.769231,9.461538,12.307693,9.076923],"tintindex":0,"rotation":0,"texture":"#1"},"down":{"uv":[11.076923,12.307693,10.615385,12.692308],"tintindex":0,"rotation":0,"texture":"#1"}},"rotation":{"origin":[8.0,10.85907,3.772191],"angle":22.5,"axis":"x"}}],"display":{"gui":{"rotation":[30,225,0]}}}