{"textures":{"1":"modelengine:entity/wolfmob41"},"elements":[{"from":[15.888438,7.0,15.346165],"to":[17.488438,9.1,16.346165],"faces":{"east":{"uv":[15.076923,2.4615388,15.23077,2.7692308],"tintindex":0,"rotation":0,"texture":"#1"},"south":{"uv":[14.615385,10.307693,14.846155,10.615385],"tintindex":0,"rotation":0,"texture":"#1"},"north":{"uv":[10.307693,14.615385,10.538463,14.923078],"tintindex":0,"rotation":0,"texture":"#1"},"west":{"uv":[2.6153846,15.076923,2.7692308,15.384616],"tintindex":0,"rotation":0,"texture":"#1"},"up":{"uv":[15.3076935,11.846155,15.076923,11.692308],"tintindex":0,"rotation":0,"texture":"#1"},"down":{"uv":[12.23077,15.076923,12.000001,15.23077],"tintindex":0,"rotation":0,"texture":"#1"}},"rotation":{"origin":[12.388438,10.0,6.646164],"angle":-45.0,"axis":"y"}},{"from":[-1.4884377,7.0,12.346165],"to":[0.111561775,9.1,13.346165],"faces":{"east":{"uv":[15.076923,2.0,15.23077,2.3076925],"tintindex":0,"rotation":0,"texture":"#1"},"south":{"uv":[14.615385,10.0,14.846155,10.307693],"tintindex":0,"rotation":0,"texture":"#1"},"north":{"uv":[14.615385,9.692308,14.846155,10.0],"tintindex":0,"rotation":0,"texture":"#1"},"west":{"uv":[2.4615388,15.076923,2.6153846,15.384616],"tintindex":0,"rotation":0,"texture":"#1"},"up":{"uv":[15.3076935,10.923078,15.076923,10.769231],"tintindex":0,"rotation":0,"texture":"#1"},"down":{"uv":[11.923078,15.076923,11.692308,15.23077],"tintindex":0,"rotation":0,"texture":"#1"}},"rotation":{"origin":[3.6115618,10.0,3.646164],"angle":45.0,"axis":"y"}},{"from":[-1.4884377,7.0,15.346165],"to":[0.111561775,9.1,16.346165],"faces":{"east":{"uv":[15.076923,2.923077,15.23077,3.2307694],"tintindex":0,"rotation":0,"texture":"#1"},"south":{"uv":[14.615385,10.615385,14.846155,10.923078],"tintindex":0,"rotation":0,"texture":"#1"},"north":{"uv":[10.615385,14.615385,10.846155,14.923078],"tintindex":0,"rotation":0,"texture":"#1"},"west":{"uv":[3.2307694,15.076923,3.3846157,15.384616],"tintindex":0,"rotation":0,"texture":"#1"},"up":{"uv":[12.538463,15.23077,12.307693,15.076923],"tintindex":0,"rotation":0,"texture":"#1"},"down":{"uv":[13.307693,15.076923,13.076923,15.23077],"tintindex":0,"rotation":0,"texture":"#1"}},"rotation":{"origin":[3.6115618,10.0,6.646164],"angle":45.0,"axis":"y"}},{"from":[7.7,7.200001,7.299999],"to":[8.3,8.800001,17.7],"faces":{"east":{"uv":[9.692308,9.692308,11.307693,9.923078],"tintindex":0,"rotation":0,"texture":"#1"},"south":{"uv":[4.7692313,15.23077,4.846154,15.461538],"tintindex":0,"rotation":0,"texture":"#1"},"north":{"uv":[4.615385,15.23077,4.692308,15.461538],"tintindex":0,"rotation":0,"texture":"#1"},"west":{"uv":[9.846155,3.0769231,11.461538,3.3076925],"tintindex":0,"rotation":0,"texture":"#1"},"up":{"uv":[2.5384614,15.000001,2.4615388,13.384616],"tintindex":0,"rotation":0,"texture":"#1"},"down":{"uv":[3.3076925,13.384616,3.2307694,15.000001],"tintindex":0,"rotation":0,"texture":"#1"}}},{"from":[8.0,8.800001,7.299999],"to":[8.0,11.400002,17.7],"faces":{"east":{"uv":[6.7692313,4.461539,8.384616,4.846154],"tintindex":0,"rotation":0,"texture":"#1"},"west":{"uv":[7.3846154,2.7692308,9.0,3.1538463],"tintindex":0,"rotation":0,"texture":"#1"}}},{"from":[-1.4884377,7.0,9.346165],"to":[0.111561775,9.1,10.346165],"faces":{"east":{"uv":[14.923078,11.23077,15.076923,11.538463],"tintindex":0,"rotation":0,"texture":"#1"},"south":{"uv":[5.076923,14.615385,5.3076925,14.923078],"tintindex":0,"rotation":0,"texture":"#1"},"north":{"uv":[2.7692308,14.615385,3.0000002,14.923078],"tintindex":0,"rotation":0,"texture":"#1"},"west":{"uv":[12.769231,14.923078,12.923078,15.23077],"tintindex":0,"rotation":0,"texture":"#1"},"up":{"uv":[15.3076935,4.9230776,15.076923,4.7692313],"tintindex":0,"rotation":0,"texture":"#1"},"down":{"uv":[15.3076935,5.846154,15.076923,6.0000005],"tintindex":0,"rotation":0,"texture":"#1"}},"rotation":{"origin":[3.6115618,10.0,0.64616394],"angle":45.0,"axis":"y"}},{"from":[15.888438,7.0,9.346165],"to":[17.488438,9.1,10.346165],"faces":{"east":{"uv":[12.923078,14.923078,13.076923,15.23077],"tintindex":0,"rotation":0,"texture":"#1"},"south":{"uv":[9.076923,14.615385,9.307693,14.923078],"tintindex":0,"rotation":0,"texture":"#1"},"north":{"uv":[8.0,14.615385,8.230769,14.923078],"tintindex":0,"rotation":0,"texture":"#1"},"west":{"uv":[15.076923,1.0769231,15.23077,1.3846154],"tintindex":0,"rotation":0,"texture":"#1"},"up":{"uv":[15.3076935,9.538463,15.076923,9.384616],"tintindex":0,"rotation":0,"texture":"#1"},"down":{"uv":[15.3076935,10.153846,15.076923,10.307693],"tintindex":0,"rotation":0,"texture":"#1"}},"rotation":{"origin":[12.388438,10.0,0.64616394],"angle":-45.0,"axis":"y"}},{"from":[15.888438,7.0,12.346165],"to":[17.488438,9.1,13.346165],"faces":{"east":{"uv":[15.076923,1.3846154,15.23077,1.6923078],"tintindex":0,"rotation":0,"texture":"#1"},"south":{"uv":[9.692308,14.615385,9.923078,14.923078],"tintindex":0,"rotation":0,"texture":"#1"},"north":{"uv":[9.384616,14.615385,9.615385,14.923078],"tintindex":0,"rotation":0,"texture":"#1"},"west":{"uv":[15.076923,1.6923078,15.23077,2.0],"tintindex":0,"rotation":0,"texture":"#1"},"up":{"uv":[15.3076935,10.461538,15.076923,10.307693],"tintindex":0,"rotation":0,"texture":"#1"},"down":{"uv":[15.3076935,10.615385,15.076923,10.769231],"tintindex":0,"rotation":0,"texture":"#1"}},"rotation":{"origin":[12.388438,10.0,3.646164],"angle":-45.0,"axis":"y"}}],"display":{"gui":{"rotation":[30,225,0]}}}