{"textures":{"1":"modelengine:entity/wolfmob41"},"elements":[{"from":[11.404705,6.5,12.767117],"to":[15.404705,9.5,13.767117],"faces":{"east":{"uv":[3.0769231,14.461538,3.2307694,14.923078],"tintindex":0,"rotation":0,"texture":"#1"},"south":{"uv":[10.769231,0.0,11.384616,0.46153846],"tintindex":0,"rotation":0,"texture":"#1"},"north":{"uv":[10.0,3.846154,10.615385,4.3076925],"tintindex":0,"rotation":0,"texture":"#1"},"west":{"uv":[4.615385,14.461538,4.7692313,14.923078],"tintindex":0,"rotation":0,"texture":"#1"},"up":{"uv":[14.3076935,11.538463,13.692308,11.384616],"tintindex":0,"rotation":0,"texture":"#1"},"down":{"uv":[14.461538,5.5384617,13.846155,5.692308],"tintindex":0,"rotation":0,"texture":"#1"}},"rotation":{"origin":[13.404705,8.0,13.267117],"angle":-45.0,"axis":"y"}},{"from":[3.6950555,5.5,10.695923],"to":[7.6950555,10.5,11.695923],"faces":{"east":{"uv":[13.538463,13.538463,13.692308,14.3076935],"tintindex":0,"rotation":0,"texture":"#1"},"south":{"uv":[9.076923,2.3076925,9.692308,3.0769231],"tintindex":0,"rotation":0,"texture":"#1"},"north":{"uv":[1.5384616,9.076923,2.1538463,9.846155],"tintindex":0,"rotation":0,"texture":"#1"},"west":{"uv":[13.692308,0.0,13.846155,0.7692308],"tintindex":0,"rotation":0,"texture":"#1"},"up":{"uv":[14.615385,10.615385,14.000001,10.461538],"tintindex":0,"rotation":0,"texture":"#1"},"down":{"uv":[14.615385,10.615385,14.000001,10.769231],"tintindex":0,"rotation":0,"texture":"#1"}},"rotation":{"origin":[5.6950555,8.0,11.195923],"angle":22.5,"axis":"y"}},{"from":[3.6950555,5.5,14.595922],"to":[7.6950555,10.5,15.595922],"faces":{"east":{"uv":[12.461538,13.538463,12.615385,14.3076935],"tintindex":0,"rotation":0,"texture":"#1"},"south":{"uv":[8.923078,0.7692308,9.538463,1.5384616],"tintindex":0,"rotation":0,"texture":"#1"},"north":{"uv":[8.615385,8.769232,9.23077,9.538463],"tintindex":0,"rotation":0,"texture":"#1"},"west":{"uv":[12.615385,13.538463,12.769231,14.3076935],"tintindex":0,"rotation":0,"texture":"#1"},"up":{"uv":[14.615385,8.923078,14.000001,8.769232],"tintindex":0,"rotation":0,"texture":"#1"},"down":{"uv":[14.615385,8.923078,14.000001,9.076923],"tintindex":0,"rotation":0,"texture":"#1"}},"rotation":{"origin":[5.6950555,8.0,15.095922],"angle":22.5,"axis":"y"}},{"from":[3.6950555,5.5,18.595922],"to":[7.6950555,10.5,19.595922],"faces":{"east":{"uv":[13.538463,12.769231,13.692308,13.538463],"tintindex":0,"rotation":0,"texture":"#1"},"south":{"uv":[5.692308,8.923078,6.3076925,9.692308],"tintindex":0,"rotation":0,"texture":"#1"},"north":{"uv":[8.923078,1.5384616,9.538463,2.3076925],"tintindex":0,"rotation":0,"texture":"#1"},"west":{"uv":[13.384616,13.538463,13.538463,14.3076935],"tintindex":0,"rotation":0,"texture":"#1"},"up":{"uv":[14.615385,10.0,14.000001,9.846155],"tintindex":0,"rotation":0,"texture":"#1"},"down":{"uv":[14.615385,10.0,14.000001,10.153846],"tintindex":0,"rotation":0,"texture":"#1"}},"rotation":{"origin":[5.6950555,8.0,19.095922],"angle":22.5,"axis":"y"}},{"from":[8.304945,5.5,18.595922],"to":[12.304945,10.5,19.595922],"faces":{"east":{"uv":[12.153846,13.538463,12.307693,14.3076935],"tintindex":0,"rotation":0,"texture":"#1"},"south":{"uv":[6.3076925,8.769232,6.9230776,9.538463],"tintindex":0,"rotation":0,"texture":"#1"},"north":{"uv":[8.769232,0.0,9.384616,0.7692308],"tintindex":0,"rotation":0,"texture":"#1"},"west":{"uv":[12.307693,13.538463,12.461538,14.3076935],"tintindex":0,"rotation":0,"texture":"#1"},"up":{"uv":[14.615385,3.2307694,14.000001,3.0769231],"tintindex":0,"rotation":0,"texture":"#1"},"down":{"uv":[14.615385,3.2307694,14.000001,3.3846157],"tintindex":0,"rotation":0,"texture":"#1"}},"rotation":{"origin":[10.304945,8.0,19.095922],"angle":-22.5,"axis":"y"}},{"from":[8.0,9.5,10.0],"to":[8.0,13.5,21.0],"faces":{"east":{"uv":[5.230769,0.0,6.9230776,0.6153847],"tintindex":0,"rotation":0,"texture":"#1"},"west":{"uv":[5.230769,0.6153847,6.9230776,1.2307694],"tintindex":0,"rotation":0,"texture":"#1"}}},{"from":[0.5952945,6.5,12.767117],"to":[4.5952945,9.5,13.767117],"faces":{"east":{"uv":[14.615385,2.0,14.769231,2.4615388],"tintindex":0,"rotation":0,"texture":"#1"},"south":{"uv":[11.076923,4.3076925,11.692308,4.7692313],"tintindex":0,"rotation":0,"texture":"#1"},"north":{"uv":[11.076923,3.846154,11.692308,4.3076925],"tintindex":0,"rotation":0,"texture":"#1"},"west":{"uv":[2.6153846,14.615385,2.7692308,15.076923],"tintindex":0,"rotation":0,"texture":"#1"},"up":{"uv":[14.615385,10.307693,14.000001,10.153846],"tintindex":0,"rotation":0,"texture":"#1"},"down":{"uv":[14.615385,10.307693,14.000001,10.461538],"tintindex":0,"rotation":0,"texture":"#1"}},"rotation":{"origin":[2.5952945,8.0,13.267117],"angle":45.0,"axis":"y"}},{"from":[8.304945,5.5,10.695923],"to":[12.304945,10.5,11.695923],"faces":{"east":{"uv":[6.615385,13.538463,6.7692313,14.3076935],"tintindex":0,"rotation":0,"texture":"#1"},"south":{"uv":[8.615385,6.461539,9.23077,7.230769],"tintindex":0,"rotation":0,"texture":"#1"},"north":{"uv":[8.615385,5.692308,9.23077,6.461539],"tintindex":0,"rotation":0,"texture":"#1"},"west":{"uv":[10.153846,13.538463,10.307693,14.3076935],"tintindex":0,"rotation":0,"texture":"#1"},"up":{"uv":[14.615385,0.7692308,14.000001,0.6153847],"tintindex":0,"rotation":0,"texture":"#1"},"down":{"uv":[14.615385,2.0,14.000001,2.1538463],"tintindex":0,"rotation":0,"texture":"#1"}},"rotation":{"origin":[10.304945,8.0,11.195923],"angle":-22.5,"axis":"y"}},{"from":[8.304945,5.5,14.595922],"to":[12.304945,10.5,15.595922],"faces":{"east":{"uv":[11.846155,13.538463,12.000001,14.3076935],"tintindex":0,"rotation":0,"texture":"#1"},"south":{"uv":[8.615385,8.0,9.23077,8.769232],"tintindex":0,"rotation":0,"texture":"#1"},"north":{"uv":[8.615385,7.230769,9.23077,8.0],"tintindex":0,"rotation":0,"texture":"#1"},"west":{"uv":[12.000001,13.538463,12.153846,14.3076935],"tintindex":0,"rotation":0,"texture":"#1"},"up":{"uv":[14.615385,2.6153846,14.000001,2.4615388],"tintindex":0,"rotation":0,"texture":"#1"},"down":{"uv":[3.2307694,14.000001,2.6153846,14.153847],"tintindex":0,"rotation":0,"texture":"#1"}},"rotation":{"origin":[10.304945,8.0,15.095922],"angle":-22.5,"axis":"y"}},{"from":[7.0,6.5,7.0],"to":[9.0,9.5,21.0],"faces":{"east":{"uv":[5.230769,1.2307694,7.3846154,1.6923078],"tintindex":0,"rotation":0,"texture":"#1"},"south":{"uv":[0.9230769,13.384616,1.2307694,13.846155],"tintindex":0,"rotation":0,"texture":"#1"},"north":{"uv":[12.769231,13.23077,13.076923,13.692308],"tintindex":0,"rotation":0,"texture":"#1"},"west":{"uv":[5.230769,1.6923078,7.3846154,2.1538463],"tintindex":0,"rotation":0,"texture":"#1"},"up":{"uv":[6.615385,8.769232,6.3076925,6.615385],"tintindex":0,"rotation":0,"texture":"#1"},"down":{"uv":[6.9230776,6.615385,6.615385,8.769232],"tintindex":0,"rotation":0,"texture":"#1"}}},{"from":[0.5952945,6.5,20.667118],"to":[4.5952945,9.5,21.667118],"faces":{"east":{"uv":[12.769231,14.461538,12.923078,14.923078],"tintindex":0,"rotation":0,"texture":"#1"},"south":{"uv":[11.076923,3.3846157,11.692308,3.846154],"tintindex":0,"rotation":0,"texture":"#1"},"north":{"uv":[11.076923,2.6153846,11.692308,3.0769231],"tintindex":0,"rotation":0,"texture":"#1"},"west":{"uv":[12.923078,14.461538,13.076923,14.923078],"tintindex":0,"rotation":0,"texture":"#1"},"up":{"uv":[9.846155,14.153847,9.23077,14.000001],"tintindex":0,"rotation":0,"texture":"#1"},"down":{"uv":[14.615385,9.692308,14.000001,9.846155],"tintindex":0,"rotation":0,"texture":"#1"}},"rotation":{"origin":[2.5952945,8.0,21.167118],"angle":45.0,"axis":"y"}},{"from":[11.404705,6.5,16.667118],"to":[15.404705,9.5,17.667118],"faces":{"east":{"uv":[5.692308,14.461538,5.846154,14.923078],"tintindex":0,"rotation":0,"texture":"#1"},"south":{"uv":[10.769231,6.3076925,11.384616,6.7692313],"tintindex":0,"rotation":0,"texture":"#1"},"north":{"uv":[10.769231,5.846154,11.384616,6.3076925],"tintindex":0,"rotation":0,"texture":"#1"},"west":{"uv":[6.7692313,14.461538,6.9230776,14.923078],"tintindex":0,"rotation":0,"texture":"#1"},"up":{"uv":[14.615385,2.3076925,14.000001,2.1538463],"tintindex":0,