{"textures":{"1":"modelengine:entity/wolfmob41"},"elements":[{"from":[3.411562,6.9000015,11.546165],"to":[5.611562,9.1,12.546164],"faces":{"east":{"uv":[9.384616,14.923078,9.538463,15.23077],"tintindex":0,"rotation":0,"texture":"#1"},"south":{"uv":[9.846155,14.000001,10.153846,14.3076935],"tintindex":0,"rotation":0,"texture":"#1"},"north":{"uv":[8.0,14.000001,8.307693,14.3076935],"tintindex":0,"rotation":0,"texture":"#1"},"west":{"uv":[9.538463,14.923078,9.692308,15.23077],"tintindex":0,"rotation":0,"texture":"#1"},"up":{"uv":[15.23077,9.23077,14.923078,9.076923],"tintindex":0,"rotation":0,"texture":"#1"},"down":{"uv":[10.0,14.923078,9.692308,15.076923],"tintindex":0,"rotation":0,"texture":"#1"}},"rotation":{"origin":[3.6115618,10.0,12.046165],"angle":45.0,"axis":"y"}},{"from":[4.7950554,5.9000015,15.895922],"to":[7.6950555,10.1,16.895922],"faces":{"east":{"uv":[5.846154,14.153847,6.0000005,14.769231],"tintindex":0,"rotation":0,"texture":"#1"},"south":{"uv":[4.1538463,11.23077,4.615385,11.846155],"tintindex":0,"rotation":0,"texture":"#1"},"north":{"uv":[1.3846154,11.23077,1.8461539,11.846155],"tintindex":0,"rotation":0,"texture":"#1"},"west":{"uv":[14.153847,6.0000005,14.3076935,6.615385],"tintindex":0,"rotation":0,"texture":"#1"},"up":{"uv":[15.076923,8.307693,14.615385,8.153847],"tintindex":0,"rotation":0,"texture":"#1"},"down":{"uv":[9.076923,14.615385,8.615385,14.769231],"tintindex":0,"rotation":0,"texture":"#1"}},"rotation":{"origin":[5.6950555,8.0,16.395922],"angle":22.5,"axis":"y"}},{"from":[8.304945,5.9000015,15.895922],"to":[11.204945,10.1,16.895922],"faces":{"east":{"uv":[5.076923,14.000001,5.230769,14.615385],"tintindex":0,"rotation":0,"texture":"#1"},"south":{"uv":[10.923078,0.46153846,11.384616,1.0769231],"tintindex":0,"rotation":0,"texture":"#1"},"north":{"uv":[10.153846,10.769231,10.615385,11.384616],"tintindex":0,"rotation":0,"texture":"#1"},"west":{"uv":[5.230769,14.000001,5.3846154,14.615385],"tintindex":0,"rotation":0,"texture":"#1"},"up":{"uv":[0.46153846,14.769231,0.0,14.615385],"tintindex":0,"rotation":0,"texture":"#1"},"down":{"uv":[15.076923,0.6153847,14.615385,0.7692308],"tintindex":0,"rotation":0,"texture":"#1"}},"rotation":{"origin":[10.304945,8.0,16.395922],"angle":-22.5,"axis":"y"}},{"from":[8.0,8.900002,7.6000004],"to":[8.0,12.1,21.6],"faces":{"east":{"uv":[5.230769,2.1538463,7.3846154,2.6153846],"tintindex":0,"rotation":0,"texture":"#1"},"west":{"uv":[5.230769,2.6153846,7.3846154,3.0769231],"tintindex":0,"rotation":0,"texture":"#1"}}},{"from":[4.7950554,5.9000015,9.895924],"to":[7.6950555,10.1,10.895924],"faces":{"east":{"uv":[7.230769,14.000001,7.3846154,14.615385],"tintindex":0,"rotation":0,"texture":"#1"},"south":{"uv":[11.076923,10.615385,11.538463,11.23077],"tintindex":0,"rotation":0,"texture":"#1"},"north":{"uv":[11.076923,10.0,11.538463,10.615385],"tintindex":0,"rotation":0,"texture":"#1"},"west":{"uv":[14.000001,11.538463,14.153847,12.153846],"tintindex":0,"rotation":0,"texture":"#1"},"up":{"uv":[7.3846154,14.769231,6.9230776,14.615385],"tintindex":0,"rotation":0,"texture":"#1"},"down":{"uv":[15.076923,7.692308,14.615385,7.846154],"tintindex":0,"rotation":0,"texture":"#1"}},"rotation":{"origin":[5.6950555,8.0,10.395924],"angle":22.5,"axis":"y"}},{"from":[3.411562,6.9000015,20.546164],"to":[5.611562,9.1,21.546164],"faces":{"east":{"uv":[14.923078,10.615385,15.076923,10.923078],"tintindex":0,"rotation":0,"texture":"#1"},"south":{"uv":[14.153847,6.9230776,14.461538,7.230769],"tintindex":0,"rotation":0,"texture":"#1"},"north":{"uv":[14.153847,6.615385,14.461538,6.9230776],"tintindex":0,"rotation":0,"texture":"#1"},"west":{"uv":[11.076923,14.923078,11.23077,15.23077],"tintindex":0,"rotation":0,"texture":"#1"},"up":{"uv":[15.23077,11.23077,14.923078,11.076923],"tintindex":0,"rotation":0,"texture":"#1"},"down":{"uv":[11.538463,14.923078,11.23077,15.076923],"tintindex":0,"rotation":0,"texture":"#1"}},"rotation":{"origin":[3.6115618,10.0,21.046164],"angle":45.0,"axis":"y"}},{"from":[10.388438,6.9000015,17.546164],"to":[12.588438,9.1,18.546164],"faces":{"east":{"uv":[8.153847,14.923078,8.307693,15.23077],"tintindex":0,"rotation":0,"texture":"#1"},"south":{"uv":[4.7692313,14.000001,5.076923,14.3076935],"tintindex":0,"rotation":0,"texture":"#1"},"north":{"uv":[4.461539,14.000001,4.7692313,14.3076935],"tintindex":0,"rotation":0,"texture":"#1"},"west":{"uv":[8.307693,14.923078,8.461539,15.23077],"tintindex":0,"rotation":0,"texture":"#1"},"up":{"uv":[15.23077,2.4615388,14.923078,2.3076925],"tintindex":0,"rotation":0,"texture":"#1"},"down":{"uv":[15.23077,2.7692308,14.923078,2.923077],"tintindex":0,"rotation":0,"texture":"#1"}},"rotation":{"origin":[12.388438,10.0,18.046164],"angle":-45.0,"axis":"y"}},{"from":[4.7950554,5.9000015,12.895922],"to":[7.6950555,10.1,13.895922],"faces":{"east":{"uv":[14.153847,3.6923077,14.3076935,4.3076925],"tintindex":0,"rotation":0,"texture":"#1"},"south":{"uv":[0.9230769,11.23077,1.3846154,11.846155],"tintindex":0,"rotation":0,"texture":"#1"},"north":{"uv":[0.46153846,11.23077,0.9230769,11.846155],"tintindex":0,"rotation":0,"texture":"#1"},"west":{"uv":[14.153847,4.3076925,14.3076935,4.9230776],"tintindex":0,"rotation":0,"texture":"#1"},"up":{"uv":[15.076923,8.0,14.615385,7.846154],"tintindex":0,"rotation":0,"texture":"#1"},"down":{"uv":[15.076923,8.0,14.615385,8.153847],"tintindex":0,"rotation":0,"texture":"#1"}},"rotation":{"origin":[5.6950555,8.0,13.395922],"angle":22.5,"axis":"y"}},{"from":[10.388438,6.9000015,11.546165],"to":[12.588438,9.1,12.546164],"faces":{"east":{"uv":[6.1538463,14.923078,6.3076925,15.23077],"tintindex":0,"rotation":0,"texture":"#1"},"south":{"uv":[3.5384617,14.000001,3.846154,14.3076935],"tintindex":0,"rotation":0,"texture":"#1"},"north":{"uv":[14.000001,3.3846157,14.3076935,3.6923077],"tintindex":0,"rotation":0,"texture":"#1"},"west":{"uv":[6.7692313,14.923078,6.9230776,15.23077],"tintindex":0,"rotation":0,"texture":"#1"},"up":{"uv":[12.615385,11.846155,12.307693,11.692308],"tintindex":0,"rotation":0,"texture":"#1"},"down":{"uv":[0.30769235,12.461538,0.0,12.615385],"tintindex":0,"rotation":0,"texture":"#1"}},"rotation":{"origin":[12.388438,10.0,12.046165],"angle":-45.0,"axis":"y"}},{"from":[3.411562,6.9000015,14.546164],"to":[5.611562,9.1,15.546164],"faces":{"east":{"uv":[14.923078,9.692308,15.076923,10.0],"tintindex":0,"rotation":0,"texture":"#1"},"south":{"uv":[2.923077,14.153847,3.2307694,14.461538],"tintindex":0,"rotation":0,"texture":"#1"},"north":{"uv":[2.6153846,14.153847,2.923077,14.461538],"tintindex":0,"rotation":0,"texture":"#1"},"west":{"uv":[10.0,14.923078,10.153846,15.23077],"tintindex":0,"rotation":0,"texture":"#1"},"up":{"uv":[15.23077,10.153846,14.923078,10.0],"tintindex":0,"rotation":0,"texture":"#1"},"down":{"uv":[10.461538,14.923078,10.153846,15.076923],"tintindex":0,"rotation":0,"texture":"#1"}},"rotation":{"origin":[3.6115618,10.0,15.046164],"angle":45.0,"axis":"y"}},{"from":[4.7950554,5.9000015,18.895922],"to":[7.6950555,10.1,19.895922],"faces":{"east":{"uv":[14.153847,7.230769,14.3076935,7.846154],"tintindex":0,"rotation":0,"texture":"#1"},"south":{"uv":[6.0000005,11.23077,6.461539,11.846155],"tintindex":0,"rotation":0,"texture":"#1"},"north":{"uv":[4.615385,11.23077,5.076923,11.846155],"tintindex":0,"rotation":0,"texture":"#1"},"west":{"uv":[14.153847,7.846154,14.3076935,8.461539],"tintindex":0,"rotation":0,"texture":"#1"},"up":{"uv":[15.076923,8.923078,14.615385,8.769232],"tintindex":0,"rotation":0,"texture":"#1"},"down":{"uv":[15.076923,8.923078,14.615385,9.076923],"tintindex":0,"rotation":0,"texture":"#1"}},"rotation":{"origin":[5.6950555,8.0,19.395922],"angle":22.5,"axis":"y"}},{"from":[8.304945,5.9000015,9.895924],"to":[11.204945,10.1,10.895924],"faces":{"east":{"uv":[10.153846,6.0000005,10.307693,6.615385],"tintindex":0,"rotation":0,"texture":"#1"},"south":{"uv":[10.769231,8.307693,11.23077,8.923078],"tintindex":0,"rotation":0,"texture":"#1"},"north":{"uv":[10.769231,7.692308,11.23077,8.307693],"tintindex":0,"rotation":0,