{"textures":{"1":"modelengine:entity/wolfmob41"},"elements":[{"from":[1.9343982,6.700001,17.36097],"to":[5.3343983,9.300001,18.36097],"faces":{"east":{"uv":[6.9230776,14.769231,7.0769234,15.153847],"tintindex":0,"rotation":0,"texture":"#1"},"south":{"uv":[8.615385,12.153846,9.153846,12.538463],"tintindex":0,"rotation":0,"texture":"#1"},"north":{"uv":[12.153846,8.153847,12.692308,8.538462],"tintindex":0,"rotation":0,"texture":"#1"},"west":{"uv":[14.769231,6.9230776,14.923078,7.3076925],"tintindex":0,"rotation":0,"texture":"#1"},"up":{"uv":[14.846155,4.0,14.3076935,3.846154],"tintindex":0,"rotation":0,"texture":"#1"},"down":{"uv":[14.846155,4.0,14.3076935,4.1538463],"tintindex":0,"rotation":0,"texture":"#1"}},"rotation":{"origin":[3.3343983,9.0,17.86097],"angle":45.0,"axis":"y"}},{"from":[10.665602,6.700001,14.3609705],"to":[14.065601,9.300001,15.3609705],"faces":{"east":{"uv":[1.3846154,14.769231,1.5384616,15.153847],"tintindex":0,"rotation":0,"texture":"#1"},"south":{"uv":[1.6923078,12.153846,2.2307694,12.538463],"tintindex":0,"rotation":0,"texture":"#1"},"north":{"uv":[1.0769231,12.153846,1.6153847,12.538463],"tintindex":0,"rotation":0,"texture":"#1"},"west":{"uv":[1.5384616,14.769231,1.6923078,15.153847],"tintindex":0,"rotation":0,"texture":"#1"},"up":{"uv":[14.692308,9.692308,14.153847,9.538463],"tintindex":0,"rotation":0,"texture":"#1"},"down":{"uv":[14.846155,1.6923078,14.3076935,1.8461539],"tintindex":0,"rotation":0,"texture":"#1"}},"rotation":{"origin":[12.665602,9.0,14.8609705],"angle":-45.0,"axis":"y"}},{"from":[4.495055,5.700001,12.595923],"to":[7.6950555,10.300001,13.595923],"faces":{"east":{"uv":[12.923078,13.692308,13.076923,14.384616],"tintindex":0,"rotation":0,"texture":"#1"},"south":{"uv":[4.1538463,10.461538,4.615385,11.153846],"tintindex":0,"rotation":0,"texture":"#1"},"north":{"uv":[1.3846154,10.461538,1.8461539,11.153846],"tintindex":0,"rotation":0,"texture":"#1"},"west":{"uv":[13.692308,13.538463,13.846155,14.23077],"tintindex":0,"rotation":0,"texture":"#1"},"up":{"uv":[15.076923,2.6153846,14.615385,2.4615388],"tintindex":0,"rotation":0,"texture":"#1"},"down":{"uv":[15.076923,2.6153846,14.615385,2.7692308],"tintindex":0,"rotation":0,"texture":"#1"}},"rotation":{"origin":[5.6950555,8.0,13.095923],"angle":22.5,"axis":"y"}},{"from":[7.2,6.700001,7.0],"to":[8.8,9.300001,21.0],"faces":{"east":{"uv":[3.6923077,6.1538463,5.846154,6.5384617],"tintindex":0,"rotation":0,"texture":"#1"},"south":{"uv":[13.076923,14.153847,13.307693,14.538463],"tintindex":0,"rotation":0,"texture":"#1"},"north":{"uv":[11.538463,14.153847,11.769231,14.538463],"tintindex":0,"rotation":0,"texture":"#1"},"west":{"uv":[5.846154,6.1538463,8.0,6.5384617],"tintindex":0,"rotation":0,"texture":"#1"},"up":{"uv":[5.3076925,10.769231,5.076923,8.615385],"tintindex":0,"rotation":0,"texture":"#1"},"down":{"uv":[5.615385,8.615385,5.3846154,10.769231],"tintindex":0,"rotation":0,"texture":"#1"}}},{"from":[4.495055,5.700001,15.595923],"to":[7.6950555,10.300001,16.595924],"faces":{"east":{"uv":[13.846155,0.0,14.000001,0.6923077],"tintindex":0,"rotation":0,"texture":"#1"},"south":{"uv":[6.1538463,10.461538,6.615385,11.153846],"tintindex":0,"rotation":0,"texture":"#1"},"north":{"uv":[4.615385,10.461538,5.076923,11.153846],"tintindex":0,"rotation":0,"texture":"#1"},"west":{"uv":[0.9230769,13.846155,1.0769231,14.538463],"tintindex":0,"rotation":0,"texture":"#1"},"up":{"uv":[15.076923,3.0769231,14.615385,2.923077],"tintindex":0,"rotation":0,"texture":"#1"},"down":{"uv":[15.076923,3.0769231,14.615385,3.2307694],"tintindex":0,"rotation":0,"texture":"#1"}},"rotation":{"origin":[5.6950555,8.0,16.095924],"angle":22.5,"axis":"y"}},{"from":[8.304945,5.700001,9.595923],"to":[11.504945,10.300001,10.595923],"faces":{"east":{"uv":[13.692308,7.230769,13.846155,7.9230776],"tintindex":0,"rotation":0,"texture":"#1"},"south":{"uv":[10.307693,6.0000005,10.769231,6.692308],"tintindex":0,"rotation":0,"texture":"#1"},"north":{"uv":[10.153846,10.0,10.615385,10.692308],"tintindex":0,"rotation":0,"texture":"#1"},"west":{"uv":[7.3846154,13.692308,7.5384617,14.384616],"tintindex":0,"rotation":0,"texture":"#1"},"up":{"uv":[14.923078,5.692308,14.461538,5.5384617],"tintindex":0,"rotation":0,"texture":"#1"},"down":{"uv":[14.923078,7.5384617,14.461538,7.692308],"tintindex":0,"rotation":0,"texture":"#1"}},"rotation":{"origin":[10.304945,8.0,10.095923],"angle":-22.5,"axis":"y"}},{"from":[1.9343982,6.700001,11.3609705],"to":[5.3343983,9.300001,12.3609705],"faces":{"east":{"uv":[7.3846154,14.769231,7.5384617,15.153847],"tintindex":0,"rotation":0,"texture":"#1"},"south":{"uv":[12.153846,11.076923,12.692308,11.461538],"tintindex":0,"rotation":0,"texture":"#1"},"north":{"uv":[12.153846,10.615385,12.692308,11.000001],"tintindex":0,"rotation":0,"texture":"#1"},"west":{"uv":[7.5384617,14.769231,7.692308,15.153847],"tintindex":0,"rotation":0,"texture":"#1"},"up":{"uv":[14.846155,4.461539,14.3076935,4.3076925],"tintindex":0,"rotation":0,"texture":"#1"},"down":{"uv":[14.846155,4.461539,14.3076935,4.615385],"tintindex":0,"rotation":0,"texture":"#1"}},"rotation":{"origin":[3.3343983,9.0,11.8609705],"angle":45.0,"axis":"y"}},{"from":[8.304945,5.700001,15.595923],"to":[11.504945,10.300001,16.595924],"faces":{"east":{"uv":[7.846154,13.692308,8.0,14.384616],"tintindex":0,"rotation":0,"texture":"#1"},"south":{"uv":[0.46153846,10.461538,0.9230769,11.153846],"tintindex":0,"rotation":0,"texture":"#1"},"north":{"uv":[10.307693,8.307693,10.769231,9.0],"tintindex":0,"rotation":0,"texture":"#1"},"west":{"uv":[13.692308,8.0,13.846155,8.692308],"tintindex":0,"rotation":0,"texture":"#1"},"up":{"uv":[14.923078,8.769232,14.461538,8.615385],"tintindex":0,"rotation":0,"texture":"#1"},"down":{"uv":[9.538463,14.461538,9.076923,14.615385],"tintindex":0,"rotation":0,"texture":"#1"}},"rotation":{"origin":[10.304945,8.0,16.095924],"angle":-22.5,"axis":"y"}},{"from":[10.665602,6.700001,11.3609705],"to":[14.065601,9.300001,12.3609705],"faces":{"east":{"uv":[1.2307694,14.769231,1.3846154,15.153847],"tintindex":0,"rotation":0,"texture":"#1"},"south":{"uv":[12.153846,0.30769235,12.692308,0.6923077],"tintindex":0,"rotation":0,"texture":"#1"},"north":{"uv":[12.000001,11.846155,12.538463,12.23077],"tintindex":0,"rotation":0,"texture":"#1"},"west":{"uv":[14.769231,1.2307694,14.923078,1.6153847],"tintindex":0,"rotation":0,"texture":"#1"},"up":{"uv":[14.538463,10.923078,14.000001,10.769231],"tintindex":0,"rotation":0,"texture":"#1"},"down":{"uv":[14.692308,9.23077,14.153847,9.384616],"tintindex":0,"rotation":0,"texture":"#1"}},"rotation":{"origin":[12.665602,9.0,11.8609705],"angle":-45.0,"axis":"y"}},{"from":[8.0,9.300001,7.0],"to":[8.0,12.900002,21.0],"faces":{"east":{"uv":[4.615385,4.0,6.7692313,4.5384617],"tintindex":0,"rotation":0,"texture":"#1"},"west":{"uv":[4.615385,4.615385,6.7692313,5.1538463],"tintindex":0,"rotation":0,"texture":"#1"}}},{"from":[10.665602,6.700001,20.36097],"to":[14.065601,9.300001,21.36097],"faces":{"east":{"uv":[3.3846157,14.769231,3.5384617,15.153847],"tintindex":0,"rotation":0,"texture":"#1"},"south":{"uv":[6.7692313,12.153846,7.3076925,12.538463],"tintindex":0,"rotation":0,"texture":"#1"},"north":{"uv":[12.153846,6.0000005,12.692308,6.3846154],"tintindex":0,"rotation":0,"texture":"#1"},"west":{"uv":[3.5384617,14.769231,3.6923077,15.153847],"tintindex":0,"rotation":0,"texture":"#1"},"up":{"uv":[14.846155,3.5384617,14.3076935,3.3846157],"tintindex":0,"rotation":0,"texture":"#1"},"down":{"uv":[4.0769234,14.3076935,3.5384617,14.461538],"tintindex":0,"rotation":0,"texture":"#1"}},"rotation":{"origin":[12.665602,9.0,20.86097],"angle":-45.0,"axis":"y"}},{"from":[10.665602,6.700001,17.36097],"to":[14.065601,9.300001,18.36097],"faces":{"east":{"uv":[14.769231,2.0,14.923078,2.3846157],"tintindex":0,"rotation":0,"texture":"#1"},"south":{"uv":[12.153846,5.5384617,12.692308,5.9230776],"tintindex":0,"rotation":0,"texture":"#1"},"north":{"uv":[12.153846,5.076923,12.692308,5.461539],"tintindex":0,"rotation":0,"texture":"#1"},