{"textures":{"1":"modelengine:entity/wolfmob41"},"elements":[{"from":[-2.2884378,6.700001,16.946163],"to":[0.111561775,9.300001,17.946163],"faces":{"east":{"uv":[14.769231,11.076923,14.923078,11.461538],"tintindex":0,"rotation":0,"texture":"#1"},"south":{"uv":[13.076923,0.0,13.461538,0.3846154],"tintindex":0,"rotation":0,"texture":"#1"},"north":{"uv":[0.0,13.076923,0.3846154,13.461538],"tintindex":0,"rotation":0,"texture":"#1"},"west":{"uv":[11.538463,14.769231,11.692308,15.153847],"tintindex":0,"rotation":0,"texture":"#1"},"up":{"uv":[15.153847,13.076923,14.769231,12.923078],"tintindex":0,"rotation":0,"texture":"#1"},"down":{"uv":[15.153847,13.076923,14.769231,13.23077],"tintindex":0,"rotation":0,"texture":"#1"}},"rotation":{"origin":[3.6115618,10.0,8.246162],"angle":45.0,"axis":"y"}},{"from":[9.888438,6.700001,10.946163],"to":[12.288438,9.300001,11.946163],"faces":{"east":{"uv":[3.6923077,14.769231,3.846154,15.153847],"tintindex":0,"rotation":0,"texture":"#1"},"south":{"uv":[12.923078,1.6923078,13.307693,2.0769231],"tintindex":0,"rotation":0,"texture":"#1"},"north":{"uv":[12.923078,1.2307694,13.307693,1.6153847],"tintindex":0,"rotation":0,"texture":"#1"},"west":{"uv":[3.846154,14.769231,4.0,15.153847],"tintindex":0,"rotation":0,"texture":"#1"},"up":{"uv":[4.384616,14.923078,4.0,14.769231],"tintindex":0,"rotation":0,"texture":"#1"},"down":{"uv":[15.153847,4.9230776,14.769231,5.076923],"tintindex":0,"rotation":0,"texture":"#1"}},"rotation":{"origin":[12.388438,10.0,8.246162],"angle":-45.0,"axis":"y"}},{"from":[-0.28843784,6.700001,14.946163],"to":[2.1115618,9.300001,15.946163],"faces":{"east":{"uv":[8.923078,14.769231,9.076923,15.153847],"tintindex":0,"rotation":0,"texture":"#1"},"south":{"uv":[12.923078,12.153846,13.307693,12.538463],"tintindex":0,"rotation":0,"texture":"#1"},"north":{"uv":[12.923078,11.692308,13.307693,12.076923],"tintindex":0,"rotation":0,"texture":"#1"},"west":{"uv":[10.923078,14.769231,11.076923,15.153847],"tintindex":0,"rotation":0,"texture":"#1"},"up":{"uv":[15.153847,11.076923,14.769231,10.923078],"tintindex":0,"rotation":0,"texture":"#1"},"down":{"uv":[11.461538,14.769231,11.076923,14.923078],"tintindex":0,"rotation":0,"texture":"#1"}},"rotation":{"origin":[3.6115618,10.0,8.246162],"angle":45.0,"axis":"y"}},{"from":[13.888438,6.700001,14.946163],"to":[16.288437,9.300001,15.946163],"faces":{"east":{"uv":[4.9230776,14.769231,5.076923,15.153847],"tintindex":0,"rotation":0,"texture":"#1"},"south":{"uv":[12.923078,3.0769231,13.307693,3.4615388],"tintindex":0,"rotation":0,"texture":"#1"},"north":{"uv":[2.923077,12.923078,3.3076925,13.307693],"tintindex":0,"rotation":0,"texture":"#1"},"west":{"uv":[5.3846154,14.769231,5.5384617,15.153847],"tintindex":0,"rotation":0,"texture":"#1"},"up":{"uv":[15.153847,5.5384617,14.769231,5.3846154],"tintindex":0,"rotation":0,"texture":"#1"},"down":{"uv":[6.230769,14.769231,5.846154,14.923078],"tintindex":0,"rotation":0,"texture":"#1"}},"rotation":{"origin":[12.388438,10.0,8.246162],"angle":-45.0,"axis":"y"}},{"from":[15.888438,6.700001,16.946163],"to":[18.288437,9.300001,17.946163],"faces":{"east":{"uv":[5.5384617,14.769231,5.692308,15.153847],"tintindex":0,"rotation":0,"texture":"#1"},"south":{"uv":[4.7692313,12.923078,5.1538463,13.307693],"tintindex":0,"rotation":0,"texture":"#1"},"north":{"uv":[12.923078,3.5384617,13.307693,3.923077],"tintindex":0,"rotation":0,"texture":"#1"},"west":{"uv":[6.3076925,14.769231,6.461539,15.153847],"tintindex":0,"rotation":0,"texture":"#1"},"up":{"uv":[15.153847,6.7692313,14.769231,6.615385],"tintindex":0,"rotation":0,"texture":"#1"},"down":{"uv":[15.153847,6.7692313,14.769231,6.9230776],"tintindex":0,"rotation":0,"texture":"#1"}},"rotation":{"origin":[12.388438,10.0,8.246162],"angle":-45.0,"axis":"y"}},{"from":[1.7115622,6.700001,12.946163],"to":[4.111562,9.300001,13.946163],"faces":{"east":{"uv":[8.615385,14.769231,8.769232,15.153847],"tintindex":0,"rotation":0,"texture":"#1"},"south":{"uv":[9.692308,12.923078,10.076923,13.307693],"tintindex":0,"rotation":0,"texture":"#1"},"north":{"uv":[9.23077,12.923078,9.615385,13.307693],"tintindex":0,"rotation":0,"texture":"#1"},"west":{"uv":[8.769232,14.769231,8.923078,15.153847],"tintindex":0,"rotation":0,"texture":"#1"},"up":{"uv":[15.153847,9.384616,14.769231,9.23077],"tintindex":0,"rotation":0,"texture":"#1"},"down":{"uv":[15.153847,9.538463,14.769231,9.692308],"tintindex":0,"rotation":0,"texture":"#1"}},"rotation":{"origin":[3.6115618,10.0,8.246162],"angle":45.0,"axis":"y"}},{"from":[3.7115622,6.700001,10.946163],"to":[6.111562,9.300001,11.946163],"faces":{"east":{"uv":[7.692308,14.769231,7.846154,15.153847],"tintindex":0,"rotation":0,"texture":"#1"},"south":{"uv":[8.0,12.923078,8.384616,13.307693],"tintindex":0,"rotation":0,"texture":"#1"},"north":{"uv":[5.230769,12.923078,5.615385,13.307693],"tintindex":0,"rotation":0,"texture":"#1"},"west":{"uv":[7.846154,14.769231,8.0,15.153847],"tintindex":0,"rotation":0,"texture":"#1"},"up":{"uv":[15.153847,7.5384617,14.769231,7.3846154],"tintindex":0,"rotation":0,"texture":"#1"},"down":{"uv":[15.153847,8.307693,14.769231,8.461539],"tintindex":0,"rotation":0,"texture":"#1"}},"rotation":{"origin":[3.6115618,10.0,8.246162],"angle":45.0,"axis":"y"}},{"from":[8.0,8.900002,6.8999977],"to":[8.0,11.700001,18.899998],"faces":{"east":{"uv":[5.692308,5.230769,7.5384617,5.692308],"tintindex":0,"rotation":0,"texture":"#1"},"west":{"uv":[5.692308,5.692308,7.5384617,6.1538463],"tintindex":0,"rotation":0,"texture":"#1"}}},{"from":[7.6,7.1000004,6.8999977],"to":[8.4,8.900002,18.899998],"faces":{"east":{"uv":[7.3846154,3.2307694,9.23077,3.5384617],"tintindex":0,"rotation":0,"texture":"#1"},"south":{"uv":[9.23077,14.923078,9.384616,15.23077],"tintindex":0,"rotation":0,"texture":"#1"},"north":{"uv":[9.076923,14.923078,9.23077,15.23077],"tintindex":0,"rotation":0,"texture":"#1"},"west":{"uv":[7.3846154,3.5384617,9.23077,3.846154],"tintindex":0,"rotation":0,"texture":"#1"},"up":{"uv":[6.7692313,12.307693,6.615385,10.461538],"tintindex":0,"rotation":0,"texture":"#1"},"down":{"uv":[0.46153846,10.769231,0.30769235,12.615385],"tintindex":0,"rotation":0,"texture":"#1"}}},{"from":[11.888438,6.700001,12.946163],"to":[14.288438,9.300001,13.946163],"faces":{"east":{"uv":[4.461539,14.769231,4.615385,15.153847],"tintindex":0,"rotation":0,"texture":"#1"},"south":{"uv":[12.923078,2.6153846,13.307693,3.0000002],"tintindex":0,"rotation":0,"texture":"#1"},"north":{"uv":[12.923078,2.1538463,13.307693,2.5384614],"tintindex":0,"rotation":0,"texture":"#1"},"west":{"uv":[4.7692313,14.769231,4.9230776,15.153847],"tintindex":0,"rotation":0,"texture":"#1"},"up":{"uv":[15.153847,5.230769,14.769231,5.076923],"tintindex":0,"rotation":0,"texture":"#1"},"down":{"uv":[15.153847,5.230769,14.769231,5.3846154],"tintindex":0,"rotation":0,"texture":"#1"}},"rotation":{"origin":[12.388438,10.0,8.246162],"angle":-45.0,"axis":"y"}}],"display":{"gui":{"rotation":[30,225,0]}}}